2003-01-24, 2.55, 3.9, 2.5, 3.9, 400.0, 116.99
2003-01-27, 3.9, 4.35, 3.8, 4.35, 700.0, 130.49
2003-01-28, 4.5, 4.65, 4.0, 4.0, 300.0, 119.99
2003-01-29, 4.1, 4.1, 3.7, 3.7, 0.0, 110.99
2003-01-30, 3.75, 4.0, 3.75, 3.75, 0.0, 112.49
2003-01-31, 4.0, 4.0, 3.4, 3.4, 100.0, 101.99
2003-02-03, 3.9, 3.9, 3.9, 3.9, 0.0, 116.99
2003-02-04, 4.0, 4.0, 4.0, 4.0, 0.0, 119.99
2003-02-05, 4.0, 4.0, 3.5, 3.5, 0.0, 104.99
2003-02-06, 3.75, 4.0, 3.75, 4.0, 0.0, 119.99
2003-02-07, 3.75, 4.0, 3.75, 4.0, 0.0, 119.99
2003-02-10, 3.75, 4.0, 3.75, 3.75, 0.0, 112.49
2003-02-11, 3.75, 3.75, 3.75, 3.75, 0.0, 112.49
2003-02-12, 4.0, 4.0, 4.0, 4.0, 0.0, 119.99
2003-02-13, 4.0, 4.0, 4.0, 4.0, 0.0, 119.99
2003-02-14, 3.9, 3.9, 3.9, 3.9, 0.0, 116.99
2003-02-18, 3.9, 3.9, 3.9, 3.9, 0.0, 116.99
2003-02-19, 4.25, 4.25, 3.75, 4.0, 200.0, 119.99
2003-02-20, 4.25, 4.37, 4.0, 4.1, 200.0, 122.99
2003-02-21, 4.0, 4.25, 4.0, 4.0, 100.0, 119.99
2003-02-24, 4.0, 4.3, 4.0, 4.15, 800.0, 124.49
2003-02-25, 4.3, 4.3, 4.3, 4.3, 200.0, 128.99
2003-02-26, 4.07, 4.07, 4.07, 4.07, 200.0, 122.09
2003-02-27, 3.9, 3.9, 3.9, 3.9, 0.0, 116.99
2003-02-28, 4.1, 4.1, 4.0, 4.05, 100.0, 121.49
2003-03-03, 4.05, 4.05, 4.05, 4.05, 0.0, 121.49
2003-03-04, 4.05, 4.05, 4.05, 4.05, 0.0, 121.49
2003-03-05, 3.95, 3.95, 3.95, 3.95, 0.0, 118.49
2003-03-06, 4.02, 4.02, 4.0, 4.02, 0.0, 120.59
2003-03-07, 4.02, 4.02, 4.02, 4.02, 0.0, 120.59
2003-03-10, 3.95, 4.0, 3.9, 3.9, 100.0, 116.99
2003-03-11, 4.02, 4.02, 3.85, 3.85, 0.0, 115.49
2003-03-12, 3.85, 3.85, 3.85, 3.85, 0.0, 115.49
2003-03-13, 3.85, 3.85, 3.85, 3.85, 0.0, 115.49
2003-03-14, 3.85, 3.85, 3.85, 3.85, 0.0, 115.49
2003-03-17, 4.02, 4.02, 4.02, 4.02, 0.0, 120.59
2003-03-18, 4.02, 4.02, 4.0, 4.02, 100.0, 120.59
2003-03-19, 4.02, 4.02, 4.02, 4.02, 0.0, 120.59
2003-03-20, 4.02, 4.02, 4.02, 4.02, 0.0, 120.59
2003-03-21, 3.55, 3.55, 3.55, 3.55, 0.0, 106.49
2003-03-24, 3.55, 3.55, 3.55, 3.55, 0.0, 106.49
2003-03-25, 3.55, 3.55, 3.55, 3.55, 0.0, 106.49
2003-03-26, 3.55, 3.55, 3.55, 3.55, 0.0, 106.49
2003-03-27, 3.55, 3.75, 3.55, 3.55, 0.0, 106.49
2003-03-28, 3.55, 3.65, 3.55, 3.62, 200.0, 108.59
2003-03-31, 3.65, 3.7, 3.62, 3.7, 1400.0, 110.99
2003-04-01, 3.7, 3.7, 3.65, 3.7, 200.0, 110.99
2003-04-02, 3.7, 3.7, 3.7, 3.7, 0.0, 110.99
2003-04-03, 3.65, 3.65, 3.65, 3.65, 0.0, 109.49
2003-04-04, 3.65, 3.65, 3.65, 3.65, 0.0, 109.49
2003-04-07, 3.65, 3.65, 3.65, 3.65, 0.0, 109.49
2003-04-08, 3.65, 3.65, 3.65, 3.65, 0.0, 109.49
2003-04-09, 3.6, 3.6, 3.6, 3.6, 0.0, 107.99
2003-04-10, 3.7, 3.7, 3.6, 3.6, 0.0, 107.99
2003-04-11, 3.6, 3.6, 3.3, 3.3, 100.0, 98.99
2003-04-14, 3.3, 3.3, 3.3, 3.3, 0.0, 98.99
2003-04-15, 3.3, 3.3, 3.3, 3.3, 0.0, 98.99
2003-04-16, 3.3, 3.3, 3.3, 3.3, 0.0, 98.99
2003-04-17, 3.2, 3.2, 2.75, 2.9, 100.0, 86.99
2003-04-21, 3.0, 3.0, 2.5, 2.5, 0.0, 74.99
2003-04-22, 2.5, 2.5, 2.25, 2.25, 100.0, 67.49
2003-04-23, 2.05, 2.05, 2.05, 2.05, 0.0, 61.49
2003-04-24, 2.05, 2.05, 2.05, 2.05, 0.0, 61.49
2003-04-25, 2.05, 2.05, 2.05, 2.05, 0.0, 61.49
2003-04-28, 2.7, 2.7, 2.6, 2.6, 0.0, 77.99
2003-04-29, 2.4, 2.5, 2.05, 2.05, 200.0, 61.49
2003-04-30, 2.5, 2.6, 2.5, 2.55, 100.0, 76.49
2003-05-01, 2.6, 2.6, 2.25, 2.25, 400.0, 67.49
2003-05-02, 2.15, 2.15, 2.15, 2.15, 0.0, 64.49
2003-05-05, 2.1, 2.1, 2.0, 2.0, 0.0, 59.99
2003-05-06, 2.55, 2.55, 2.0, 2.0, 300.0, 59.99
2003-05-07, 2.0, 2.0, 2.0, 2.0, 0.0, 59.99
2003-05-08, 2.05, 2.05, 2.05, 2.05, 0.0, 61.49
2003-05-09, 2.05, 2.05, 2.05, 2.05, 0.0, 61.49
2003-05-12, 2.05, 2.1, 1.96, 1.96, 100.0, 58.79
2003-05-13, 1.96, 1.96, 1.96, 1.96, 0.0, 58.79
2003-05-14, 1.96, 1.96, 1.96, 1.96, 0.0, 58.79
2003-05-15, 1.96, 1.96, 1.96, 1.96, 0.0, 58.79
2003-05-16, 1.96, 1.96, 1.96, 1.96, 0.0, 58.79
2003-05-19, 2.05, 2.05, 2.05, 2.05, 0.0, 61.49
2003-05-20, 2.05, 2.05, 2.05, 2.05, 0.0, 61.49
2003-05-21, 2.05, 2.05, 2.05, 2.05, 0.0, 61.49
2003-05-22, 2.05, 2.05, 2.05, 2.05, 0.0, 61.49
2003-05-23, 2.05, 2.05, 2.05, 2.05, 0.0, 61.49
2003-05-27, 2.2, 2.5, 2.2, 2.5, 0.0, 74.99
2003-05-28, 2.5, 2.5, 2.1, 2.1, 100.0, 62.99
2003-05-29, 2.15, 2.3, 2.15, 2.25, 0.0, 67.49
2003-05-30, 2.3, 2.5, 2.3, 2.45, 400.0, 73.49
2003-06-02, 2.1, 2.2, 1.9, 1.9, 100.0, 56.99
2003-06-03, 1.9, 1.9, 1.75, 1.75, 100.0, 52.49
2003-06-04, 1.6, 1.6, 1.6, 1.6, 100.0, 48.0
2003-06-05, 1.6, 1.6, 1.5, 1.5, 0.0, 45.0
2003-06-06, 1.5, 1.5, 1.5, 1.5, 0.0, 45.0
2003-06-09, 1.5, 1.5, 1.4, 1.4, 100.0, 42.0
2003-06-10, 1.5, 1.5, 1.47, 1.47, 100.0, 44.1
2003-06-11, 1.47, 1.47, 1.47, 1.47, 0.0, 44.1
2003-06-12, 1.47, 1.47, 1.47, 1.47, 0.0, 44.1
2003-06-13, 1.47, 1.47, 1.47, 1.47, 0.0, 44.1
2003-06-16, 1.47, 1.47, 1.47, 1.47, 0.0, 44.1
2003-06-17, 1.47, 1.47, 1.47, 1.47, 0.0, 44.1
2003-06-18, 1.3, 1.3, 1.2, 1.2, 100.0, 36.0
2003-06-19, 1.35, 1.8, 1.35, 1.8, 300.0, 53.99
2003-06-20, 1.6, 1.6, 1.48, 1.6, 200.0, 48.0
2003-06-23, 1.6, 1.6, 1.6, 1.6, 0.0, 48.0
2003-06-24, 1.65, 1.65, 1.6, 1.6, 0.0, 48.0
2003-06-25, 1.6, 1.6, 1.6, 1.6, 0.0, 48.0
2003-06-26, 1.6, 1.6, 1.6, 1.6, 0.0, 48.0
2003-06-27, 1.6, 1.6, 1.6, 1.6, 0.0, 48.0
2003-06-30, 1.6, 1.75, 1.6, 1.75, 0.0, 52.49
2003-07-01, 1.7, 1.75, 1.5, 1.5, 100.0, 45.0
2003-07-02, 1.5, 1.5, 1.5, 1.5, 0.0, 45.0
2003-07-03, 1.5, 1.5, 1.5, 1.5, 0.0, 45.0
2003-07-07, 1.5, 1.5, 1.45, 1.45, 0.0, 43.5
2003-07-08, 1.45, 1.5, 1.45, 1.5, 0.0, 45.0
2003-07-09, 1.4, 1.45, 1.4, 1.45, 0.0, 43.5
2003-07-10, 1.4, 1.4, 1.4, 1.4, 0.0, 42.0
2003-07-11, 1.35, 1.5, 1.35, 1.35, 100.0, 40.5
2003-07-14, 1.5, 1.5, 1.5, 1.5, 0.0, 45.0
2003-07-15, 1.5, 1.5, 1.5, 1.5, 0.0, 45.0
2003-07-16, 1.5, 1.5, 1.5, 1.5, 0.0, 45.0
2003-07-17, 1.5, 1.5, 1.5, 1.5, 0.0, 45.0
2003-07-18, 1.6, 1.6, 1.6, 1.6, 0.0, 48.0
2003-07-21, 1.45, 1.55, 1.45, 1.5, 200.0, 45.0
2003-07-22, 1.6, 1.6, 1.37, 1.45, 100.0, 43.5
2003-07-23, 1.55, 1.55, 1.55, 1.55, 0.0, 46.5
2003-07-24, 1.4, 1.45, 1.4, 1.45, 100.0, 43.5
2003-07-25, 1.45, 1.45, 1.45, 1.45, 0.0, 43.5
2003-07-28, 1.5, 1.5, 1.5, 1.5, 0.0, 45.0
2003-07-29, 1.5, 1.5, 1.5, 1.5, 0.0, 45.0
2003-07-30, 1.5, 1.5, 1.5, 1.5, 0.0, 45.0
2003-07-31, 1.5, 1.5, 1.5, 1.5, 0.0, 45.0
2003-08-01, 1.48, 1.5, 1.48, 1.5, 0.0, 45.0
2003-08-04, 1.5, 1.5, 1.5, 1.5, 0.0, 45.0
2003-08-05, 1.5, 1.5, 1.5, 1.5, 0.0, 45.0
2003-08-06, 1.55, 1.55, 1.52, 1.52, 100.0, 45.6
2003-08-07, 1.5, 1.5, 1.5, 1.5, 0.0, 45.0
2003-08-08, 1.5, 1.5, 1.5, 1.5, 0.0, 45.0
2003-08-11, 1.45, 1.45, 1.3, 1.3, 0.0, 39.0
2003-08-12, 1.3, 1.3, 1.3, 1.3, 0.0, 39.0
2003-08-13, 1.5, 1.5, 1.25, 1.35, 0.0, 40.5
2003-08-14, 1.35, 1.35, 1.35, 1.35, 0.0, 40.5
2003-08-15, 1.35, 1.35, 1.35, 1.35, 0.0, 40.5
2003-08-18, 1.35, 1.35, 1.35, 1.35, 0.0, 40.5
2003-08-19, 1.35, 1.35, 1.35, 1.35, 0.0, 40.5
2003-08-20, 1.3, 1.3, 1.3, 1.3, 100.0, 39.0
2003-08-21, 1.3, 1.3, 1.3, 1.3, 0.0, 39.0
2003-08-22, 1.3, 1.3, 1.3, 1.3, 0.0, 39.0
2003-08-25, 1.3, 1.3, 1.3, 1.3, 0.0, 39.0
2003-08-26, 1.3, 1.3, 1.3, 1.3, 0.0, 39.0
2003-08-27, 1.3, 1.3, 1.3, 1.3, 0.0, 39.0
2003-08-28, 1.3, 1.3, 1.3, 1.3, 0.0, 39.0
2003-08-29, 1.3, 1.3, 1.3, 1.3, 0.0, 39.0
2003-09-02, 1.3, 1.3, 1.3, 1.3, 0.0, 39.0
2003-09-03, 1.3, 1.3, 1.3, 1.3, 0.0, 39.0
2003-09-04, 1.3, 1.3, 1.3, 1.3, 0.0, 39.0
2003-09-05, 1.3, 1.3, 1.3, 1.3, 0.0, 39.0
2003-09-08, 1.3, 1.3, 1.3, 1.3, 0.0, 39.0
2003-09-09, 1.25, 1.25, 1.25, 1.25, 0.0, 37.5
2003-09-10, 1.25, 1.25, 1.25, 1.25, 0.0, 37.5
2003-09-11, 1.25, 1.25, 1.25, 1.25, 0.0, 37.5
2003-09-12, 1.25, 1.25, 1.25, 1.25, 0.0, 37.5
2003-09-15, 1.25, 1.25, 1.25, 1.25, 0.0, 37.5
2003-09-16, 1.25, 1.3, 1.25, 1.3, 100.0, 39.0
2003-09-17, 1.3, 1.3, 1.3, 1.3, 0.0, 39.0
2003-09-18, 1.3, 1.3, 1.3, 1.3, 0.0, 39.0
2003-09-19, 1.3, 1.3, 1.3, 1.3, 0.0, 39.0
2003-09-22, 1.3, 1.3, 1.3, 1.3, 0.0, 39.0
2003-09-23, 1.3, 1.3, 1.3, 1.3, 0.0, 39.0
2003-09-24, 1.35, 1.4, 1.35, 1.4, 0.0, 42.0
2003-09-25, 1.4, 1.4, 1.35, 1.35, 200.0, 40.5
2003-09-26, 1.35, 1.35, 1.35, 1.35, 0.0, 40.5
2003-09-29, 1.35, 1.35, 1.35, 1.35, 0.0, 40.5
2003-09-30, 1.35, 1.35, 1.35, 1.35, 0.0, 40.5
2003-10-01, 1.35, 1.35, 1.35, 1.35, 0.0, 40.5
2003-10-02, 1.35, 1.35, 1.35, 1.35, 0.0, 40.5
2003-10-03, 1.35, 1.35, 1.35, 1.35, 0.0, 40.5
2003-10-06, 1.35, 1.35, 1.35, 1.35, 0.0, 40.5
2003-10-07, 1.35, 1.35, 1.35, 1.35, 0.0, 40.5
2003-10-08, 1.4, 1.4, 1.35, 1.35, 100.0, 40.5
2003-10-09, 1.35, 1.35, 1.35, 1.35, 0.0, 40.5
2003-10-10, 1.35, 1.35, 1.35, 1.35, 0.0, 40.5
2003-10-13, 1.4, 1.4, 1.35, 1.35, 0.0, 40.5
2003-10-14, 1.35, 1.35, 1.35, 1.35, 0.0, 40.5
2003-10-15, 1.35, 1.35, 1.35, 1.35, 0.0, 40.5
2003-10-16, 1.4, 1.4, 1.35, 1.35, 0.0, 40.5
2003-10-17, 1.4, 1.4, 1.4, 1.4, 0.0, 42.0
2003-10-20, 1.4, 1.4, 1.4, 1.4, 0.0, 42.0
2003-10-21, 1.4, 1.4, 1.4, 1.4, 0.0, 42.0
2003-10-22, 1.4, 1.4, 1.4, 1.4, 0.0, 42.0
2003-10-23, 1.4, 1.4, 1.4, 1.4, 0.0, 42.0
2003-10-24, 1.4, 1.4, 1.4, 1.4, 0.0, 42.0
2003-10-27, 1.4, 1.4, 1.4, 1.4, 0.0, 42.0
2003-10-28, 1.4, 1.4, 1.4, 1.4, 0.0, 42.0
2003-10-29, 1.4, 1.4, 1.4, 1.4, 0.0, 42.0
2003-10-30, 1.4, 1.4, 1.4, 1.4, 0.0, 42.0
2003-10-31, 1.4, 1.4, 1.35, 1.35, 0.0, 40.5
2003-11-03, 1.35, 1.35, 1.35, 1.35, 0.0, 40.5
2003-11-04, 1.4, 1.4, 1.35, 1.35, 200.0, 40.5
2003-11-05, 1.35, 1.35, 1.35, 1.35, 0.0, 40.5
2003-11-06, 1.31, 1.4, 1.31, 1.4, 100.0, 42.0
2003-11-07, 1.45, 1.45, 1.4, 1.4, 300.0, 42.0
2003-11-10, 1.5, 1.5, 1.31, 1.35, 300.0, 40.5
2003-11-11, 1.45, 1.45, 1.45, 1.45, 100.0, 43.5
2003-11-12, 1.44, 1.44, 1.4, 1.44, 400.0, 43.2
2003-11-13, 1.45, 1.48, 1.4, 1.4, 600.0, 42.0
2003-11-14, 1.43, 1.43, 1.42, 1.42, 300.0, 42.6
2003-11-17, 1.27, 1.31, 1.26, 1.27, 200.0, 38.1
2003-11-18, 1.27, 1.27, 1.27, 1.27, 0.0, 38.1
2003-11-19, 1.27, 1.27, 1.27, 1.27, 0.0, 38.1
2003-11-20, 1.4, 1.4, 1.4, 1.4, 0.0, 42.0
2003-11-21, 1.4, 1.4, 1.4, 1.4, 0.0, 42.0
2003-11-24, 1.4, 1.4, 1.4, 1.4, 0.0, 42.0
2003-11-25, 1.4, 1.4, 1.4, 1.4, 0.0, 42.0
2003-11-26, 1.4, 1.4, 1.4, 1.4, 0.0, 42.0
2003-11-28, 1.4, 1.4, 1.4, 1.4, 0.0, 42.0
2003-12-01, 1.4, 1.4, 1.4, 1.4, 0.0, 42.0
2003-12-02, 1.27, 1.27, 1.27, 1.27, 0.0, 38.1
2003-12-03, 1.27, 1.27, 1.27, 1.27, 0.0, 38.1
2003-12-04, 1.27, 1.27, 1.27, 1.27, 0.0, 38.1
2003-12-05, 1.26, 1.27, 1.14, 1.14, 400.0, 34.2
2003-12-08, 1.13, 1.15, 1.13, 1.13, 100.0, 33.9
2003-12-09, 1.25, 1.3, 1.14, 1.18, 400.0, 35.4
2003-12-10, 1.1, 1.13, 1.1, 1.13, 0.0, 33.9
2003-12-11, 1.13, 1.13, 1.13, 1.13, 0.0, 33.9
2003-12-12, 1.1, 1.13, 1.1, 1.1, 0.0, 33.0
2003-12-15, 1.1, 1.13, 1.1, 1.13, 100.0, 33.9
2003-12-16, 1.1, 1.13, 1.1, 1.13, 100.0, 33.9
2003-12-17, 1.13, 1.13, 1.13, 1.13, 0.0, 33.9
2003-12-18, 1.2, 1.2, 1.13, 1.13, 0.0, 33.9
2003-12-19, 1.13, 1.13, 1.13, 1.13, 0.0, 33.9
2003-12-22, 1.13, 1.13, 1.13, 1.13, 0.0, 33.9
2003-12-23, 1.07, 1.07, 1.07, 1.07, 0.0, 32.1
2003-12-24, 1.07, 1.07, 1.07, 1.07, 0.0, 32.1
2003-12-26, 1.07, 1.07, 1.07, 1.07, 0.0, 32.1
2003-12-29, 1.07, 1.13, 1.07, 1.13, 300.0, 33.9
2003-12-30, 1.07, 1.1, 1.07, 1.1, 100.0, 33.0
2003-12-31, 1.15, 1.15, 1.1, 1.1, 300.0, 33.0
2004-01-02, 1.15, 1.15, 1.1, 1.1, 1900.0, 33.0
2004-01-05, 1.09, 1.09, 1.09, 1.09, 0.0, 32.7
2004-01-06, 1.09, 1.09, 1.09, 1.09, 0.0, 32.7
2004-01-07, 1.09, 1.09, 1.09, 1.09, 100.0, 32.7
2004-01-08, 1.07, 1.07, 1.07, 1.07, 0.0, 32.1
2004-01-09, 1.07, 1.12, 1.07, 1.07, 200.0, 32.1
2004-01-12, 1.07, 1.12, 1.07, 1.07, 400.0, 32.1
2004-01-13, 1.07, 1.07, 1.07, 1.07, 0.0, 32.1
2004-01-14, 1.07, 1.07, 1.07, 1.07, 0.0, 32.1
2004-01-15, 1.07, 1.07, 1.07, 1.07, 0.0, 32.1
2004-01-16, 1.12, 1.21, 1.07, 1.21, 1300.0, 36.3
2004-01-20, 1.2, 1.35, 1.2, 1.35, 400.0, 40.5
2004-01-21, 1.6, 1.7, 1.4, 1.6, 700.0, 48.0
2004-01-22, 1.55, 1.55, 1.3, 1.4, 100.0, 42.0
2004-01-23, 1.5, 1.7, 1.3, 1.5, 200.0, 45.0
2004-01-26, 1.45, 1.51, 1.45, 1.5, 1000.0, 45.0
2004-01-27, 1.45, 1.45, 1.45, 1.45, 0.0, 43.5
2004-01-28, 1.5, 1.55, 1.3, 1.55, 1000.0, 46.5
2004-01-29, 1.6, 1.8, 1.4, 1.46, 300.0, 43.8
2004-01-30, 1.45, 1.55, 1.45, 1.5, 200.0, 45.0
2004-02-02, 1.45, 1.45, 1.45, 1.45, 0.0, 43.5
2004-02-03, 1.55, 1.55, 1.44, 1.44, 1100.0, 43.2
2004-02-04, 1.5, 1.5, 1.45, 1.45, 400.0, 43.5
2004-02-05, 1.5, 1.5, 1.5, 1.5, 0.0, 45.0
2004-02-06, 1.5, 1.55, 1.45, 1.5, 400.0, 45.0
2004-02-09, 1.45, 1.59, 1.45, 1.59, 400.0, 47.7
2004-02-10, 1.45, 1.54, 1.45, 1.5, 300.0, 45.0
2004-02-11, 1.5, 1.5, 1.45, 1.45, 200.0, 43.5
2004-02-12, 1.45, 1.45, 1.45, 1.45, 0.0, 43.5
2004-02-13, 1.35, 1.5, 1.35, 1.4, 200.0, 42.0
2004-02-17, 1.35, 1.55, 1.35, 1.45, 400.0, 43.5
2004-02-18, 1.45, 1.45, 1.45, 1.45, 0.0, 43.5
2004-02-19, 1.4, 1.5, 1.4, 1.5, 600.0, 45.0
2004-02-20, 1.45, 1.5, 1.35, 1.4, 300.0, 42.0
2004-02-23, 1.35, 1.4, 1.35, 1.4, 100.0, 42.0
2004-02-24, 1.35, 1.4, 1.3, 1.4, 100.0, 42.0
2004-02-25, 1.3, 1.45, 1.3, 1.45, 200.0, 43.5
2004-02-26, 1.4, 1.5, 1.4, 1.5, 1200.0, 45.0
2004-02-27, 1.47, 1.5, 1.45, 1.45, 100.0, 43.5
2004-03-01, 1.45, 1.55, 1.45, 1.45, 600.0, 43.5
2004-03-02, 1.55, 1.55, 1.45, 1.45, 300.0, 43.5
2004-03-03, 1.5, 1.5, 1.45, 1.5, 300.0, 45.0
2004-03-04, 1.4, 1.5, 1.4, 1.45, 200.0, 43.5
2004-03-05, 1.45, 1.6, 1.45, 1.5, 700.0, 45.0
2004-03-08, 1.5, 1.5, 1.5, 1.5, 0.0, 45.0
2004-03-09, 1.5, 1.6, 1.5, 1.55, 100.0, 46.5
2004-03-10, 1.55, 1.6, 1.55, 1.6, 0.0, 48.0
2004-03-11, 1.55, 1.55, 1.5, 1.5, 0.0, 45.0
2004-03-12, 1.5, 1.55, 1.45, 1.55, 100.0, 46.5
2004-03-15, 1.45, 1.45, 1.45, 1.45, 0.0, 43.5
2004-03-16, 1.45, 1.45, 1.45, 1.45, 0.0, 43.5
2004-03-17, 1.45, 1.45, 1.45, 1.45, 0.0, 43.5
2004-03-18, 1.4, 1.45, 1.35, 1.35, 100.0, 40.5
2004-03-19, 1.4, 1.5, 1.4, 1.45, 800.0, 43.5
2004-03-22, 1.45, 1.45, 1.3, 1.4, 200.0, 42.0
2004-03-23, 1.45, 1.5, 1.4, 1.5, 400.0, 45.0
2004-03-24, 1.4, 1.55, 1.4, 1.5, 200.0, 45.0
2004-03-25, 1.5, 1.6, 1.45, 1.6, 400.0, 48.0
2004-03-26, 1.6, 1.6, 1.6, 1.6, 0.0, 48.0
2004-03-29, 1.55, 1.55, 1.5, 1.5, 0.0, 45.0
2004-03-30, 1.45, 1.7, 1.4, 1.7, 200.0, 50.99
2004-03-31, 1.7, 1.7, 1.6, 1.6, 200.0, 48.0
2004-04-01, 1.7, 1.8, 1.5, 1.5, 500.0, 45.0
2004-04-02, 1.45, 1.75, 1.45, 1.6, 300.0, 48.0
2004-04-05, 1.45, 1.45, 1.3, 1.45, 600.0, 43.5
2004-04-06, 1.4, 1.5, 1.4, 1.5, 0.0, 45.0
2004-04-07, 1.4, 1.45, 1.4, 1.4, 100.0, 42.0
2004-04-08, 1.44, 1.45, 1.4, 1.45, 300.0, 43.5
2004-04-12, 1.45, 1.45, 1.4, 1.4, 300.0, 42.0
2004-04-13, 1.45, 1.45, 1.45, 1.45, 0.0, 43.5
2004-04-14, 1.45, 1.45, 1.45, 1.45, 0.0, 43.5
2004-04-15, 1.55, 1.55, 1.5, 1.55, 0.0, 46.5
2004-04-16, 1.59, 1.59, 1.55, 1.55, 100.0, 46.5
2004-04-19, 1.59, 1.6, 1.55, 1.55, 300.0, 46.5
2004-04-20, 1.5, 1.5, 1.5, 1.5, 100.0, 45.0
2004-04-21, 1.5, 1.5, 1.5, 1.5, 0.0, 45.0
2004-04-22, 1.55, 1.55, 1.5, 1.5, 800.0, 45.0
2004-04-23, 1.45, 1.45, 1.35, 1.4, 200.0, 42.0
2004-04-26, 1.5, 1.5, 1.45, 1.5, 100.0, 45.0
2004-04-27, 1.5, 1.55, 1.5, 1.5, 200.0, 45.0
2004-04-28, 1.5, 1.5, 1.5, 1.5, 0.0, 45.0
2004-04-29, 1.53, 1.53, 1.53, 1.53, 0.0, 45.9
2004-04-30, 1.45, 1.53, 1.35, 1.44, 800.0, 43.2
2004-05-03, 1.53, 1.55, 1.5, 1.5, 800.0, 45.0
2004-05-04, 1.55, 1.65, 1.5, 1.5, 700.0, 45.0
2004-05-05, 1.55, 1.55, 1.5, 1.55, 200.0, 46.5
2004-05-06, 1.47, 1.5, 1.47, 1.48, 400.0, 44.4
2004-05-07, 1.48, 1.48, 1.47, 1.47, 0.0, 44.1
2004-05-10, 1.47, 1.48, 1.45, 1.48, 100.0, 44.4
2004-05-11, 1.25, 1.3, 1.25, 1.3, 100.0, 39.0
2004-05-12, 1.3, 1.3, 1.27, 1.27, 300.0, 38.1
2004-05-13, 1.27, 1.27, 1.27, 1.27, 0.0, 38.1
2004-05-14, 1.27, 1.27, 1.27, 1.27, 0.0, 38.1
2004-05-17, 1.3, 1.35, 1.3, 1.35, 100.0, 40.5
2004-05-18, 1.35, 1.35, 1.35, 1.35, 0.0, 40.5
2004-05-19, 1.35, 1.35, 1.35, 1.35, 0.0, 40.5
2004-05-20, 1.35, 1.35, 1.35, 1.35, 0.0, 40.5
2004-05-21, 1.35, 1.35, 1.35, 1.35, 0.0, 40.5
2004-05-24, 1.35, 1.35, 1.35, 1.35, 0.0, 40.5
2004-05-25, 1.35, 1.51, 1.35, 1.49, 100.0, 44.7
2004-05-26, 1.49, 1.49, 1.49, 1.49, 0.0, 44.7
2004-05-27, 1.4, 1.45, 1.4, 1.45, 0.0, 43.5
2004-05-28, 1.45, 1.45, 1.45, 1.45, 0.0, 43.5
2004-06-01, 1.4, 1.4, 1.3, 1.3, 100.0, 39.0
2004-06-02, 1.35, 1.35, 1.3, 1.3, 0.0, 39.0
2004-06-03, 1.35, 1.35, 1.3, 1.3, 100.0, 39.0
2004-06-04, 1.3, 1.3, 1.3, 1.3, 0.0, 39.0
2004-06-07, 1.35, 1.35, 1.3, 1.3, 200.0, 39.0
2004-06-08, 1.35, 1.35, 1.3, 1.3, 200.0, 39.0
2004-06-09, 1.3, 1.3, 1.3, 1.3, 0.0, 39.0
2004-06-10, 1.3, 1.3, 1.3, 1.3, 0.0, 39.0
2004-06-14, 1.35, 1.35, 1.3, 1.3, 100.0, 39.0
2004-06-15, 1.25, 1.3, 1.21, 1.25, 0.0, 37.5
2004-06-16, 1.25, 1.25, 1.25, 1.25, 0.0, 37.5
2004-06-17, 1.29, 1.35, 1.29, 1.35, 100.0, 40.5
2004-06-18, 1.35, 1.35, 1.35, 1.35, 0.0, 40.5
2004-06-21, 1.35, 1.35, 1.35, 1.35, 0.0, 40.5
2004-06-22, 1.3, 1.3, 1.21, 1.21, 200.0, 36.3
2004-06-23, 1.3, 1.3, 1.3, 1.3, 0.0, 39.0
2004-06-24, 1.3, 1.3, 1.3, 1.3, 0.0, 39.0
2004-06-25, 1.3, 1.3, 1.3, 1.3, 0.0, 39.0
2004-06-28, 1.21, 1.21, 1.17, 1.2, 200.0, 36.0
2004-06-29, 1.3, 1.3, 1.25, 1.25, 400.0, 37.5
2004-06-30, 1.25, 1.25, 1.25, 1.25, 0.0, 37.5
2004-07-01, 1.25, 1.25, 1.25, 1.25, 0.0, 37.5
2004-07-02, 1.11, 1.15, 1.02, 1.15, 300.0, 34.5
2004-07-06, 1.15, 1.2, 1.15, 1.2, 300.0, 36.0
2004-07-07, 1.2, 1.2, 1.2, 1.2, 0.0, 36.0
2004-07-08, 1.2, 1.2, 1.2, 1.2, 0.0, 36.0
2004-07-09, 1.2, 1.2, 1.2, 1.2, 0.0, 36.0
2004-07-12, 1.2, 1.2, 1.2, 1.2, 0.0, 36.0
2004-07-13, 1.2, 1.2, 1.2, 1.2, 0.0, 36.0
2004-07-14, 1.2, 1.2, 1.2, 1.2, 0.0, 36.0
2004-07-15, 1.2, 1.2, 1.2, 1.2, 0.0, 36.0
2004-07-16, 1.2, 1.2, 1.2, 1.2, 0.0, 36.0
2004-07-19, 1.2, 1.2, 1.2, 1.2, 0.0, 36.0
2004-07-20, 1.2, 1.2, 1.2, 1.2, 0.0, 36.0
2004-07-21, 1.2, 1.2, 1.2, 1.2, 0.0, 36.0
2004-07-22, 1.05, 1.05, 0.71, 0.94, 700.0, 28.2
2004-07-23, 0.94, 0.94, 0.94, 0.94, 0.0, 28.2
2004-07-26, 0.94, 0.94, 0.94, 0.94, 0.0, 28.2
2004-07-27, 0.94, 0.94, 0.94, 0.94, 100.0, 28.2
2004-07-28, 1.1, 1.1, 1.01, 1.01, 0.0, 30.3
2004-07-29, 1.01, 1.01, 1.01, 1.01, 0.0, 30.3
2004-07-30, 1.01, 1.01, 1.01, 1.01, 0.0, 30.3
2004-08-02, 1.01, 1.01, 1.01, 1.01, 0.0, 30.3
2004-08-03, 1.0, 1.0, 1.0, 1.0, 0.0, 30.0
2004-08-04, 1.05, 1.05, 1.05, 1.05, 0.0, 31.5
2004-08-05, 1.05, 1.05, 1.05, 1.05, 0.0, 31.5
2004-08-06, 1.05, 1.05, 1.05, 1.05, 0.0, 31.5
2004-08-09, 1.05, 1.05, 1.05, 1.05, 0.0, 31.5
2004-08-10, 1.1, 1.24, 1.1, 1.2, 100.0, 36.0
2004-08-11, 1.05, 1.05, 1.05, 1.05, 0.0, 31.5
2004-08-12, 0.9, 0.95, 0.9, 0.95, 100.0, 28.5
2004-08-13, 0.9, 0.95, 0.9, 0.95, 100.0, 28.5
2004-08-16, 0.71, 1.01, 0.61, 0.64, 600.0, 19.2
2004-08-17, 0.74, 0.99, 0.74, 0.95, 300.0, 28.5
2004-08-18, 0.83, 0.83, 0.83, 0.83, 0.0, 24.9
2004-08-19, 0.83, 0.83, 0.83, 0.83, 0.0, 24.9
2004-08-20, 0.83, 0.83, 0.83, 0.83, 0.0, 24.9
2004-08-23, 0.75, 0.75, 0.75, 0.75, 0.0, 22.5
2004-08-24, 0.75, 0.75, 0.75, 0.75, 0.0, 22.5
2004-08-25, 0.75, 0.75, 0.75, 0.75, 0.0, 22.5
2004-08-26, 0.75, 0.75, 0.75, 0.75, 0.0, 22.5
2004-08-27, 0.75, 0.75, 0.75, 0.75, 0.0, 22.5
2004-08-30, 0.75, 0.8, 0.75, 0.8, 200.0, 24.0
2004-08-31, 0.8, 0.8, 0.8, 0.8, 0.0, 24.0
2004-09-01, 0.75, 0.75, 0.75, 0.75, 100.0, 22.5
2004-09-02, 0.75, 0.75, 0.75, 0.75, 100.0, 22.5
2004-09-03, 0.8, 0.83, 0.77, 0.83, 600.0, 24.9
2004-09-07, 0.81, 1.01, 0.81, 1.01, 400.0, 30.3
2004-09-08, 0.81, 0.84, 0.81, 0.84, 300.0, 25.2
2004-09-09, 0.85, 0.85, 0.85, 0.85, 300.0, 25.5
2004-09-10, 0.85, 0.85, 0.85, 0.85, 0.0, 25.5
2004-09-13, 0.92, 0.92, 0.92, 0.92, 100.0, 27.6
2004-09-14, 0.95, 0.95, 0.95, 0.95, 400.0, 28.5
2004-09-15, 0.95, 0.95, 0.95, 0.95, 100.0, 28.5
2004-09-16, 0.8, 0.8, 0.8, 0.8, 0.0, 24.0
2004-09-17, 1.01, 1.05, 1.0, 1.01, 100.0, 30.3
2004-09-20, 1.01, 1.01, 0.75, 0.8, 2600.0, 24.0
2004-09-21, 0.8, 0.8, 0.8, 0.8, 0.0, 24.0
2004-09-22, 0.8, 0.8, 0.8, 0.8, 0.0, 24.0
2004-09-23, 0.8, 0.8, 0.8, 0.8, 0.0, 24.0
2004-09-24, 0.8, 0.8, 0.8, 0.8, 0.0, 24.0
2004-09-27, 0.8, 0.8, 0.8, 0.8, 0.0, 24.0
2004-09-28, 0.8, 0.8, 0.8, 0.8, 0.0, 24.0
2004-09-29, 0.8, 0.8, 0.8, 0.8, 0.0, 24.0
2004-09-30, 0.76, 0.8, 0.71, 0.76, 1200.0, 22.8
2004-10-01, 0.76, 0.76, 0.72, 0.72, 200.0, 21.6
2004-10-04, 0.72, 0.72, 0.7, 0.72, 500.0, 21.6
2004-10-05, 0.7, 0.7, 0.64, 0.67, 800.0, 20.1
2004-10-06, 0.65, 0.65, 0.65, 0.65, 100.0, 19.5
2004-10-07, 0.62, 0.65, 0.56, 0.6, 1500.0, 18.0
2004-10-08, 0.6, 0.6, 0.6, 0.6, 100.0, 18.0
2004-10-11, 0.57, 0.66, 0.55, 0.65, 1100.0, 19.5
2004-10-12, 0.56, 0.65, 0.56, 0.6, 200.0, 18.0
2004-10-13, 0.6, 0.6, 0.6, 0.6, 100.0, 18.0
2004-10-14, 0.6, 0.6, 0.6, 0.6, 200.0, 18.0
2004-10-15, 0.6, 0.61, 0.6, 0.61, 100.0, 18.3
2004-10-18, 0.61, 0.61, 0.61, 0.61, 0.0, 18.3
2004-10-19, 0.61, 0.61, 0.6, 0.6, 400.0, 18.0
2004-10-20, 0.57, 0.58, 0.55, 0.55, 1200.0, 16.5
2004-10-21, 0.55, 0.55, 0.43, 0.45, 2700.0, 13.5
2004-10-22, 0.45, 0.45, 0.45, 0.45, 0.0, 13.5
2004-10-25, 0.5, 0.5, 0.5, 0.5, 100.0, 15.0
2004-10-26, 0.5, 0.55, 0.5, 0.55, 900.0, 16.5
2004-10-27, 0.55, 0.55, 0.55, 0.55, 0.0, 16.5
2004-10-28, 0.59, 0.59, 0.59, 0.59, 0.0, 17.7
2004-10-29, 0.48, 0.51, 0.48, 0.51, 900.0, 15.3
2004-11-01, 0.55, 0.55, 0.45, 0.5, 800.0, 15.0
2004-11-02, 0.47, 0.65, 0.47, 0.63, 500.0, 18.9
2004-11-03, 0.63, 0.63, 0.63, 0.63, 0.0, 18.9
2004-11-04, 0.63, 0.63, 0.63, 0.63, 0.0, 18.9
2004-11-05, 0.63, 0.63, 0.62, 0.62, 100.0, 18.6
2004-11-08, 0.55, 0.69, 0.55, 0.69, 500.0, 20.7
2004-11-09, 0.69, 0.69, 0.69, 0.69, 0.0, 20.7
2004-11-10, 0.67, 0.67, 0.67, 0.67, 600.0, 20.1
2004-11-11, 0.67, 0.67, 0.61, 0.61, 900.0, 18.3
2004-11-12, 0.61, 0.61, 0.61, 0.61, 0.0, 18.3
2004-11-15, 0.61, 0.61, 0.61, 0.61, 100.0, 18.3
2004-11-16, 0.61, 0.61, 0.61, 0.61, 100.0, 18.3
2004-11-17, 0.61, 0.61, 0.61, 0.61, 0.0, 18.3
2004-11-18, 0.62, 0.62, 0.6, 0.6, 300.0, 18.0
2004-11-19, 0.6, 0.6, 0.6, 0.6, 0.0, 18.0
2004-11-22, 0.62, 0.62, 0.6, 0.6, 300.0, 18.0
2004-11-23, 0.59, 0.6, 0.57, 0.57, 4100.0, 17.1
2004-11-24, 0.6, 0.62, 0.6, 0.62, 300.0, 18.6
2004-11-26, 0.62, 0.62, 0.62, 0.62, 0.0, 18.6
2004-11-29, 0.69, 0.88, 0.63, 0.76, 1700.0, 22.8
2004-11-30, 0.8, 0.85, 0.8, 0.85, 600.0, 25.5
2004-12-01, 0.85, 0.85, 0.85, 0.85, 0.0, 25.5
2004-12-02, 0.86, 0.88, 0.86, 0.88, 0.0, 26.4
2004-12-03, 0.88, 0.98, 0.85, 0.91, 700.0, 27.3
2004-12-06, 0.95, 0.95, 0.81, 0.81, 100.0, 24.3
2004-12-07, 0.85, 0.93, 0.85, 0.9, 200.0, 27.0
2004-12-08, 0.9, 0.9, 0.9, 0.9, 0.0, 27.0
2004-12-09, 0.9, 0.9, 0.9, 0.9, 0.0, 27.0
2004-12-10, 0.81, 0.81, 0.81, 0.81, 0.0, 24.3
2004-12-13, 0.8, 0.98, 0.8, 0.95, 300.0, 28.5
2004-12-14, 0.95, 0.95, 0.95, 0.95, 0.0, 28.5
2004-12-15, 0.95, 0.95, 0.95, 0.95, 0.0, 28.5
2004-12-16, 0.8, 0.8, 0.8, 0.8, 0.0, 24.0
2004-12-17, 0.8, 0.8, 0.8, 0.8, 0.0, 24.0
2004-12-20, 0.8, 0.8, 0.8, 0.8, 0.0, 24.0
2004-12-21, 0.8, 0.8, 0.8, 0.8, 0.0, 24.0
2004-12-22, 0.8, 0.8, 0.8, 0.8, 0.0, 24.0
2004-12-23, 0.8, 0.8, 0.8, 0.8, 0.0, 24.0
2004-12-27, 0.8, 0.8, 0.8, 0.8, 0.0, 24.0
2004-12-28, 0.65, 0.65, 0.65, 0.65, 200.0, 19.5
2004-12-29, 0.65, 0.65, 0.65, 0.65, 0.0, 19.5
2004-12-30, 0.65, 0.65, 0.65, 0.65, 0.0, 19.5
2004-12-31, 0.75, 0.8, 0.65, 0.65, 500.0, 19.5
2005-01-03, 0.67, 0.7, 0.67, 0.67, 1000.0, 20.1
2005-01-04, 0.61, 0.61, 0.51, 0.51, 800.0, 15.3
2005-01-05, 0.52, 0.65, 0.52, 0.65, 400.0, 19.5
2005-01-06, 0.53, 0.54, 0.51, 0.51, 1200.0, 15.3
2005-01-07, 0.51, 0.51, 0.51, 0.51, 0.0, 15.3
2005-01-10, 0.51, 0.51, 0.51, 0.51, 300.0, 15.3
2005-01-11, 0.51, 0.51, 0.51, 0.51, 0.0, 15.3
2005-01-12, 0.51, 0.51, 0.51, 0.51, 0.0, 15.3
2005-01-13, 0.51, 0.51, 0.51, 0.51, 0.0, 15.3
2005-01-14, 0.51, 0.51, 0.51, 0.51, 0.0, 15.3
2005-01-18, 0.51, 0.51, 0.51, 0.51, 0.0, 15.3
2005-01-19, 0.51, 0.51, 0.51, 0.51, 0.0, 15.3
2005-01-20, 0.51, 0.51, 0.51, 0.51, 0.0, 15.3
2005-01-21, 0.55, 0.6, 0.55, 0.6, 700.0, 18.0
2005-01-24, 0.6, 0.6, 0.6, 0.6, 0.0, 18.0
2005-01-25, 0.6, 0.6, 0.6, 0.6, 0.0, 18.0
2005-01-26, 0.55, 0.59, 0.55, 0.59, 600.0, 17.7
2005-01-27, 0.6, 0.6, 0.58, 0.58, 900.0, 17.4
2005-01-28, 0.61, 0.74, 0.61, 0.74, 200.0, 22.2
2005-01-31, 0.66, 0.67, 0.66, 0.66, 200.0, 19.8
2005-02-01, 0.65, 0.65, 0.62, 0.62, 300.0, 18.6
2005-02-02, 0.65, 0.65, 0.65, 0.65, 0.0, 19.5
2005-02-03, 0.65, 0.65, 0.65, 0.65, 100.0, 19.5
2005-02-04, 0.65, 0.65, 0.65, 0.65, 0.0, 19.5
2005-02-07, 0.65, 0.65, 0.61, 0.61, 800.0, 18.3
2005-02-08, 0.61, 0.61, 0.61, 0.61, 0.0, 18.3
2005-02-09, 0.7, 0.75, 0.67, 0.75, 400.0, 22.5
2005-02-10, 0.7, 0.73, 0.7, 0.7, 500.0, 21.0
2005-02-11, 0.73, 0.73, 0.73, 0.73, 0.0, 21.9
2005-02-14, 0.72, 0.72, 0.65, 0.65, 200.0, 19.5
2005-02-15, 0.7, 0.7, 0.7, 0.7, 200.0, 21.0
2005-02-16, 0.7, 0.7, 0.7, 0.7, 100.0, 21.0
2005-02-17, 0.66, 0.7, 0.66, 0.7, 0.0, 21.0
2005-02-18, 0.7, 0.7, 0.7, 0.7, 0.0, 21.0
2005-02-22, 0.7, 0.7, 0.7, 0.7, 0.0, 21.0
2005-02-23, 0.7, 0.7, 0.7, 0.7, 0.0, 21.0
2005-02-24, 0.65, 0.65, 0.65, 0.65, 0.0, 19.5
2005-02-25, 0.65, 0.65, 0.65, 0.65, 0.0, 19.5
2005-02-28, 0.65, 0.65, 0.65, 0.65, 0.0, 19.5
2005-03-01, 0.75, 0.75, 0.7, 0.7, 700.0, 21.0
2005-03-02, 0.7, 0.7, 0.7, 0.7, 0.0, 21.0
2005-03-03, 0.75, 0.75, 0.75, 0.75, 0.0, 22.5
2005-03-04, 0.66, 0.66, 0.66, 0.66, 0.0, 19.8
2005-03-07, 0.66, 0.66, 0.66, 0.66, 0.0, 19.8
2005-03-08, 0.66, 0.8, 0.66, 0.8, 100.0, 24.0
2005-03-09, 0.74, 0.8, 0.74, 0.74, 800.0, 22.2
2005-03-10, 0.74, 0.74, 0.7, 0.72, 300.0, 21.6
2005-03-11, 0.73, 0.73, 0.7, 0.72, 700.0, 21.6
2005-03-14, 0.72, 0.72, 0.7, 0.7, 0.0, 21.0
2005-03-15, 0.68, 0.7, 0.68, 0.7, 200.0, 21.0
2005-03-16, 0.68, 0.75, 0.68, 0.75, 600.0, 22.5
2005-03-17, 0.75, 0.75, 0.75, 0.75, 0.0, 22.5
2005-03-18, 0.73, 0.73, 0.68, 0.68, 500.0, 20.4
2005-03-21, 0.72, 0.73, 0.72, 0.73, 100.0, 21.9
2005-03-22, 0.75, 0.75, 0.75, 0.75, 100.0, 22.5
2005-03-23, 0.85, 0.85, 0.8, 0.8, 1000.0, 24.0
2005-03-24, 0.8, 0.8, 0.8, 0.8, 0.0, 24.0
2005-03-28, 0.8, 0.8, 0.8, 0.8, 100.0, 24.0
2005-03-29, 0.9, 0.9, 0.8, 0.85, 500.0, 25.5
2005-03-30, 0.85, 0.85, 0.85, 0.85, 0.0, 25.5
2005-03-31, 0.82, 0.82, 0.7, 0.75, 500.0, 22.5
2005-04-01, 0.7, 0.7, 0.65, 0.65, 100.0, 19.5
2005-04-04, 0.69, 0.69, 0.65, 0.65, 100.0, 19.5
2005-04-05, 0.69, 0.69, 0.69, 0.69, 0.0, 20.7
2005-04-06, 0.7, 0.7, 0.7, 0.7, 100.0, 21.0
2005-04-07, 0.75, 0.75, 0.7, 0.75, 200.0, 22.5
2005-04-08, 0.75, 0.8, 0.66, 0.66, 500.0, 19.8
2005-04-11, 0.72, 0.72, 0.69, 0.69, 300.0, 20.7
2005-04-12, 0.66, 0.66, 0.66, 0.66, 0.0, 19.8
2005-04-13, 0.7, 0.74, 0.7, 0.74, 300.0, 22.2
2005-04-14, 0.68, 0.69, 0.68, 0.69, 100.0, 20.7
2005-04-15, 0.7, 0.7, 0.7, 0.7, 100.0, 21.0
2005-04-18, 0.75, 0.8, 0.72, 0.8, 1200.0, 24.0
2005-04-19, 0.78, 0.91, 0.78, 0.91, 1500.0, 27.3
2005-04-20, 0.95, 0.95, 0.8, 0.8, 400.0, 24.0
2005-04-21, 0.9, 0.9, 0.88, 0.88, 100.0, 26.4
2005-04-22, 0.9, 0.9, 0.9, 0.9, 100.0, 27.0
2005-04-25, 0.88, 0.88, 0.88, 0.88, 0.0, 26.4
2005-04-26, 0.88, 0.9, 0.87, 0.87, 200.0, 26.1
2005-04-27, 0.87, 0.87, 0.87, 0.87, 0.0, 26.1
2005-04-28, 0.8, 0.88, 0.8, 0.88, 100.0, 26.4
2005-04-29, 0.98, 0.98, 0.92, 0.92, 400.0, 27.6
2005-05-02, 0.92, 0.92, 0.92, 0.92, 100.0, 27.6
2005-05-03, 0.92, 0.92, 0.92, 0.92, 0.0, 27.6
2005-05-04, 0.91, 0.94, 0.91, 0.94, 200.0, 28.2
2005-05-05, 0.93, 0.93, 0.93, 0.93, 100.0, 27.9
2005-05-06, 0.93, 0.93, 0.93, 0.93, 0.0, 27.9
2005-05-09, 0.93, 0.93, 0.93, 0.93, 0.0, 27.9
2005-05-10, 0.93, 0.93, 0.93, 0.93, 0.0, 27.9
2005-05-11, 0.93, 0.93, 0.93, 0.93, 0.0, 27.9
2005-05-12, 0.8, 0.95, 0.8, 0.95, 100.0, 28.5
2005-05-13, 0.94, 0.95, 0.92, 0.95, 1900.0, 28.5
2005-05-16, 0.95, 0.95, 0.95, 0.95, 0.0, 28.5
2005-05-17, 0.95, 0.95, 0.95, 0.95, 0.0, 28.5
2005-05-18, 0.85, 0.85, 0.8, 0.82, 1100.0, 24.6
2005-05-19, 0.82, 0.82, 0.82, 0.82, 0.0, 24.6
2005-05-20, 0.85, 0.85, 0.85, 0.85, 100.0, 25.5
2005-05-23, 0.85, 0.85, 0.85, 0.85, 0.0, 25.5
2005-05-24, 0.95, 0.95, 0.95, 0.95, 100.0, 28.5
2005-05-25, 0.95, 0.95, 0.95, 0.95, 0.0, 28.5
2005-05-26, 0.86, 0.86, 0.75, 0.76, 700.0, 22.8
2005-05-27, 0.76, 0.76, 0.76, 0.76, 0.0, 22.8
2005-05-31, 0.76, 0.76, 0.76, 0.76, 0.0, 22.8
2005-06-01, 0.76, 0.76, 0.76, 0.76, 0.0, 22.8
2005-06-02, 0.83, 0.95, 0.83, 0.83, 300.0, 24.9
2005-06-03, 0.75, 0.75, 0.7, 0.7, 100.0, 21.0
2005-06-06, 0.7, 0.7, 0.7, 0.7, 0.0, 21.0
2005-06-07, 0.68, 0.68, 0.68, 0.68, 0.0, 20.4
2005-06-08, 0.75, 0.75, 0.65, 0.65, 600.0, 19.5
2005-06-09, 0.67, 0.7, 0.63, 0.65, 600.0, 19.5
2005-06-10, 0.63, 0.64, 0.63, 0.64, 1600.0, 19.2
2005-06-13, 0.75, 0.75, 0.75, 0.75, 0.0, 22.5
2005-06-14, 0.75, 0.75, 0.75, 0.75, 0.0, 22.5
2005-06-15, 0.65, 0.67, 0.65, 0.67, 400.0, 20.1
2005-06-16, 0.67, 0.67, 0.67, 0.67, 0.0, 20.1
2005-06-17, 0.73, 0.73, 0.7, 0.7, 200.0, 21.0
2005-06-20, 0.7, 0.7, 0.7, 0.7, 0.0, 21.0
2005-06-21, 0.7, 0.7, 0.7, 0.7, 0.0, 21.0
2005-06-22, 0.7, 0.7, 0.7, 0.7, 200.0, 21.0
2005-06-23, 0.72, 0.72, 0.72, 0.72, 0.0, 21.6
2005-06-24, 0.72, 0.72, 0.72, 0.72, 0.0, 21.6
2005-06-27, 0.72, 0.72, 0.72, 0.72, 0.0, 21.6
2005-06-28, 0.72, 0.72, 0.72, 0.72, 0.0, 21.6
2005-06-29, 0.72, 0.72, 0.57, 0.63, 4900.0, 18.9
2005-06-30, 0.63, 0.63, 0.63, 0.63, 0.0, 18.9
2005-07-01, 0.74, 0.74, 0.74, 0.74, 0.0, 22.2
2005-07-05, 0.74, 0.74, 0.74, 0.74, 0.0, 22.2
2005-07-06, 0.74, 0.74, 0.74, 0.74, 0.0, 22.2
2005-07-07, 0.74, 0.74, 0.74, 0.74, 0.0, 22.2
2005-07-08, 0.7, 0.7, 0.7, 0.7, 0.0, 21.0
2005-07-11, 0.63, 0.63, 0.63, 0.63, 0.0, 18.9
2005-07-12, 0.72, 0.75, 0.7, 0.7, 600.0, 21.0
2005-07-13, 0.69, 0.76, 0.69, 0.75, 400.0, 22.5
2005-07-14, 0.75, 0.75, 0.7, 0.72, 1000.0, 21.6
2005-07-15, 0.72, 0.72, 0.72, 0.72, 0.0, 21.6
2005-07-18, 0.72, 0.72, 0.72, 0.72, 0.0, 21.6
2005-07-19, 0.72, 0.73, 0.71, 0.73, 500.0, 21.9
2005-07-20, 0.72, 0.72, 0.72, 0.72, 0.0, 21.6
2005-07-21, 0.72, 0.77, 0.72, 0.77, 400.0, 23.1
2005-07-22, 0.77, 0.77, 0.77, 0.77, 0.0, 23.1
2005-07-25, 0.72, 0.72, 0.72, 0.72, 0.0, 21.6
2005-07-26, 0.75, 0.75, 0.75, 0.75, 0.0, 22.5
2005-07-27, 0.75, 0.75, 0.75, 0.75, 0.0, 22.5
2005-07-28, 0.75, 0.75, 0.75, 0.75, 0.0, 22.5
2005-07-29, 0.76, 0.8, 0.76, 0.8, 700.0, 24.0
2005-08-01, 0.85, 0.85, 0.85, 0.85, 0.0, 25.5
2005-08-02, 0.85, 0.85, 0.85, 0.85, 0.0, 25.5
2005-08-03, 0.78, 0.79, 0.77, 0.79, 300.0, 23.7
2005-08-04, 0.84, 0.84, 0.84, 0.84, 0.0, 25.2
2005-08-05, 0.85, 0.85, 0.8, 0.8, 0.0, 24.0
2005-08-08, 0.84, 0.85, 0.84, 0.85, 0.0, 25.5
2005-08-09, 0.85, 0.85, 0.85, 0.85, 0.0, 25.5
2005-08-10, 0.81, 0.81, 0.81, 0.81, 0.0, 24.3
2005-08-11, 0.81, 0.81, 0.81, 0.81, 0.0, 24.3
2005-08-12, 0.81, 0.81, 0.81, 0.81, 0.0, 24.3
2005-08-15, 0.81, 0.81, 0.81, 0.81, 0.0, 24.3
2005-08-16, 0.81, 0.81, 0.81, 0.81, 0.0, 24.3
2005-08-17, 0.84, 0.84, 0.82, 0.82, 100.0, 24.6
2005-08-18, 0.87, 0.87, 0.8, 0.8, 200.0, 24.0
2005-08-19, 0.8, 0.8, 0.8, 0.8, 0.0, 24.0
2005-08-22, 0.8, 0.8, 0.77, 0.77, 200.0, 23.1
2005-08-23, 0.78, 0.78, 0.78, 0.78, 0.0, 23.4
2005-08-24, 0.78, 0.78, 0.78, 0.78, 700.0, 23.4
2005-08-25, 0.78, 0.78, 0.78, 0.78, 0.0, 23.4
2005-08-26, 0.8, 0.8, 0.8, 0.8, 100.0, 24.0
2005-08-29, 0.8, 0.8, 0.8, 0.8, 0.0, 24.0
2005-08-30, 0.8, 0.8, 0.8, 0.8, 0.0, 24.0
2005-08-31, 0.83, 0.85, 0.81, 0.85, 200.0, 25.5
2005-09-01, 0.85, 0.85, 0.85, 0.85, 0.0, 25.5
2005-09-02, 0.83, 0.85, 0.8, 0.8, 500.0, 24.0
2005-09-06, 0.82, 0.82, 0.82, 0.82, 0.0, 24.6
2005-09-07, 0.82, 0.86, 0.81, 0.84, 400.0, 25.2
2005-09-08, 0.84, 0.86, 0.84, 0.85, 1000.0, 25.5
2005-09-09, 0.85, 0.85, 0.85, 0.85, 0.0, 25.5
2005-09-12, 0.86, 0.86, 0.86, 0.86, 0.0, 25.8
2005-09-13, 0.86, 0.86, 0.86, 0.86, 0.0, 25.8
2005-09-14, 0.88, 0.88, 0.85, 0.85, 400.0, 25.5
2005-09-15, 0.85, 0.85, 0.8, 0.8, 700.0, 24.0
2005-09-16, 0.8, 0.8, 0.8, 0.8, 0.0, 24.0
2005-09-19, 0.8, 0.8, 0.8, 0.8, 0.0, 24.0
2005-09-20, 0.8, 0.8, 0.8, 0.8, 100.0, 24.0
2005-09-21, 0.8, 0.8, 0.79, 0.8, 200.0, 24.0
2005-09-22, 0.8, 0.8, 0.8, 0.8, 0.0, 24.0
2005-09-23, 0.79, 0.79, 0.79, 0.79, 0.0, 23.7
2005-09-26, 0.79, 0.79, 0.79, 0.79, 0.0, 23.7
2005-09-27, 0.79, 0.79, 0.79, 0.79, 0.0, 23.7
2005-09-28, 0.75, 0.8, 0.75, 0.8, 200.0, 24.0
2005-09-29, 0.8, 0.8, 0.8, 0.8, 0.0, 24.0
2005-09-30, 0.78, 0.8, 0.75, 0.8, 400.0, 24.0
2005-10-03, 0.8, 0.8, 0.8, 0.8, 0.0, 24.0
2005-10-04, 0.8, 0.8, 0.8, 0.8, 0.0, 24.0
2005-10-05, 0.8, 0.8, 0.8, 0.8, 0.0, 24.0
2005-10-06, 0.8, 0.8, 0.8, 0.8, 0.0, 24.0
2005-10-07, 0.8, 0.8, 0.8, 0.8, 0.0, 24.0
2005-10-10, 0.8, 0.8, 0.8, 0.8, 0.0, 24.0
2005-10-11, 0.8, 0.8, 0.8, 0.8, 0.0, 24.0
2005-10-12, 0.71, 0.71, 0.71, 0.71, 0.0, 21.3
2005-10-13, 0.71, 0.71, 0.71, 0.71, 0.0, 21.3
2005-10-14, 0.71, 0.71, 0.71, 0.71, 0.0, 21.3
2005-10-17, 0.71, 0.71, 0.71, 0.71, 0.0, 21.3
2005-10-18, 0.71, 0.71, 0.71, 0.71, 0.0, 21.3
2005-10-19, 0.65, 0.7, 0.6, 0.6, 0.0, 18.0
2005-10-20, 0.72, 0.78, 0.72, 0.75, 100.0, 22.5
2005-10-21, 0.63, 0.8, 0.63, 0.8, 1400.0, 24.0
2005-10-24, 0.8, 0.8, 0.8, 0.8, 100.0, 24.0
2005-10-25, 0.81, 0.81, 0.8, 0.8, 400.0, 24.0
2005-10-26, 0.8, 0.8, 0.8, 0.8, 0.0, 24.0
2005-10-27, 0.7, 0.7, 0.7, 0.7, 100.0, 21.0
2005-10-28, 0.7, 0.7, 0.7, 0.7, 0.0, 21.0
2005-10-31, 0.7, 0.7, 0.7, 0.7, 0.0, 21.0
2005-11-01, 0.7, 0.7, 0.7, 0.7, 0.0, 21.0
2005-11-02, 0.65, 0.65, 0.65, 0.65, 0.0, 19.5
2005-11-03, 0.7, 0.7, 0.7, 0.7, 0.0, 21.0
2005-11-04, 0.7, 0.7, 0.7, 0.7, 0.0, 21.0
2005-11-07, 0.7, 0.7, 0.7, 0.7, 0.0, 21.0
2005-11-08, 0.7, 0.7, 0.7, 0.7, 0.0, 21.0
2005-11-09, 0.67, 0.67, 0.67, 0.67, 0.0, 20.1
2005-11-10, 0.67, 0.67, 0.67, 0.67, 0.0, 20.1
2005-11-11, 0.67, 0.67, 0.67, 0.67, 0.0, 20.1
2005-11-14, 0.7, 0.7, 0.7, 0.7, 100.0, 21.0
2005-11-15, 0.7, 0.7, 0.7, 0.7, 0.0, 21.0
2005-11-16, 0.79, 0.79, 0.74, 0.74, 100.0, 22.2
2005-11-17, 0.74, 0.74, 0.74, 0.74, 0.0, 22.2
2005-11-18, 0.74, 0.74, 0.74, 0.74, 0.0, 22.2
2005-11-21, 0.73, 0.73, 0.7, 0.7, 200.0, 21.0
2005-11-22, 0.7, 0.7, 0.7, 0.7, 0.0, 21.0
2005-11-23, 0.7, 0.7, 0.7, 0.7, 0.0, 21.0
2005-11-25, 0.7, 0.7, 0.7, 0.7, 0.0, 21.0
2005-11-28, 0.7, 0.7, 0.7, 0.7, 0.0, 21.0
2005-11-29, 0.68, 0.68, 0.68, 0.68, 300.0, 20.4
2005-11-30, 0.73, 0.73, 0.7, 0.7, 0.0, 21.0
2005-12-01, 0.73, 0.75, 0.73, 0.75, 300.0, 22.5
2005-12-02, 0.78, 0.92, 0.78, 0.9, 800.0, 27.0
2005-12-05, 0.94, 0.94, 0.9, 0.93, 300.0, 27.9
2005-12-06, 0.9, 0.9, 0.9, 0.9, 500.0, 27.0
2005-12-07, 0.9, 0.9, 0.86, 0.86, 300.0, 25.8
2005-12-08, 0.86, 0.86, 0.86, 0.86, 100.0, 25.8
2005-12-09, 0.86, 0.88, 0.85, 0.88, 200.0, 26.4
2005-12-12, 0.95, 1.0, 0.95, 0.98, 2300.0, 29.4
2005-12-13, 0.99, 1.19, 0.97, 1.09, 6700.0, 32.7
2005-12-14, 1.05, 1.05, 1.01, 1.01, 500.0, 30.3
2005-12-15, 1.01, 1.01, 1.01, 1.01, 0.0, 30.3
2005-12-16, 0.95, 1.0, 0.9, 0.9, 500.0, 27.0
2005-12-19, 0.99, 1.08, 0.95, 0.95, 2500.0, 28.5
2005-12-20, 1.0, 1.0, 1.0, 1.0, 100.0, 30.0
2005-12-21, 0.96, 0.96, 0.96, 0.96, 0.0, 28.8
2005-12-22, 0.96, 0.96, 0.96, 0.96, 0.0, 28.8
2005-12-23, 0.96, 0.96, 0.96, 0.96, 0.0, 28.8
2005-12-27, 1.01, 1.03, 0.96, 0.96, 600.0, 28.8
2005-12-28, 0.96, 0.96, 0.91, 0.95, 1100.0, 28.5
2005-12-29, 0.86, 0.86, 0.86, 0.86, 0.0, 25.8
2005-12-30, 0.92, 1.0, 0.92, 1.0, 400.0, 30.0
2006-01-03, 1.0, 1.0, 0.96, 0.96, 700.0, 28.8
2006-01-04, 0.95, 0.95, 0.95, 0.95, 100.0, 28.5
2006-01-05, 0.95, 0.95, 0.95, 0.95, 100.0, 28.5
2006-01-06, 1.0, 1.0, 0.95, 0.97, 1100.0, 29.1
2006-01-09, 0.97, 1.04, 0.97, 1.01, 700.0, 30.3
2006-01-10, 1.0, 1.0, 1.0, 1.0, 200.0, 30.0
2006-01-11, 1.01, 1.01, 0.99, 1.01, 1400.0, 30.3
2006-01-12, 1.01, 1.01, 1.0, 1.01, 1200.0, 30.3
2006-01-13, 1.01, 1.08, 0.96, 1.08, 800.0, 32.4
2006-01-17, 1.08, 1.44, 1.08, 1.25, 400.0, 37.5
2006-01-18, 1.45, 1.45, 1.2, 1.2, 1000.0, 36.0
2006-01-19, 1.2, 1.3, 1.2, 1.25, 400.0, 37.5
2006-01-20, 1.2, 1.35, 1.2, 1.35, 200.0, 40.5
2006-01-23, 1.5, 1.52, 1.43, 1.43, 1000.0, 42.9
2006-01-24, 1.45, 1.5, 1.45, 1.45, 1000.0, 43.5
2006-01-25, 1.45, 1.46, 1.4, 1.46, 900.0, 43.8
2006-01-26, 1.46, 1.5, 1.46, 1.48, 900.0, 44.4
2006-01-27, 1.48, 1.5, 1.45, 1.5, 1200.0, 45.0
2006-01-30, 1.5, 1.52, 1.5, 1.5, 600.0, 45.0
2006-01-31, 1.5, 1.5, 1.46, 1.46, 500.0, 43.8
2006-02-01, 1.46, 1.46, 1.4, 1.4, 500.0, 42.0
2006-02-02, 1.4, 1.5, 1.4, 1.5, 1500.0, 45.0
2006-02-03, 1.25, 1.5, 1.25, 1.5, 0.0, 45.0
2006-02-06, 1.5, 1.52, 1.5, 1.52, 1600.0, 45.6
2006-02-07, 1.4, 1.53, 1.4, 1.53, 300.0, 45.9
2006-02-08, 1.5, 1.52, 1.25, 1.5, 1800.0, 45.0
2006-02-09, 1.5, 1.55, 1.5, 1.55, 1100.0, 46.5
2006-02-10, 1.55, 1.6, 1.55, 1.6, 800.0, 48.0
2006-02-13, 1.6, 1.62, 1.58, 1.58, 900.0, 47.4
2006-02-14, 1.6, 1.6, 1.58, 1.58, 1000.0, 47.4
2006-02-15, 1.65, 1.8, 1.62, 1.75, 3600.0, 52.49
2006-02-16, 1.75, 1.78, 1.75, 1.78, 800.0, 53.39
2006-02-17, 1.8, 1.85, 1.79, 1.85, 2900.0, 55.49
2006-02-21, 1.85, 1.9, 1.85, 1.85, 1100.0, 55.49
2006-02-22, 1.89, 1.93, 1.85, 1.93, 1300.0, 57.89
2006-02-23, 1.92, 1.92, 1.75, 1.75, 2400.0, 52.49
2006-02-24, 1.8, 1.85, 1.5, 1.75, 4200.0, 52.49
2006-02-27, 1.85, 1.85, 1.68, 1.85, 400.0, 55.49
2006-02-28, 1.94, 1.94, 1.75, 1.85, 1100.0, 55.49
2006-03-01, 1.86, 1.86, 1.81, 1.81, 1100.0, 54.29
2006-03-02, 1.85, 1.87, 1.75, 1.78, 1200.0, 53.39
2006-03-03, 1.75, 1.79, 1.75, 1.79, 300.0, 53.69
2006-03-06, 1.8, 1.86, 1.72, 1.72, 800.0, 51.59
2006-03-07, 1.75, 1.75, 1.7, 1.75, 1200.0, 52.49
2006-03-08, 1.7, 1.7, 1.52, 1.6, 300.0, 48.0
2006-03-09, 1.64, 1.64, 1.57, 1.57, 200.0, 47.1
2006-03-10, 1.59, 1.79, 1.54, 1.65, 1000.0, 49.5
2006-03-13, 1.65, 1.7, 1.6, 1.6, 0.0, 48.0
2006-03-14, 1.6, 1.6, 1.6, 1.6, 0.0, 48.0
2006-03-15, 1.6, 1.8, 1.6, 1.8, 800.0, 53.99
2006-03-16, 1.78, 1.78, 1.78, 1.78, 100.0, 53.39
2006-03-17, 1.75, 1.75, 1.75, 1.75, 0.0, 52.49
2006-03-20, 1.73, 1.8, 1.71, 1.75, 800.0, 52.49
2006-03-21, 1.74, 1.76, 1.74, 1.76, 200.0, 52.79
2006-03-22, 1.75, 1.79, 1.72, 1.76, 1200.0, 52.79
2006-03-23, 1.7, 1.75, 1.66, 1.66, 200.0, 49.8
2006-03-24, 1.66, 1.66, 1.61, 1.61, 100.0, 48.3
2006-03-27, 1.6, 1.6, 1.6, 1.6, 100.0, 48.0
2006-03-28, 1.6, 1.6, 1.6, 1.6, 0.0, 48.0
2006-03-29, 1.63, 1.75, 1.63, 1.65, 300.0, 49.5
2006-03-30, 1.7, 1.72, 1.62, 1.7, 900.0, 50.99
2006-03-31, 1.7, 1.7, 1.7, 1.7, 0.0, 50.99
2006-04-03, 1.7, 1.7, 1.4, 1.6, 109100.0, 48.0
2006-04-04, 1.65, 1.65, 1.47, 1.47, 7000.0, 44.1
2006-04-05, 1.52, 1.63, 1.52, 1.63, 1000.0, 48.9
2006-04-06, 1.63, 1.63, 1.63, 1.63, 300.0, 48.9
2006-04-07, 1.63, 1.63, 1.54, 1.6, 300.0, 48.0
2006-04-10, 1.52, 1.56, 1.52, 1.56, 0.0, 46.8
2006-04-11, 1.51, 1.51, 1.51, 1.51, 100.0, 45.3
2006-04-12, 1.52, 1.56, 1.51, 1.52, 900.0, 45.6
2006-04-13, 1.54, 1.57, 1.54, 1.55, 500.0, 46.5
2006-04-17, 1.55, 1.6, 1.55, 1.6, 3200.0, 48.0
2006-04-18, 1.6, 1.65, 1.5, 1.6, 1200.0, 48.0
2006-04-19, 1.6, 1.65, 1.6, 1.65, 500.0, 49.5
2006-04-20, 1.65, 1.65, 1.6, 1.6, 300.0, 48.0
2006-04-21, 1.62, 1.7, 1.62, 1.7, 1000.0, 50.99
2006-04-24, 1.55, 1.85, 1.53, 1.83, 4500.0, 54.89
2006-04-25, 1.8, 1.9, 1.8, 1.8, 1100.0, 53.99
2006-04-26, 1.9, 1.9, 1.83, 1.85, 500.0, 55.49
2006-04-27, 1.85, 1.85, 1.78, 1.78, 200.0, 53.39
2006-04-28, 1.79, 1.79, 1.79, 1.79, 100.0, 53.69
2006-05-01, 1.79, 1.8, 1.7, 1.8, 1900.0, 53.99
2006-05-02, 1.75, 1.75, 1.65, 1.74, 3600.0, 52.19
2006-05-03, 1.73, 1.73, 1.65, 1.65, 300.0, 49.5
2006-05-04, 1.65, 1.65, 1.55, 1.55, 100.0, 46.5
2006-05-05, 1.55, 1.55, 1.55, 1.55, 0.0, 46.5
2006-05-08, 1.6, 1.75, 1.6, 1.72, 3100.0, 51.59
2006-05-09, 1.75, 1.75, 1.65, 1.65, 300.0, 49.5
2006-05-10, 1.65, 1.65, 1.65, 1.65, 0.0, 49.5
2006-05-11, 1.72, 1.72, 1.7, 1.7, 300.0, 50.99
2006-05-12, 1.7, 1.7, 1.7, 1.7, 600.0, 50.99
2006-05-15, 1.66, 1.7, 1.66, 1.7, 200.0, 50.99
2006-05-16, 1.66, 1.7, 1.65, 1.7, 200.0, 50.99
2006-05-17, 1.62, 1.62, 1.6, 1.6, 400.0, 48.0
2006-05-18, 1.6, 1.61, 1.6, 1.6, 500.0, 48.0
2006-05-19, 1.61, 1.7, 1.6, 1.7, 1200.0, 50.99
2006-05-22, 1.7, 1.7, 1.7, 1.7, 0.0, 50.99
2006-05-23, 1.7, 1.7, 1.7, 1.7, 0.0, 50.99
2006-05-24, 1.6, 1.61, 1.51, 1.51, 900.0, 45.3
2006-05-25, 1.5, 1.55, 1.49, 1.5, 900.0, 45.0
2006-05-26, 1.5, 1.5, 1.5, 1.5, 0.0, 45.0
2006-05-30, 1.54, 1.54, 1.54, 1.54, 0.0, 46.2
2006-05-31, 1.55, 1.57, 1.55, 1.57, 300.0, 47.1
2006-06-01, 1.57, 1.57, 1.57, 1.57, 0.0, 47.1
2006-06-02, 1.52, 1.55, 1.52, 1.52, 300.0, 45.6
2006-06-05, 1.57, 1.57, 1.57, 1.57, 0.0, 47.1
2006-06-06, 1.57, 1.57, 1.57, 1.57, 0.0, 47.1
2006-06-07, 1.57, 1.6, 1.55, 1.55, 200.0, 46.5
2006-06-08, 1.55, 1.55, 1.55, 1.55, 0.0, 46.5
2006-06-09, 1.55, 1.55, 1.55, 1.55, 0.0, 46.5
2006-06-12, 1.53, 1.53, 1.49, 1.49, 0.0, 44.7
2006-06-13, 1.45, 1.45, 1.33, 1.33, 100.0, 39.9
2006-06-14, 1.32, 1.5, 1.32, 1.5, 200.0, 45.0
2006-06-15, 1.4, 1.45, 1.4, 1.45, 400.0, 43.5
2006-06-16, 1.4, 1.4, 1.4, 1.4, 0.0, 42.0
2006-06-19, 1.6, 1.65, 1.6, 1.6, 400.0, 48.0
2006-06-20, 1.51, 1.51, 1.5, 1.5, 100.0, 45.0
2006-06-21, 1.5, 1.5, 1.5, 1.5, 0.0, 45.0
2006-06-22, 1.5, 1.5, 1.5, 1.5, 0.0, 45.0
2006-06-23, 1.5, 1.5, 1.5, 1.5, 0.0, 45.0
2006-06-26, 1.5, 1.5, 1.5, 1.5, 0.0, 45.0
2006-06-27, 1.5, 1.5, 1.4, 1.41, 1100.0, 42.3
2006-06-28, 1.5, 1.5, 1.4, 1.41, 600.0, 42.3
2006-06-29, 1.4, 1.43, 1.4, 1.43, 500.0, 42.9
2006-06-30, 1.43, 1.43, 1.43, 1.43, 0.0, 42.9
2006-07-03, 1.43, 1.43, 1.42, 1.42, 900.0, 42.6
2006-07-05, 1.48, 1.48, 1.45, 1.45, 0.0, 43.5
2006-07-06, 1.47, 1.49, 1.47, 1.49, 200.0, 44.7
2006-07-07, 1.49, 1.49, 1.49, 1.49, 200.0, 44.7
2006-07-10, 1.45, 1.45, 1.45, 1.45, 0.0, 43.5
2006-07-11, 1.45, 1.45, 1.45, 1.45, 0.0, 43.5
2006-07-12, 1.45, 1.45, 1.4, 1.45, 800.0, 43.5
2006-07-13, 1.4, 1.45, 1.37, 1.4, 500.0, 42.0
2006-07-14, 1.35, 1.4, 1.25, 1.4, 800.0, 42.0
2006-07-17, 1.4, 1.4, 1.4, 1.4, 0.0, 42.0
2006-07-18, 1.4, 1.4, 1.4, 1.4, 0.0, 42.0
2006-07-19, 1.4, 1.4, 1.4, 1.4, 200.0, 42.0
2006-07-20, 1.4, 1.4, 1.4, 1.4, 0.0, 42.0
2006-07-21, 1.35, 1.35, 1.32, 1.32, 0.0, 39.6
2006-07-24, 1.37, 1.38, 1.3, 1.3, 1400.0, 39.0
2006-07-25, 1.35, 1.45, 1.35, 1.45, 2000.0, 43.5
2006-07-26, 1.45, 1.45, 1.4, 1.42, 1000.0, 42.6
2006-07-27, 1.45, 1.5, 1.45, 1.5, 1300.0, 45.0
2006-07-28, 1.5, 1.55, 1.5, 1.55, 1600.0, 46.5
2006-07-31, 1.55, 1.55, 1.53, 1.55, 900.0, 46.5
2006-08-01, 1.55, 1.55, 1.52, 1.52, 600.0, 45.6
2006-08-02, 1.52, 1.52, 1.41, 1.43, 1100.0, 42.9
2006-08-03, 1.48, 1.5, 1.43, 1.43, 1200.0, 42.9
2006-08-04, 1.43, 1.45, 1.41, 1.43, 400.0, 42.9
2006-08-07, 1.41, 1.43, 1.4, 1.4, 1100.0, 42.0
2006-08-08, 1.4, 1.43, 1.4, 1.4, 700.0, 42.0
2006-08-09, 1.4, 1.4, 1.4, 1.4, 400.0, 42.0
2006-08-10, 1.42, 1.42, 1.42, 1.42, 0.0, 42.6
2006-08-11, 1.42, 1.42, 1.42, 1.42, 0.0, 42.6
2006-08-14, 1.42, 1.42, 1.42, 1.42, 0.0, 42.6
2006-08-15, 1.35, 1.35, 1.35, 1.35, 200.0, 40.5
2006-08-16, 1.38, 1.5, 1.38, 1.5, 2500.0, 45.0
2006-08-17, 1.47, 1.5, 1.47, 1.5, 4700.0, 45.0
2006-08-18, 1.5, 1.5, 1.5, 1.5, 400.0, 45.0
2006-08-21, 1.47, 1.47, 1.41, 1.41, 0.0, 42.3
2006-08-22, 1.45, 1.52, 1.45, 1.5, 0.0, 45.0
2006-08-23, 1.49, 1.51, 1.49, 1.51, 0.0, 45.3
2006-08-24, 1.49, 1.5, 1.42, 1.5, 200.0, 45.0
2006-08-25, 1.5, 1.5, 1.5, 1.5, 0.0, 45.0
2006-08-28, 1.5, 1.5, 1.5, 1.5, 0.0, 45.0
2006-08-29, 1.5, 1.5, 1.5, 1.5, 0.0, 45.0
2006-08-30, 1.5, 1.5, 1.5, 1.5, 0.0, 45.0
2006-08-31, 1.5, 1.65, 1.5, 1.65, 300.0, 49.5
2006-09-01, 1.6, 1.6, 1.58, 1.6, 400.0, 48.0
2006-09-05, 1.6, 1.6, 1.6, 1.6, 300.0, 48.0
2006-09-06, 1.51, 1.51, 1.5, 1.5, 100.0, 45.0
2006-09-07, 1.51, 1.55, 1.51, 1.55, 0.0, 46.5
2006-09-08, 1.55, 1.55, 1.55, 1.55, 0.0, 46.5
2006-09-11, 1.55, 1.55, 1.55, 1.55, 0.0, 46.5
2006-09-12, 1.57, 1.57, 1.57, 1.57, 0.0, 47.1
2006-09-13, 1.57, 1.57, 1.55, 1.57, 200.0, 47.1
2006-09-14, 1.55, 1.55, 1.51, 1.55, 700.0, 46.5
2006-09-15, 1.53, 1.53, 1.5, 1.5, 400.0, 45.0
2006-09-18, 1.5, 1.5, 1.5, 1.5, 100.0, 45.0
2006-09-19, 1.54, 1.54, 1.5, 1.5, 1500.0, 45.0
2006-09-20, 1.52, 1.52, 1.49, 1.51, 3400.0, 45.3
2006-09-21, 1.51, 1.51, 1.5, 1.5, 600.0, 45.0
2006-09-22, 1.5, 1.51, 1.49, 1.5, 18900.0, 45.0
2006-09-25, 1.52, 1.55, 1.52, 1.55, 0.0, 46.5
2006-09-26, 1.54, 1.55, 1.54, 1.55, 100.0, 46.5
2006-09-27, 1.61, 1.61, 1.6, 1.6, 1200.0, 48.0
2006-09-28, 1.61, 1.8, 1.61, 1.8, 900.0, 53.99
2006-09-29, 1.7, 1.75, 1.6, 1.7, 600.0, 50.99
2006-10-02, 1.7, 1.7, 1.7, 1.7, 0.0, 50.99
2006-10-03, 1.7, 1.7, 1.7, 1.7, 0.0, 50.99
2006-10-04, 1.7, 1.7, 1.66, 1.66, 200.0, 49.8
2006-10-05, 1.7, 1.7, 1.7, 1.7, 100.0, 50.99
2006-10-06, 1.7, 1.7, 1.7, 1.7, 0.0, 50.99
2006-10-09, 1.7, 1.7, 1.7, 1.7, 0.0, 50.99
2006-10-10, 1.7, 1.79, 1.7, 1.75, 1700.0, 52.49
2006-10-11, 1.76, 1.76, 1.76, 1.76, 0.0, 52.79
2006-10-12, 1.77, 1.77, 1.75, 1.75, 100.0, 52.49
2006-10-13, 1.75, 1.75, 1.75, 1.75, 0.0, 52.49
2006-10-16, 1.75, 1.75, 1.75, 1.75, 0.0, 52.49
2006-10-17, 1.7, 1.84, 1.7, 1.7, 600.0, 50.99
2006-10-18, 1.67, 1.78, 1.66, 1.7, 300.0, 50.99
2006-10-19, 1.7, 1.7, 1.7, 1.7, 0.0, 50.99
2006-10-20, 1.75, 1.75, 1.75, 1.75, 0.0, 52.49
2006-10-23, 1.8, 1.82, 1.76, 1.76, 1100.0, 52.79
2006-10-24, 1.76, 1.76, 1.75, 1.75, 200.0, 52.49
2006-10-25, 1.7, 1.72, 1.7, 1.7, 400.0, 50.99
2006-10-26, 1.7, 1.72, 1.7, 1.72, 0.0, 51.59
2006-10-27, 1.7, 1.7, 1.7, 1.7, 100.0, 50.99
2006-10-30, 1.7, 1.7, 1.7, 1.7, 300.0, 50.99
2006-10-31, 1.72, 1.72, 1.69, 1.71, 1100.0, 51.29
2006-11-01, 1.71, 1.71, 1.68, 1.68, 200.0, 50.39
2006-11-02, 1.7, 1.73, 1.7, 1.73, 200.0, 51.89
2006-11-03, 1.73, 1.74, 1.73, 1.73, 200.0, 51.89
2006-11-06, 1.73, 1.73, 1.71, 1.71, 100.0, 51.29
2006-11-07, 1.73, 1.73, 1.73, 1.73, 200.0, 51.89
2006-11-08, 1.73, 1.78, 1.7, 1.73, 900.0, 51.89
2006-11-09, 1.75, 1.78, 1.75, 1.77, 200.0, 53.09
2006-11-10, 1.83, 1.83, 1.75, 1.75, 800.0, 52.49
2006-11-13, 1.75, 1.75, 1.69, 1.7, 300.0, 50.99
2006-11-14, 1.7, 1.72, 1.7, 1.72, 300.0, 51.59
2006-11-15, 1.68, 1.7, 1.6, 1.68, 9400.0, 50.39
2006-11-16, 1.68, 1.68, 1.68, 1.68, 400.0, 50.39
2006-11-17, 1.68, 1.87, 1.68, 1.85, 3100.0, 55.49
2006-11-20, 1.86, 1.88, 1.8, 1.86, 1500.0, 55.79
2006-11-21, 1.85, 1.99, 1.82, 1.97, 1900.0, 59.09
2006-11-22, 1.96, 1.99, 1.95, 1.99, 400.0, 59.69
2006-11-24, 1.97, 1.97, 1.97, 1.97, 200.0, 59.09
2006-11-27, 1.97, 1.97, 1.86, 1.86, 1100.0, 55.79
2006-11-28, 1.88, 1.88, 1.86, 1.86, 400.0, 55.79
2006-11-29, 1.88, 1.89, 1.85, 1.85, 700.0, 55.49
2006-11-30, 1.85, 1.93, 1.85, 1.92, 1200.0, 57.59
2006-12-01, 1.92, 1.92, 1.9, 1.9, 400.0, 56.99
2006-12-04, 1.9, 1.92, 1.9, 1.9, 400.0, 56.99
2006-12-05, 1.92, 1.92, 1.91, 1.91, 400.0, 57.29
2006-12-06, 1.91, 1.91, 1.91, 1.91, 1100.0, 57.29
2006-12-07, 1.92, 1.92, 1.92, 1.92, 0.0, 57.59
2006-12-08, 1.95, 1.95, 1.91, 1.91, 200.0, 57.29
2006-12-11, 1.92, 1.92, 1.91, 1.91, 100.0, 57.29
2006-12-12, 1.9, 1.9, 1.9, 1.9, 100.0, 56.99
2006-12-13, 1.9, 1.9, 1.88, 1.9, 500.0, 56.99
2006-12-14, 1.9, 1.93, 1.9, 1.93, 400.0, 57.89
2006-12-15, 1.95, 2.04, 1.93, 2.0, 2300.0, 59.99
2006-12-18, 2.04, 2.05, 1.99, 2.05, 800.0, 61.49
2006-12-19, 2.05, 2.09, 1.97, 2.09, 300.0, 62.69
2006-12-20, 1.98, 2.03, 1.98, 2.03, 0.0, 60.89
2006-12-21, 2.03, 2.25, 2.03, 2.25, 900.0, 67.49
2006-12-22, 2.19, 2.35, 2.15, 2.35, 2000.0, 70.49
2006-12-26, 2.35, 2.57, 2.3, 2.53, 4200.0, 75.89
2006-12-27, 2.53, 2.75, 2.5, 2.75, 200.0, 82.49
2006-12-28, 2.8, 2.85, 2.75, 2.8, 3100.0, 83.99
2006-12-29, 2.85, 2.95, 2.85, 2.95, 1800.0, 88.49
2007-01-03, 3.1, 3.1, 2.9, 2.95, 2300.0, 88.49
2007-01-04, 2.95, 2.95, 2.9, 2.9, 4800.0, 86.99
2007-01-05, 2.9, 2.9, 2.79, 2.9, 2900.0, 86.99
2007-01-08, 2.94, 3.0, 2.87, 2.98, 1000.0, 89.39
2007-01-09, 2.86, 2.95, 2.86, 2.86, 0.0, 85.79
2007-01-10, 2.86, 2.86, 2.78, 2.82, 400.0, 84.59
2007-01-11, 2.86, 2.86, 2.82, 2.84, 400.0, 85.19
2007-01-12, 2.9, 2.9, 2.82, 2.82, 100.0, 84.59
2007-01-16, 2.9, 3.0, 2.83, 2.85, 1500.0, 85.49
2007-01-17, 2.9, 2.95, 2.85, 2.92, 4400.0, 87.59
2007-01-18, 2.95, 3.1, 2.92, 3.05, 2400.0, 91.49
2007-01-19, 3.07, 3.23, 3.05, 3.19, 4400.0, 95.69
2007-01-22, 3.23, 3.23, 3.05, 3.11, 3400.0, 93.29
2007-01-23, 3.06, 3.08, 3.05, 3.08, 1400.0, 92.39
2007-01-24, 3.07, 3.08, 2.96, 2.96, 8300.0, 88.79
2007-01-25, 3.0, 3.02, 2.97, 3.01, 1400.0, 90.29
2007-01-26, 2.98, 3.0, 2.92, 2.94, 2500.0, 88.19
2007-01-29, 2.95, 3.12, 2.94, 3.12, 1600.0, 93.59
2007-01-30, 3.2, 3.2, 3.0, 3.11, 2700.0, 93.29
2007-01-31, 3.11, 3.15, 3.09, 3.12, 7100.0, 93.59
2007-02-01, 3.11, 3.14, 3.1, 3.14, 1200.0, 94.19
2007-02-02, 3.14, 3.2, 3.1, 3.12, 1500.0, 93.59
2007-02-05, 3.12, 3.13, 3.12, 3.12, 100.0, 93.59
2007-02-06, 3.1, 3.1, 2.97, 3.0, 1000.0, 89.99
2007-02-07, 3.0, 3.01, 2.97, 3.0, 400.0, 89.99
2007-02-08, 3.07, 3.07, 3.0, 3.03, 2000.0, 90.89
2007-02-09, 3.05, 3.08, 3.05, 3.05, 1000.0, 91.49
2007-02-12, 3.05, 3.11, 3.05, 3.11, 1400.0, 93.29
2007-02-13, 3.13, 3.13, 3.08, 3.08, 600.0, 92.39
2007-02-14, 3.08, 3.09, 3.08, 3.08, 2100.0, 92.39
2007-02-15, 3.09, 3.09, 3.09, 3.09, 100.0, 92.69
2007-02-16, 3.07, 3.11, 3.0, 3.0, 2400.0, 89.99
2007-02-20, 3.0, 3.03, 2.98, 3.0, 1700.0, 89.99
2007-02-21, 3.06, 3.09, 3.0, 3.09, 1300.0, 92.69
2007-02-22, 3.37, 3.48, 3.29, 3.48, 27100.0, 104.39
2007-02-23, 3.49, 3.95, 3.48, 3.89, 26600.0, 116.69
2007-02-26, 3.95, 4.19, 3.95, 4.03, 23100.0, 120.89
2007-02-27, 4.02, 4.04, 3.75, 4.03, 6300.0, 120.89
2007-02-28, 4.03, 4.05, 4.0, 4.02, 5400.0, 120.59
2007-03-01, 4.02, 4.02, 3.91, 4.0, 3000.0, 119.99
2007-03-02, 3.98, 4.0, 3.95, 3.98, 2600.0, 119.39
2007-03-05, 3.95, 3.99, 3.95, 3.99, 3000.0, 119.69
2007-03-06, 3.98, 4.07, 3.79, 4.06, 10000.0, 121.79
2007-03-07, 4.02, 4.07, 4.0, 4.02, 10600.0, 120.59
2007-03-08, 4.05, 4.1, 4.04, 4.1, 800.0, 122.99
2007-03-09, 4.1, 4.1, 4.03, 4.05, 19100.0, 121.49
2007-03-12, 4.05, 4.1, 4.05, 4.05, 1100.0, 121.49
2007-03-13, 4.05, 4.07, 4.02, 4.02, 1200.0, 120.59
2007-03-14, 4.04, 4.05, 4.01, 4.04, 1200.0, 121.19
2007-03-15, 4.06, 4.06, 4.01, 4.01, 300.0, 120.29
2007-03-16, 4.01, 4.01, 4.0, 4.0, 4000.0, 119.99
2007-03-19, 4.0, 4.03, 4.0, 4.0, 1400.0, 119.99
2007-03-20, 4.0, 4.01, 3.91, 3.96, 2100.0, 118.79
2007-03-21, 3.97, 4.0, 3.85, 3.9, 1500.0, 116.99
2007-03-22, 3.8, 3.85, 3.4, 3.76, 8300.0, 112.79
2007-03-23, 3.85, 3.95, 3.5, 3.95, 25400.0, 118.49
2007-03-26, 3.95, 3.95, 3.74, 3.82, 700.0, 114.59
2007-03-27, 3.82, 3.96, 3.82, 3.91, 1800.0, 117.29
2007-03-28, 3.91, 3.91, 3.8, 3.82, 6300.0, 114.59
2007-03-29, 3.8, 3.89, 3.8, 3.83, 600.0, 114.89
2007-03-30, 3.8, 3.8, 3.72, 3.75, 3000.0, 112.49
2007-04-02, 3.75, 3.8, 3.75, 3.75, 900.0, 112.49
2007-04-03, 3.77, 3.8, 3.76, 3.76, 2800.0, 112.79
2007-04-04, 3.76, 4.09, 3.76, 4.07, 2700.0, 122.09
2007-04-05, 4.12, 4.23, 3.95, 4.2, 3600.0, 125.99
2007-04-09, 4.34, 4.5, 4.3, 4.4, 9600.0, 131.99
2007-04-10, 4.4, 4.4, 4.1, 4.25, 2700.0, 127.49
2007-04-11, 4.29, 4.29, 4.11, 4.2, 2200.0, 125.99
2007-04-12, 4.27, 4.4, 4.2, 4.4, 6400.0, 131.99
2007-04-13, 4.48, 4.49, 4.35, 4.4, 2700.0, 131.99
2007-04-16, 4.3, 4.3, 4.05, 4.18, 1600.0, 125.39
2007-04-17, 4.18, 4.31, 4.15, 4.3, 1900.0, 128.99
2007-04-18, 4.28, 4.35, 4.28, 4.35, 1200.0, 130.49
2007-04-19, 4.32, 4.4, 4.21, 4.38, 2600.0, 131.39
2007-04-20, 4.32, 4.5, 4.32, 4.43, 2900.0, 132.89
2007-04-23, 4.42, 4.74, 4.35, 4.55, 6300.0, 136.49
2007-04-24, 4.51, 4.75, 4.5, 4.55, 4600.0, 136.49
2007-04-25, 4.6, 4.65, 4.52, 4.55, 1200.0, 136.49
2007-04-26, 4.55, 4.61, 4.46, 4.54, 1000.0, 136.19
2007-04-27, 4.54, 4.61, 4.44, 4.5, 1300.0, 134.99
2007-04-30, 4.5, 4.6, 4.44, 4.45, 800.0, 133.49
2007-05-01, 4.5, 4.5, 4.2, 4.31, 8000.0, 129.29
2007-05-02, 4.3, 4.3, 4.2, 4.21, 1700.0, 126.29
2007-05-03, 4.22, 4.7, 4.22, 4.61, 6600.0, 138.29
2007-05-04, 4.4, 4.61, 4.4, 4.61, 1700.0, 138.29
2007-05-07, 4.61, 4.61, 4.4, 4.55, 1300.0, 136.49
2007-05-08, 4.45, 4.45, 4.4, 4.45, 600.0, 133.49
2007-05-09, 4.45, 4.47, 4.4, 4.45, 900.0, 133.49
2007-05-10, 4.45, 4.45, 4.35, 4.4, 800.0, 131.99
2007-05-11, 4.4, 4.43, 4.35, 4.43, 500.0, 132.89
2007-05-14, 4.5, 4.5, 4.32, 4.38, 800.0, 131.39
2007-05-15, 4.5, 4.53, 4.47, 4.5, 1400.0, 134.99
2007-05-16, 4.45, 4.45, 4.36, 4.41, 600.0, 132.29
2007-05-17, 4.4, 4.4, 4.36, 4.4, 2700.0, 131.99
2007-05-18, 4.41, 4.42, 4.35, 4.35, 1000.0, 130.49
2007-05-21, 4.35, 4.35, 4.3, 4.31, 400.0, 129.29
2007-05-22, 4.34, 4.35, 4.3, 4.33, 400.0, 129.89
2007-05-23, 4.35, 4.6, 4.35, 4.6, 5100.0, 137.99
2007-05-24, 4.6, 4.79, 4.6, 4.75, 2100.0, 142.49
2007-05-25, 4.7, 4.75, 4.65, 4.75, 600.0, 142.49
2007-05-29, 4.75, 5.1, 4.73, 5.1, 3600.0, 152.98
2007-05-30, 5.1, 5.1, 4.86, 4.9, 2400.0, 146.99
2007-05-31, 4.95, 4.95, 4.57, 4.7, 2800.0, 140.99
2007-06-01, 4.6, 4.94, 4.6, 4.89, 4300.0, 146.69
2007-06-04, 4.89, 4.89, 4.63, 4.8, 1700.0, 143.99
2007-06-05, 4.7, 4.8, 4.7, 4.75, 1000.0, 142.49
2007-06-06, 4.73, 4.73, 4.7, 4.72, 200.0, 141.59
2007-06-07, 4.73, 5.15, 4.72, 4.77, 7700.0, 143.09
2007-06-08, 4.85, 4.85, 4.77, 4.8, 500.0, 143.99
2007-06-11, 4.85, 4.85, 4.69, 4.85, 100.0, 145.49
2007-06-12, 4.8, 4.82, 4.7, 4.7, 900.0, 140.99
2007-06-13, 4.7, 4.81, 4.7, 4.75, 700.0, 142.49
2007-06-14, 4.75, 4.78, 4.65, 4.65, 100.0, 139.49
2007-06-15, 4.75, 4.85, 4.75, 4.75, 3800.0, 142.49
2007-06-18, 4.7, 4.7, 4.7, 4.7, 0.0, 140.99
2007-06-19, 4.7, 4.7, 4.6, 4.7, 1100.0, 140.99
2007-06-20, 4.62, 4.7, 4.62, 4.7, 300.0, 140.99
2007-06-21, 4.7, 4.78, 4.65, 4.75, 400.0, 142.49
2007-06-22, 4.78, 4.78, 4.75, 4.75, 100.0, 142.49
2007-06-25, 4.72, 4.72, 4.62, 4.7, 300.0, 140.99
2007-06-26, 4.65, 4.7, 4.6, 4.6, 500.0, 137.99
2007-06-27, 4.62, 4.7, 4.62, 4.68, 700.0, 140.39
2007-06-28, 4.65, 4.7, 4.6, 4.65, 700.0, 139.49
2007-06-29, 4.65, 4.65, 4.65, 4.65, 800.0, 139.49
2007-07-02, 4.6, 4.64, 4.5, 4.55, 3400.0, 136.49
2007-07-03, 4.5, 4.68, 4.5, 4.68, 2300.0, 140.39
2007-07-05, 4.68, 4.68, 4.65, 4.65, 500.0, 139.49
2007-07-06, 4.65, 4.68, 4.53, 4.6, 1600.0, 137.99
2007-07-09, 4.53, 4.68, 4.53, 4.68, 1500.0, 140.39
2007-07-10, 4.65, 4.65, 4.6, 4.6, 1200.0, 137.99
2007-07-11, 4.6, 4.73, 4.6, 4.73, 6900.0, 141.89
2007-07-12, 4.7, 4.7, 4.66, 4.66, 1700.0, 139.79
2007-07-13, 4.7, 5.05, 4.7, 5.0, 12200.0, 149.99
2007-07-16, 5.05, 5.39, 5.0, 5.39, 5500.0, 161.68
2007-07-17, 5.47, 5.47, 5.2, 5.3, 900.0, 158.98
2007-07-18, 5.3, 5.53, 5.2, 5.5, 4800.0, 164.98
2007-07-19, 5.54, 5.55, 5.47, 5.5, 2700.0, 164.98
2007-07-20, 5.47, 5.47, 5.1, 5.45, 3900.0, 163.48
2007-07-23, 5.4, 5.45, 5.35, 5.45, 6300.0, 163.48
2007-07-24, 5.45, 5.5, 5.3, 5.49, 1700.0, 164.68
2007-07-25, 5.5, 5.5, 5.29, 5.35, 1100.0, 160.48
2007-07-26, 5.47, 5.47, 5.29, 5.35, 1700.0, 160.48
2007-07-27, 5.35, 5.45, 5.27, 5.4, 900.0, 161.98
2007-07-30, 5.4, 5.4, 5.35, 5.35, 2400.0, 160.48
2007-07-31, 5.4, 5.43, 5.35, 5.39, 1600.0, 161.68
2007-08-01, 5.35, 5.39, 5.35, 5.35, 1000.0, 160.48
2007-08-02, 5.35, 5.4, 5.35, 5.4, 700.0, 161.98
2007-08-03, 5.42, 5.42, 5.4, 5.4, 1200.0, 161.98
2007-08-06, 5.36, 5.45, 4.7, 5.25, 3700.0, 157.48
2007-08-07, 5.2, 5.4, 5.2, 5.4, 1000.0, 161.98
2007-08-08, 5.4, 5.4, 5.35, 5.35, 100.0, 160.48
2007-08-09, 5.33, 5.4, 5.3, 5.3, 100.0, 158.98
2007-08-10, 5.3, 5.4, 5.3, 5.3, 1300.0, 158.98
2007-08-13, 5.25, 5.35, 5.15, 5.35, 100.0, 160.48
2007-08-14, 5.2, 5.3, 5.2, 5.3, 600.0, 158.98
2007-08-15, 5.25, 5.25, 5.16, 5.16, 200.0, 154.78
2007-08-16, 4.25, 4.7, 4.05, 4.7, 5900.0, 140.99
2007-08-17, 4.7, 5.19, 4.7, 5.19, 1300.0, 155.68
2007-08-20, 5.2, 5.25, 5.1, 5.1, 100.0, 152.98
2007-08-21, 5.3, 5.45, 5.3, 5.37, 3800.0, 161.08
2007-08-22, 5.39, 5.5, 5.35, 5.45, 7500.0, 163.48
2007-08-23, 5.5, 5.65, 5.45, 5.6, 2700.0, 167.98
2007-08-24, 5.62, 5.98, 5.6, 5.94, 6800.0, 178.18
2007-08-27, 5.94, 5.94, 5.94, 5.94, 0.0, 178.18
2007-08-28, 5.94, 6.25, 5.8, 6.03, 7700.0, 180.88
2007-08-29, 6.0, 6.1, 5.8, 6.0, 1900.0, 179.98
2007-08-30, 5.85, 6.05, 5.81, 5.95, 1300.0, 178.48
2007-08-31, 6.01, 6.03, 5.9, 5.97, 1300.0, 179.08
2007-09-04, 5.98, 5.98, 5.8, 5.98, 900.0, 179.38
2007-09-05, 5.98, 6.0, 5.9, 5.9, 2000.0, 176.98
2007-09-06, 5.77, 6.04, 5.77, 6.04, 13100.0, 181.18
2007-09-07, 6.0, 6.0, 5.75, 5.9, 3400.0, 176.98
2007-09-10, 5.79, 5.8, 5.65, 5.8, 1800.0, 173.98
2007-09-11, 5.88, 6.0, 5.75, 5.94, 1800.0, 178.18
2007-09-12, 5.95, 5.95, 5.67, 5.92, 1300.0, 177.58
2007-09-13, 5.99, 5.99, 5.65, 5.7, 700.0, 170.98
2007-09-14, 5.7, 5.8, 5.5, 5.7, 1000.0, 170.98
2007-09-17, 5.65, 5.8, 5.6, 5.7, 1500.0, 170.98
2007-09-18, 5.86, 5.95, 5.65, 5.65, 1100.0, 169.48
2007-09-19, 5.8, 5.98, 5.67, 5.97, 3500.0, 179.08
2007-09-20, 5.71, 6.0, 5.71, 5.95, 2600.0, 178.48
2007-09-21, 5.99, 6.5, 5.9, 6.5, 23100.0, 194.98
2007-09-24, 6.54, 6.87, 6.25, 6.87, 8500.0, 206.08
2007-09-25, 7.1, 8.6, 7.1, 8.6, 42400.0, 257.97
2007-09-26, 8.59, 8.95, 8.1, 8.92, 16600.0, 267.57
2007-09-27, 9.06, 9.2, 8.65, 8.67, 8000.0, 260.07
2007-09-28, 8.7, 10.58, 8.7, 9.65, 49100.0, 289.47
2007-10-01, 10.48, 10.48, 9.75, 10.1, 15700.0, 302.97
2007-10-02, 10.2, 10.2, 9.74, 9.96, 11100.0, 298.77
2007-10-03, 9.91, 10.1, 9.75, 9.95, 3700.0, 298.47
2007-10-04, 10.0, 10.35, 9.85, 10.2, 16000.0, 305.97
2007-10-05, 10.45, 10.85, 10.0, 10.45, 14800.0, 313.47
2007-10-08, 10.6, 10.95, 10.4, 10.63, 11300.0, 318.87
2007-10-09, 11.0, 11.4, 10.55, 11.35, 9300.0, 340.47
2007-10-10, 11.5, 11.8, 11.4, 11.8, 12800.0, 353.96
2007-10-11, 11.97, 12.31, 10.25, 11.99, 14400.0, 359.66
2007-10-12, 11.98, 12.1, 11.5, 12.0, 6200.0, 359.96
2007-10-15, 12.0, 12.1, 11.56, 12.09, 4700.0, 362.66
2007-10-16, 12.17, 13.29, 12.12, 13.08, 18600.0, 392.36
2007-10-17, 13.08, 13.65, 12.77, 13.17, 12900.0, 395.06
2007-10-18, 13.09, 13.45, 13.09, 13.45, 6000.0, 403.46
2007-10-19, 13.5, 13.5, 12.55, 13.1, 6800.0, 392.96
2007-10-22, 13.2, 13.38, 12.14, 13.2, 11300.0, 395.96
2007-10-23, 13.0, 13.55, 12.98, 13.46, 7900.0, 403.76
2007-10-24, 13.75, 15.0, 13.51, 14.39, 27600.0, 431.66
2007-10-25, 14.3, 15.0, 14.15, 14.68, 7100.0, 440.36
2007-10-26, 14.88, 15.0, 14.3, 14.95, 9700.0, 448.46
2007-10-29, 15.0, 15.16, 14.53, 14.91, 5300.0, 447.26
2007-10-30, 14.95, 15.0, 14.4, 14.56, 5600.0, 436.76
2007-10-31, 14.52, 14.61, 13.85, 14.17, 13800.0, 425.06
2007-11-01, 14.07, 14.07, 12.12, 12.6, 19100.0, 377.96
2007-11-02, 12.2, 13.35, 12.2, 12.92, 10000.0, 387.56
2007-11-05, 12.95, 13.43, 12.75, 13.29, 8400.0, 398.66
2007-11-06, 13.22, 13.78, 12.97, 13.69, 6500.0, 410.66
2007-11-07, 13.69, 14.5, 13.31, 13.49, 10000.0, 404.66
2007-11-08, 13.5, 14.0, 13.43, 13.55, 7800.0, 406.46
2007-11-09, 13.76, 13.91, 12.75, 12.84, 4200.0, 385.16
2007-11-12, 12.58, 13.02, 11.12, 11.74, 12000.0, 352.16
2007-11-13, 11.66, 12.05, 10.92, 11.95, 6900.0, 358.46
2007-11-14, 11.85, 11.87, 10.81, 11.27, 6500.0, 338.07
2007-11-15, 10.99, 10.99, 9.16, 9.41, 17500.0, 282.27
2007-11-16, 10.0, 10.42, 9.53, 10.41, 12700.0, 312.27
2007-11-19, 9.36, 11.65, 9.36, 10.23, 10700.0, 306.87
2007-11-20, 9.97, 10.55, 9.63, 9.88, 8900.0, 296.37
2007-11-21, 9.8, 9.98, 9.46, 9.5, 3700.0, 284.97
2007-11-23, 9.56, 9.57, 9.3, 9.43, 1700.0, 282.87
2007-11-26, 9.41, 10.29, 9.36, 9.65, 10900.0, 289.47
2007-11-27, 11.5, 13.17, 11.0, 11.42, 102600.0, 342.57
2007-11-28, 12.0, 12.0, 11.0, 11.05, 19000.0, 331.47
2007-11-29, 11.0, 11.45, 10.76, 11.3, 7700.0, 338.97
2007-11-30, 11.75, 12.05, 11.33, 11.75, 15100.0, 352.46
2007-12-03, 11.95, 12.3, 11.37, 12.3, 5200.0, 368.96
2007-12-04, 12.29, 12.3, 11.64, 11.75, 5000.0, 352.46
2007-12-05, 11.78, 12.43, 11.36, 11.64, 7100.0, 349.17
2007-12-06, 12.19, 12.19, 11.0, 11.39, 4900.0, 341.67
2007-12-07, 11.42, 11.73, 10.21, 10.76, 14900.0, 322.77
2007-12-10, 10.8, 11.33, 10.62, 10.84, 5300.0, 325.17
2007-12-11, 10.97, 10.97, 10.15, 10.33, 4700.0, 309.87
2007-12-12, 10.37, 11.0, 10.14, 10.8, 6800.0, 323.97
2007-12-13, 11.04, 11.24, 10.51, 10.67, 9400.0, 320.07
2007-12-14, 11.0, 11.0, 10.3, 10.37, 4600.0, 311.07
2007-12-17, 10.93, 10.93, 8.9, 9.0, 34100.0, 269.97
2007-12-18, 9.1, 9.46, 8.41, 8.6, 22500.0, 257.97
2007-12-19, 8.98, 8.98, 8.28, 8.41, 6900.0, 252.27
2007-12-20, 8.4, 8.4, 7.5, 7.77, 9900.0, 233.08
2007-12-21, 8.18, 8.99, 7.86, 8.32, 15300.0, 249.58
2007-12-24, 8.11, 8.29, 7.8, 8.22, 3700.0, 246.58
2007-12-26, 8.99, 8.99, 8.0, 8.28, 3400.0, 248.38
2007-12-27, 8.78, 8.78, 8.06, 8.26, 4900.0, 247.78
2007-12-28, 8.22, 8.36, 7.76, 8.07, 13100.0, 242.08
2007-12-31, 8.09, 9.5, 7.83, 8.72, 9800.0, 261.57
2008-01-02, 8.8, 9.07, 8.27, 8.38, 7000.0, 251.37
2008-01-03, 8.21, 8.73, 8.2, 8.4, 6000.0, 251.97
2008-01-04, 8.4, 8.85, 8.14, 8.16, 6200.0, 244.78
2008-01-07, 8.36, 8.36, 7.8, 8.03, 4300.0, 240.88
2008-01-08, 8.25, 8.48, 7.97, 8.09, 3000.0, 242.68
2008-01-09, 8.12, 8.45, 7.94, 8.38, 4200.0, 251.37
2008-01-10, 8.25, 8.6, 8.25, 8.6, 3700.0, 257.97
2008-01-11, 8.48, 8.75, 8.12, 8.46, 3500.0, 253.77
2008-01-14, 8.13, 8.19, 7.78, 7.96, 8000.0, 238.78
2008-01-15, 7.82, 8.25, 7.55, 7.59, 5100.0, 227.68
2008-01-16, 7.55, 7.8, 7.11, 7.37, 3200.0, 221.08
2008-01-17, 7.35, 7.49, 6.56, 6.63, 8900.0, 198.88
2008-01-18, 6.75, 6.99, 6.37, 6.6, 4400.0, 197.98
2008-01-22, 6.2, 6.39, 5.92, 6.06, 7500.0, 181.78
2008-01-23, 6.11, 6.7, 6.08, 6.54, 6200.0, 196.18
2008-01-24, 6.7, 6.73, 6.3, 6.55, 2200.0, 196.48
2008-01-25, 6.69, 6.69, 6.21, 6.38, 2800.0, 191.38
2008-01-28, 6.23, 6.27, 5.85, 6.01, 4900.0, 180.28
2008-01-29, 6.08, 6.21, 5.8, 5.87, 7800.0, 176.08
2008-01-30, 5.78, 6.23, 5.78, 5.96, 8100.0, 178.78
2008-01-31, 5.96, 6.21, 5.89, 5.99, 4900.0, 179.68
2008-02-01, 6.1, 6.41, 6.0, 6.4, 5100.0, 191.98
2008-02-04, 6.45, 6.79, 6.33, 6.37, 5400.0, 191.08
2008-02-05, 6.5, 6.96, 5.6, 6.32, 5100.0, 189.58
2008-02-06, 6.4, 6.71, 6.15, 6.31, 7200.0, 189.28
2008-02-07, 6.18, 6.85, 6.08, 6.22, 8400.0, 186.58
2008-02-08, 6.33, 6.33, 5.9, 5.94, 11700.0, 178.18
2008-02-11, 5.97, 6.03, 5.75, 5.98, 15200.0, 179.38
2008-02-12, 5.93, 6.08, 5.84, 5.96, 2400.0, 178.78
2008-02-13, 6.09, 6.09, 5.8, 5.85, 10600.0, 175.48
2008-02-14, 6.0, 6.47, 5.78, 6.39, 13200.0, 191.68
2008-02-15, 6.42, 6.5, 6.01, 6.09, 3800.0, 182.68
2008-02-19, 6.12, 6.34, 5.95, 5.95, 2100.0, 178.48
2008-02-20, 5.95, 6.36, 5.85, 6.11, 4500.0, 183.28
2008-02-21, 6.23, 6.23, 5.79, 5.95, 8400.0, 178.48
2008-02-22, 5.96, 6.14, 5.8, 5.93, 3100.0, 177.88
2008-02-25, 5.99, 6.3, 5.81, 6.25, 2800.0, 187.48
2008-02-26, 6.23, 6.34, 5.96, 6.34, 1500.0, 190.18
2008-02-27, 6.35, 6.35, 5.97, 6.16, 5600.0, 184.78
2008-02-28, 6.09, 6.35, 6.01, 6.31, 1800.0, 189.28
2008-02-29, 6.01, 6.35, 6.0, 6.18, 3100.0, 185.38
2008-03-03, 6.22, 6.39, 5.95, 6.16, 2800.0, 184.78
2008-03-04, 6.16, 6.72, 6.11, 6.64, 4900.0, 199.18
2008-03-05, 6.76, 6.85, 6.42, 6.64, 3100.0, 199.18
2008-03-06, 6.85, 7.12, 6.69, 6.83, 3600.0, 204.88
2008-03-07, 6.63, 6.71, 5.62, 5.79, 16400.0, 173.68
2008-03-10, 5.85, 6.14, 5.12, 5.19, 7100.0, 155.68
2008-03-11, 5.22, 5.7, 5.15, 5.55, 5300.0, 166.48
2008-03-12, 5.67, 5.81, 5.33, 5.68, 2500.0, 170.38
2008-03-13, 5.53, 5.74, 5.45, 5.65, 2000.0, 169.48
2008-03-14, 5.81, 5.81, 5.25, 5.4, 2900.0, 161.98
2008-03-17, 5.3, 5.69, 5.3, 5.5, 1100.0, 164.98
2008-03-18, 5.65, 5.75, 5.07, 5.49, 2900.0, 164.68
2008-03-19, 5.64, 5.97, 5.45, 5.49, 5300.0, 164.68
2008-03-20, 5.6, 5.85, 5.39, 5.67, 4600.0, 170.08
2008-03-24, 5.79, 5.84, 5.52, 5.8, 2700.0, 173.98
2008-03-25, 5.81, 6.11, 5.64, 5.95, 4400.0, 178.48
2008-03-26, 5.88, 5.95, 5.69, 5.86, 10000.0, 175.78
2008-03-27, 5.96, 6.29, 5.87, 6.13, 6400.0, 183.88
2008-03-28, 5.98, 6.39, 5.91, 6.01, 3900.0, 180.28
2008-03-31, 6.13, 6.18, 5.58, 5.78, 4800.0, 173.38
2008-04-01, 6.04, 6.26, 5.92, 6.08, 2900.0, 182.38
2008-04-02, 6.0, 6.24, 5.9, 5.98, 11900.0, 179.38
2008-04-03, 5.85, 6.0, 5.85, 5.9, 2900.0, 176.98
2008-04-04, 5.88, 6.0, 5.84, 6.0, 2100.0, 179.98
2008-04-07, 6.27, 6.59, 6.01, 6.19, 9700.0, 185.68
2008-04-08, 6.14, 6.21, 6.03, 6.2, 3300.0, 185.98
2008-04-09, 6.14, 6.14, 5.86, 5.97, 3800.0, 179.08
2008-04-10, 6.1, 6.1, 5.6, 5.88, 3300.0, 176.38
2008-04-11, 5.75, 6.07, 5.4, 5.65, 3400.0, 169.48
2008-04-14, 5.65, 5.85, 5.5, 5.68, 3300.0, 170.38
2008-04-15, 5.64, 5.7, 5.24, 5.4, 3500.0, 161.98
2008-04-16, 5.41, 5.5, 5.2, 5.4, 3300.0, 161.98
2008-04-17, 5.36, 5.46, 5.02, 5.11, 2800.0, 153.28
2008-04-18, 5.17, 5.19, 4.6, 4.87, 7600.0, 146.09
2008-04-21, 5.0, 5.0, 4.26, 4.3, 18400.0, 128.99
2008-04-22, 4.3, 4.3, 3.9, 4.0, 17000.0, 119.99
2008-04-23, 4.02, 4.3, 3.75, 4.23, 31200.0, 126.89
2008-04-24, 4.23, 4.23, 3.9, 4.08, 10800.0, 122.39
2008-04-25, 4.07, 4.31, 4.06, 4.2, 10500.0, 125.99
2008-04-28, 4.26, 4.4, 4.1, 4.16, 5900.0, 124.79
2008-04-29, 4.12, 4.3, 4.0, 4.26, 35200.0, 127.79
2008-04-30, 4.37, 4.37, 4.13, 4.25, 10700.0, 127.49
2008-05-01, 4.29, 4.36, 4.23, 4.35, 5600.0, 130.49
2008-05-02, 4.35, 4.35, 4.14, 4.3, 8900.0, 128.99
2008-05-05, 4.36, 4.5, 4.1, 4.24, 6500.0, 127.19
2008-05-06, 4.34, 4.47, 4.2, 4.47, 2500.0, 134.09
2008-05-07, 4.52, 4.52, 4.26, 4.3, 2100.0, 128.99
2008-05-08, 4.3, 4.55, 4.29, 4.53, 5400.0, 135.89
2008-05-09, 4.5, 4.67, 4.4, 4.64, 7300.0, 139.19
2008-05-12, 4.68, 5.06, 4.68, 4.93, 3000.0, 147.89
2008-05-13, 4.96, 5.39, 4.95, 5.34, 6900.0, 160.18
2008-05-14, 5.33, 5.49, 5.15, 5.36, 3200.0, 160.78
2008-05-15, 5.41, 5.69, 5.25, 5.65, 5400.0, 169.48
2008-05-16, 5.64, 5.86, 5.5, 5.75, 5200.0, 172.48
2008-05-19, 5.78, 5.8, 5.48, 5.59, 4600.0, 167.68
2008-05-20, 5.52, 5.75, 5.13, 5.32, 4600.0, 159.58
2008-05-21, 5.3, 5.32, 4.88, 4.97, 6700.0, 149.09
2008-05-22, 4.95, 5.04, 4.9, 5.0, 2000.0, 149.99
2008-05-23, 5.0, 5.03, 4.87, 4.94, 7800.0, 148.19
2008-05-27, 4.92, 5.04, 4.85, 4.94, 2800.0, 148.19
2008-05-28, 4.93, 5.17, 4.74, 5.1, 3900.0, 152.98
2008-05-29, 4.98, 5.0, 4.86, 4.93, 4000.0, 147.89
2008-05-30, 4.97, 5.12, 4.87, 4.88, 11200.0, 146.39
2008-06-02, 4.9, 5.05, 4.85, 4.95, 3100.0, 148.49
2008-06-03, 4.94, 5.0, 4.87, 4.98, 3200.0, 149.39
2008-06-04, 4.96, 5.0, 4.92, 4.95, 3300.0, 148.49
2008-06-05, 4.97, 5.0, 4.85, 4.97, 7400.0, 149.09
2008-06-06, 4.9, 4.96, 4.75, 4.89, 4700.0, 146.69
2008-06-09, 4.85, 4.97, 4.76, 4.81, 2200.0, 144.29
2008-06-10, 4.76, 4.83, 4.55, 4.81, 4400.0, 144.29
2008-06-11, 4.77, 4.77, 4.5, 4.66, 4000.0, 139.79
2008-06-12, 4.63, 5.0, 4.5, 4.95, 4700.0, 148.49
2008-06-13, 4.95, 5.36, 4.95, 5.06, 8100.0, 151.78
2008-06-16, 5.09, 5.09, 5.02, 5.04, 2100.0, 151.18
2008-06-17, 5.03, 5.05, 4.9, 4.91, 3700.0, 147.29
2008-06-18, 4.88, 5.09, 4.88, 5.0, 2700.0, 149.99
2008-06-19, 4.97, 4.97, 4.85, 4.93, 5500.0, 147.89
2008-06-20, 4.87, 4.96, 4.8, 4.94, 2400.0, 148.19
2008-06-23, 4.94, 4.94, 4.57, 4.63, 3100.0, 138.89
2008-06-24, 5.02, 5.44, 4.99, 5.25, 23800.0, 157.48
2008-06-25, 5.2, 5.66, 5.18, 5.64, 14600.0, 169.18
2008-06-26, 5.74, 6.95, 5.7, 6.49, 31600.0, 194.68
2008-06-27, 6.3, 6.49, 5.95, 6.48, 19600.0, 194.38
2008-06-30, 6.44, 6.66, 6.25, 6.38, 5000.0, 191.38
2008-07-01, 6.34, 6.44, 5.86, 5.94, 5100.0, 178.18
2008-07-02, 6.06, 6.24, 5.87, 5.91, 3800.0, 177.28
2008-07-03, 6.02, 6.02, 5.7, 5.91, 1500.0, 177.28
2008-07-07, 5.97, 5.97, 5.73, 5.86, 1700.0, 175.78
2008-07-08, 5.86, 5.95, 5.69, 5.91, 2200.0, 177.28
2008-07-09, 5.91, 6.13, 5.8, 6.1, 4900.0, 182.98
2008-07-10, 6.12, 6.12, 5.91, 5.95, 1900.0, 178.48
2008-07-11, 5.95, 5.98, 5.69, 5.8, 2800.0, 173.98
2008-07-14, 5.79, 5.79, 5.6, 5.63, 5400.0, 168.88
2008-07-15, 5.65, 5.93, 5.65, 5.67, 3000.0, 170.08
2008-07-16, 6.42, 6.42, 5.63, 6.18, 5300.0, 185.38
2008-07-17, 6.16, 6.26, 5.92, 6.26, 7900.0, 187.78
2008-07-18, 6.2, 6.35, 6.05, 6.05, 2700.0, 181.48
2008-07-21, 6.05, 6.21, 5.93, 5.95, 1900.0, 178.48
2008-07-22, 5.93, 6.2, 5.93, 5.95, 1200.0, 178.48
2008-07-23, 6.09, 6.47, 6.09, 6.16, 6000.0, 184.78
2008-07-24, 6.19, 6.25, 5.93, 5.95, 2800.0, 178.48
2008-07-25, 5.92, 6.0, 5.9, 6.0, 1500.0, 179.98
2008-07-28, 5.91, 6.0, 5.76, 6.0, 1500.0, 179.98
2008-07-29, 5.96, 5.96, 5.58, 5.63, 5500.0, 168.88
2008-07-30, 5.64, 5.94, 5.4, 5.9, 2200.0, 176.98
2008-07-31, 5.82, 6.24, 5.82, 6.23, 1800.0, 186.88
2008-08-01, 6.21, 6.21, 5.78, 5.79, 1200.0, 173.68
2008-08-04, 5.75, 5.85, 5.6, 5.78, 1700.0, 173.38
2008-08-05, 5.77, 5.9, 5.7, 5.84, 3100.0, 175.18
2008-08-06, 5.85, 6.24, 5.79, 5.93, 1800.0, 177.88
2008-08-07, 5.94, 5.94, 5.7, 5.85, 2900.0, 175.48
2008-08-08, 5.77, 5.97, 5.65, 5.97, 1800.0, 179.08
2008-08-11, 6.01, 6.1, 5.82, 5.89, 1500.0, 176.68
2008-08-12, 5.93, 5.95, 5.75, 5.8, 1000.0, 173.98
2008-08-13, 5.75, 6.03, 5.75, 6.0, 1500.0, 179.98
2008-08-14, 5.99, 6.25, 5.96, 6.13, 3500.0, 183.88
2008-08-15, 6.21, 6.25, 6.04, 6.2, 1700.0, 185.98
2008-08-18, 6.25, 6.25, 6.06, 6.09, 1800.0, 182.68
2008-08-19, 6.27, 6.27, 5.85, 5.86, 3300.0, 175.78
2008-08-20, 5.85, 5.91, 5.7, 5.75, 1600.0, 172.48
2008-08-21, 5.79, 5.89, 5.7, 5.86, 700.0, 175.78
2008-08-22, 5.83, 6.2, 5.77, 6.11, 2100.0, 183.28
2008-08-25, 6.09, 6.1, 5.8, 5.89, 1400.0, 176.68
2008-08-26, 6.0, 6.2, 5.9, 6.01, 1900.0, 180.28
2008-08-27, 6.1, 6.26, 5.9, 6.25, 2200.0, 187.48
2008-08-28, 6.24, 6.94, 6.22, 6.81, 11500.0, 204.28
2008-08-29, 6.8, 7.8, 6.55, 7.21, 14300.0, 216.28
2008-09-02, 7.48, 7.61, 7.1, 7.24, 4600.0, 217.18
2008-09-03, 7.34, 7.34, 6.86, 7.06, 4600.0, 211.78
2008-09-04, 7.02, 7.3, 6.76, 7.02, 5900.0, 210.58
2008-09-05, 6.95, 7.02, 6.7, 6.82, 3900.0, 204.58
2008-09-08, 6.98, 7.02, 6.61, 6.81, 2500.0, 204.28
2008-09-09, 6.92, 7.26, 6.88, 6.95, 5200.0, 208.48
2008-09-10, 7.15, 7.15, 6.71, 7.06, 3600.0, 211.78
2008-09-11, 6.99, 7.17, 6.78, 7.08, 3300.0, 212.38
2008-09-12, 7.12, 7.23, 7.0, 7.05, 3500.0, 211.48
2008-09-15, 6.77, 6.97, 6.65, 6.73, 3400.0, 201.88
2008-09-16, 6.73, 6.9, 6.66, 6.66, 3100.0, 199.78
2008-09-17, 6.65, 6.65, 5.9, 5.94, 10500.0, 178.18
2008-09-18, 6.12, 7.26, 5.8, 7.15, 11000.0, 214.48
2008-09-19, 7.34, 7.34, 6.36, 6.56, 2700.0, 196.78
2008-09-22, 6.69, 6.97, 6.45, 6.76, 2200.0, 202.78
2008-09-23, 6.51, 6.85, 6.15, 6.39, 5300.0, 191.68
2008-09-24, 6.35, 6.85, 6.35, 6.49, 2100.0, 194.68
2008-09-25, 6.65, 6.72, 6.6, 6.6, 900.0, 197.98
2008-09-26, 6.72, 6.72, 6.4, 6.6, 700.0, 197.98
2008-09-29, 6.42, 6.6, 5.6, 6.15, 2500.0, 184.48
2008-09-30, 6.09, 6.4, 6.0, 6.24, 2200.0, 187.18
2008-10-01, 6.33, 6.33, 6.1, 6.25, 2000.0, 187.48
2008-10-02, 6.3, 6.33, 5.77, 5.82, 2800.0, 174.58
2008-10-03, 5.9, 6.13, 5.77, 5.9, 3900.0, 176.98
2008-10-06, 5.81, 5.9, 5.52, 5.66, 3600.0, 169.78
2008-10-07, 6.02, 6.08, 5.53, 5.6, 2400.0, 167.98
2008-10-08, 5.51, 5.75, 5.28, 5.74, 5800.0, 172.18
2008-10-09, 5.75, 5.87, 4.82, 4.99, 4900.0, 149.69
2008-10-10, 4.72, 4.75, 3.58, 4.18, 12800.0, 125.39
2008-10-13, 4.5, 4.85, 4.5, 4.85, 1700.0, 145.49
2008-10-14, 4.75, 4.9, 4.65, 4.71, 6000.0, 141.29
2008-10-15, 4.66, 4.86, 4.36, 4.51, 4500.0, 135.29
2008-10-16, 4.5, 4.89, 4.25, 4.5, 3800.0, 134.99
2008-10-17, 4.46, 5.74, 4.3, 4.5, 4600.0, 134.99
2008-10-20, 4.64, 5.55, 4.55, 5.54, 2500.0, 166.18
2008-10-21, 5.49, 5.93, 5.49, 5.75, 3000.0, 172.48
2008-10-22, 5.75, 5.78, 5.3, 5.32, 1600.0, 159.58
2008-10-23, 5.3, 5.36, 4.9, 5.08, 1400.0, 152.38
2008-10-24, 4.75, 5.0, 4.57, 4.94, 1000.0, 148.19
2008-10-27, 4.8, 5.19, 4.76, 5.13, 600.0, 153.88
2008-10-28, 5.25, 5.33, 4.86, 4.94, 2000.0, 148.19
2008-10-29, 4.76, 5.26, 4.76, 4.8, 1900.0, 143.99
2008-10-30, 4.93, 4.93, 4.73, 4.83, 1000.0, 144.89
2008-10-31, 4.87, 5.0, 4.76, 4.91, 1200.0, 147.29
2008-11-03, 4.8, 5.02, 4.75, 4.82, 2700.0, 144.59
2008-11-04, 4.9, 4.97, 4.75, 4.83, 1300.0, 144.89
2008-11-05, 4.75, 4.99, 4.68, 4.89, 1000.0, 146.69
2008-11-06, 4.81, 5.02, 4.76, 4.84, 1500.0, 145.19
2008-11-07, 4.9, 5.15, 4.78, 4.87, 5400.0, 146.09
2008-11-10, 5.25, 5.25, 4.55, 4.61, 1200.0, 138.29
2008-11-11, 4.66, 4.82, 4.52, 4.6, 900.0, 137.99
2008-11-12, 4.52, 4.87, 4.0, 4.25, 2600.0, 127.49
2008-11-13, 4.25, 4.56, 4.13, 4.47, 700.0, 134.09
2008-11-14, 4.57, 4.72, 4.5, 4.6, 500.0, 137.99
2008-11-17, 4.72, 5.07, 4.6, 5.07, 1500.0, 152.08
2008-11-18, 5.05, 5.18, 4.82, 5.0, 2900.0, 149.99
2008-11-19, 4.91, 5.25, 4.91, 5.2, 2300.0, 155.98
2008-11-20, 5.15, 5.19, 4.98, 5.05, 8200.0, 151.48
2008-11-21, 5.13, 5.19, 4.9, 5.03, 4300.0, 150.88
2008-11-24, 5.05, 5.09, 4.82, 5.0, 1600.0, 149.99
2008-11-25, 5.05, 5.05, 4.38, 4.55, 7300.0, 136.49
2008-11-26, 4.58, 4.68, 4.45, 4.58, 3300.0, 137.39
2008-11-28, 4.65, 4.99, 4.45, 4.92, 800.0, 147.59
2008-12-01, 4.89, 4.89, 4.52, 4.63, 1400.0, 138.89
2008-12-02, 4.8, 5.05, 4.53, 5.0, 3600.0, 149.99
2008-12-03, 5.03, 5.39, 4.93, 5.39, 6900.0, 161.68
2008-12-04, 5.35, 5.9, 5.32, 5.45, 9700.0, 163.48
2008-12-05, 5.46, 5.7, 5.27, 5.51, 8200.0, 165.28
2008-12-08, 5.69, 6.25, 5.69, 5.91, 7700.0, 177.28
2008-12-09, 5.97, 6.3, 5.93, 6.08, 2300.0, 182.38
2008-12-10, 6.19, 6.45, 6.1, 6.43, 4300.0, 192.88
2008-12-11, 6.45, 6.65, 6.21, 6.65, 2400.0, 199.48
2008-12-12, 6.65, 6.75, 6.07, 6.15, 2500.0, 184.48
2008-12-15, 6.3, 6.36, 5.8, 5.93, 2500.0, 177.88
2008-12-16, 5.95, 6.16, 5.85, 6.0, 2000.0, 179.98
2008-12-17, 6.04, 6.16, 5.84, 5.84, 2800.0, 175.18
2008-12-18, 5.97, 6.1, 5.8, 5.88, 1600.0, 176.38
2008-12-19, 5.95, 6.08, 5.82, 5.87, 3200.0, 176.08
2008-12-22, 5.9, 5.95, 5.36, 5.55, 1800.0, 166.48
2008-12-23, 5.52, 5.83, 5.4, 5.66, 1400.0, 169.78
2008-12-24, 5.62, 6.1, 5.62, 6.09, 600.0, 182.68
2008-12-26, 6.18, 6.18, 5.88, 5.99, 1300.0, 179.68
2008-12-29, 5.97, 6.08, 5.61, 5.72, 1700.0, 171.58
2008-12-30, 5.79, 6.1, 5.79, 5.93, 7900.0, 177.88
2008-12-31, 6.1, 6.31, 5.99, 6.17, 4100.0, 185.08
2009-01-02, 6.31, 6.59, 6.12, 6.42, 3000.0, 192.58
2009-01-05, 6.55, 6.68, 6.04, 6.47, 4100.0, 194.08
2009-01-06, 6.45, 6.7, 6.35, 6.46, 4300.0, 193.78
2009-01-07, 6.58, 6.58, 6.23, 6.46, 2000.0, 193.78
2009-01-08, 6.59, 6.59, 6.25, 6.35, 2700.0, 190.48
2009-01-09, 6.5, 6.5, 6.21, 6.34, 1400.0, 190.18
2009-01-12, 6.44, 6.56, 6.3, 6.36, 4400.0, 190.78
2009-01-13, 6.24, 6.64, 6.24, 6.36, 2700.0, 190.78
2009-01-14, 6.38, 6.49, 6.28, 6.33, 800.0, 189.88
2009-01-15, 6.24, 7.1, 6.21, 7.0, 12300.0, 209.98
2009-01-16, 7.03, 7.78, 7.0, 7.63, 14400.0, 228.88
2009-01-20, 6.5, 6.55, 1.05, 1.3, 394300.0, 39.0
2009-01-21, 1.47, 1.94, 1.36, 1.71, 211300.0, 51.29
2009-01-22, 1.71, 1.71, 1.4, 1.5, 43600.0, 45.0
2009-01-23, 1.45, 1.69, 1.28, 1.54, 56500.0, 46.2
2009-01-26, 1.69, 1.7, 1.53, 1.54, 21000.0, 46.2
2009-01-27, 1.55, 1.55, 1.32, 1.33, 28600.0, 39.9
2009-01-28, 1.5, 1.55, 1.35, 1.53, 31300.0, 45.9
2009-01-29, 1.62, 1.62, 1.46, 1.47, 15600.0, 44.1
2009-01-30, 1.59, 1.59, 1.47, 1.5, 12400.0, 45.0
2009-02-02, 1.4, 1.54, 1.37, 1.47, 14100.0, 44.1
2009-02-03, 1.52, 1.52, 1.42, 1.46, 9900.0, 43.8
2009-02-04, 1.46, 1.69, 1.44, 1.66, 26100.0, 49.8
2009-02-05, 1.65, 1.85, 1.61, 1.7, 22400.0, 50.99
2009-02-06, 1.75, 1.76, 1.64, 1.64, 15400.0, 49.2
2009-02-09, 1.6, 1.86, 1.54, 1.76, 17200.0, 52.79
2009-02-10, 1.74, 2.05, 1.74, 1.8, 25100.0, 53.99
2009-02-11, 1.82, 1.92, 1.71, 1.86, 12100.0, 55.79
2009-02-12, 1.82, 1.88, 1.75, 1.84, 6500.0, 55.19
2009-02-13, 1.82, 1.9, 1.75, 1.83, 6100.0, 54.89
2009-02-17, 1.85, 1.85, 1.58, 1.58, 13300.0, 47.4
2009-02-18, 1.58, 1.58, 1.49, 1.53, 5500.0, 45.9
2009-02-19, 1.53, 1.58, 1.4, 1.4, 6400.0, 42.0
2009-02-20, 1.37, 1.4, 1.22, 1.29, 9900.0, 38.7
2009-02-23, 1.35, 1.41, 1.25, 1.4, 5300.0, 42.0
2009-02-24, 1.4, 1.48, 1.29, 1.47, 4600.0, 44.1
2009-02-25, 1.42, 1.55, 1.4, 1.55, 4600.0, 46.5
2009-02-26, 1.5, 1.57, 1.45, 1.46, 2200.0, 43.8
2009-02-27, 1.45, 1.47, 1.34, 1.38, 2800.0, 41.4
2009-03-02, 1.35, 1.37, 1.27, 1.32, 4500.0, 39.6
2009-03-03, 1.28, 1.43, 1.27, 1.42, 6500.0, 42.6
2009-03-04, 1.38, 1.47, 1.32, 1.45, 4300.0, 43.5
2009-03-05, 1.39, 1.4, 1.3, 1.36, 2400.0, 40.8
2009-03-06, 1.35, 1.48, 1.35, 1.45, 2500.0, 43.5
2009-03-09, 1.5, 1.5, 1.3, 1.44, 1800.0, 43.2
2009-03-10, 1.43, 1.54, 1.36, 1.51, 4600.0, 45.3
2009-03-11, 1.53, 1.65, 1.48, 1.6, 6200.0, 48.0
2009-03-12, 1.74, 1.93, 1.71, 1.9, 16900.0, 56.99
2009-03-13, 2.17, 2.25, 1.66, 1.75, 10700.0, 52.49
2009-03-16, 1.83, 1.83, 1.57, 1.58, 2700.0, 47.4
2009-03-17, 1.6, 1.62, 1.44, 1.55, 4800.0, 46.5
2009-03-18, 1.55, 1.7, 1.52, 1.69, 2200.0, 50.69
2009-03-19, 1.65, 1.78, 1.54, 1.56, 2000.0, 46.8
2009-03-20, 1.61, 1.61, 1.5, 1.59, 3400.0, 47.7
2009-03-23, 1.62, 1.71, 1.52, 1.7, 5100.0, 50.99
2009-03-24, 1.63, 1.73, 1.61, 1.66, 2500.0, 49.8
2009-03-25, 1.66, 1.86, 1.61, 1.63, 6200.0, 48.9
2009-03-26, 1.75, 1.79, 1.72, 1.75, 5900.0, 52.49
2009-03-27, 1.68, 1.75, 1.62, 1.72, 2300.0, 51.59
2009-03-30, 1.62, 1.69, 1.62, 1.67, 2600.0, 50.09
2009-03-31, 1.65, 1.7, 1.52, 1.66, 5300.0, 49.8
2009-04-01, 1.59, 1.7, 1.54, 1.56, 3700.0, 46.8
2009-04-02, 1.7, 1.84, 1.57, 1.58, 21900.0, 47.4
2009-04-03, 1.74, 1.81, 1.7, 1.8, 11900.0, 53.99
2009-04-06, 1.85, 1.9, 1.8, 1.89, 13400.0, 56.69
2009-04-07, 1.8, 1.8, 1.6, 1.67, 12900.0, 50.09
2009-04-08, 1.67, 1.88, 1.65, 1.8, 12200.0, 53.99
2009-04-09, 2.0, 2.2, 1.67, 1.78, 32400.0, 53.39
2009-04-13, 1.72, 2.08, 1.7, 2.08, 15400.0, 62.39
2009-04-14, 2.08, 2.15, 1.81, 1.97, 14000.0, 59.09
2009-04-15, 1.91, 1.93, 1.8, 1.85, 8700.0, 55.49
2009-04-16, 1.84, 1.9, 1.78, 1.79, 6400.0, 53.69
2009-04-17, 1.75, 1.83, 1.7, 1.7, 8800.0, 50.99
2009-04-20, 1.7, 1.74, 1.6, 1.64, 9700.0, 49.2
2009-04-21, 1.6, 1.65, 1.56, 1.61, 5300.0, 48.3
2009-04-22, 1.56, 1.75, 1.55, 1.58, 4300.0, 47.4
2009-04-23, 1.62, 1.7, 1.61, 1.63, 3500.0, 48.9
2009-04-24, 1.64, 1.69, 1.58, 1.64, 4100.0, 49.2
2009-04-27, 1.68, 1.68, 1.55, 1.58, 5800.0, 47.4
2009-04-28, 1.62, 1.75, 1.6, 1.6, 9200.0, 48.0
2009-04-29, 1.6, 1.68, 1.57, 1.6, 4500.0, 48.0
2009-04-30, 1.6, 1.7, 1.6, 1.7, 5800.0, 50.99
2009-05-01, 1.75, 1.77, 1.7, 1.76, 4700.0, 52.79
2009-05-04, 1.77, 1.77, 1.7, 1.73, 3300.0, 51.89
2009-05-05, 1.7, 1.79, 1.7, 1.79, 5200.0, 53.69
2009-05-06, 1.8, 1.8, 1.74, 1.76, 4100.0, 52.79
2009-05-07, 1.74, 1.75, 1.66, 1.74, 4200.0, 52.19
2009-05-08, 1.72, 1.78, 1.7, 1.73, 2200.0, 51.89
2009-05-11, 1.75, 1.75, 1.7, 1.72, 2600.0, 51.59
2009-05-12, 1.7, 1.75, 1.68, 1.72, 1800.0, 51.59
2009-05-13, 1.68, 1.69, 1.56, 1.62, 4400.0, 48.6
2009-05-14, 1.59, 1.67, 1.55, 1.63, 2500.0, 48.9
2009-05-15, 1.69, 1.69, 1.53, 1.57, 3100.0, 47.1
2009-05-18, 1.55, 1.61, 1.55, 1.55, 3300.0, 46.5
2009-05-19, 1.57, 1.61, 1.55, 1.59, 2800.0, 47.7
2009-05-20, 1.61, 1.67, 1.58, 1.59, 2900.0, 47.7
2009-05-21, 1.56, 1.61, 1.55, 1.57, 2300.0, 47.1
2009-05-22, 1.57, 1.61, 1.52, 1.56, 5100.0, 46.8
2009-05-26, 1.63, 1.64, 1.54, 1.57, 3300.0, 47.1
2009-05-27, 1.6, 1.6, 1.5, 1.53, 5100.0, 45.9
2009-05-28, 1.57, 1.58, 1.46, 1.54, 4300.0, 46.2
2009-05-29, 1.51, 1.59, 1.48, 1.59, 4300.0, 47.7
2009-06-01, 1.59, 1.6, 1.54, 1.54, 5400.0, 46.2
2009-06-02, 1.53, 1.66, 1.53, 1.56, 6400.0, 46.8
2009-06-03, 1.56, 1.61, 1.55, 1.57, 1700.0, 47.1
2009-06-04, 1.6, 1.65, 1.57, 1.63, 2700.0, 48.9
2009-06-05, 1.6, 1.65, 1.56, 1.56, 3500.0, 46.8
2009-06-08, 1.51, 1.63, 1.51, 1.59, 3400.0, 47.7
2009-06-09, 1.6, 1.65, 1.57, 1.61, 2600.0, 48.3
2009-06-10, 1.65, 1.68, 1.62, 1.66, 2700.0, 49.8
2009-06-11, 1.7, 1.7, 1.64, 1.7, 2800.0, 50.99
2009-06-12, 2.25, 2.75, 2.02, 2.1, 65100.0, 62.99
2009-06-15, 2.05, 2.08, 1.88, 1.93, 12500.0, 57.89
2009-06-16, 1.98, 2.1, 1.85, 1.9, 7800.0, 56.99
2009-06-17, 1.95, 2.07, 1.8, 2.02, 5300.0, 60.59
2009-06-18, 2.02, 2.58, 2.02, 2.48, 25000.0, 74.39
2009-06-19, 2.6, 2.63, 2.3, 2.36, 11200.0, 70.79
2009-06-22, 2.36, 2.5, 2.2, 2.38, 5300.0, 71.39
2009-06-23, 2.37, 2.47, 2.27, 2.45, 4500.0, 73.49
2009-06-24, 2.54, 2.72, 2.48, 2.61, 8900.0, 78.29
2009-06-25, 2.67, 2.67, 2.45, 2.64, 4900.0, 79.19
2009-06-26, 2.59, 2.64, 2.44, 2.47, 5400.0, 74.09
2009-06-29, 2.45, 2.6, 2.41, 2.53, 3000.0, 75.89
2009-06-30, 2.59, 2.75, 2.42, 2.67, 21500.0, 80.09
2009-07-01, 2.7, 2.7, 2.46, 2.47, 9600.0, 74.09
2009-07-02, 2.53, 2.53, 2.24, 2.37, 5700.0, 71.09
2009-07-06, 2.33, 2.33, 2.28, 2.29, 2100.0, 68.69
2009-07-07, 2.29, 2.3, 2.21, 2.22, 2300.0, 66.59
2009-07-08, 2.23, 2.3, 2.12, 2.12, 4600.0, 63.59
2009-07-09, 2.1, 2.18, 2.1, 2.12, 1600.0, 63.59
2009-07-10, 2.19, 2.19, 2.1, 2.14, 1400.0, 64.19
2009-07-13, 2.14, 2.14, 2.05, 2.05, 1600.0, 61.49
2009-07-14, 2.04, 2.07, 1.93, 2.04, 7900.0, 61.19
2009-07-15, 2.04, 2.05, 1.94, 2.02, 3000.0, 60.59
2009-07-16, 2.02, 2.1, 2.02, 2.09, 1800.0, 62.69
2009-07-17, 2.06, 2.1, 2.05, 2.1, 2200.0, 62.99
2009-07-20, 2.12, 2.2, 2.12, 2.2, 2300.0, 65.99
2009-07-21, 2.2, 2.25, 2.1, 2.18, 3100.0, 65.39
2009-07-22, 2.22, 2.55, 2.15, 2.5, 5000.0, 74.99
2009-07-23, 2.5, 2.5, 2.36, 2.4, 2200.0, 71.99
2009-07-24, 2.4, 2.41, 2.32, 2.35, 1400.0, 70.49
2009-07-27, 2.37, 2.6, 2.37, 2.56, 5300.0, 76.79
2009-07-28, 2.6, 3.15, 2.54, 2.91, 14000.0, 87.29
2009-07-29, 2.99, 3.0, 2.5, 2.86, 9900.0, 85.79
2009-07-30, 2.89, 2.95, 2.76, 2.91, 4700.0, 87.29
2009-07-31, 2.91, 2.97, 2.85, 2.9, 2600.0, 86.99
2009-08-03, 2.87, 2.95, 2.76, 2.88, 3200.0, 86.39
2009-08-04, 2.82, 2.82, 2.72, 2.74, 2400.0, 82.19
2009-08-05, 2.74, 2.77, 2.61, 2.74, 2900.0, 82.19
2009-08-06, 2.72, 2.94, 2.67, 2.85, 3700.0, 85.49
2009-08-07, 2.94, 3.0, 2.78, 2.9, 5300.0, 86.99
2009-08-10, 2.97, 3.1, 2.71, 2.87, 3400.0, 86.09
2009-08-11, 2.87, 2.87, 2.28, 2.5, 21000.0, 74.99
2009-08-12, 2.5, 2.61, 2.4, 2.49, 6000.0, 74.69
2009-08-13, 2.55, 2.55, 2.44, 2.48, 3700.0, 74.39
2009-08-14, 2.45, 2.55, 2.4, 2.4, 2300.0, 71.99
2009-08-17, 2.4, 2.4, 2.25, 2.27, 2900.0, 68.09
2009-08-18, 2.35, 2.35, 2.21, 2.23, 2200.0, 66.89
2009-08-19, 2.29, 2.39, 2.22, 2.32, 4300.0, 69.59
2009-08-20, 2.37, 2.43, 2.3, 2.4, 1800.0, 71.99
2009-08-21, 2.48, 2.48, 2.34, 2.38, 2700.0, 71.39
2009-08-24, 2.71, 2.71, 2.38, 2.4, 6800.0, 71.99
2009-08-25, 2.4, 2.43, 2.3, 2.32, 2700.0, 69.59
2009-08-26, 2.28, 2.32, 2.2, 2.27, 5900.0, 68.09
2009-08-27, 2.26, 2.3, 2.17, 2.21, 5800.0, 66.29
2009-08-28, 2.2, 2.2, 2.13, 2.14, 2900.0, 64.19
2009-08-31, 2.09, 2.17, 2.02, 2.14, 3000.0, 64.19
2009-09-01, 2.09, 2.33, 2.03, 2.27, 4300.0, 68.09
2009-09-02, 2.34, 2.34, 2.12, 2.15, 2100.0, 64.49
2009-09-03, 2.17, 2.17, 2.06, 2.08, 2000.0, 62.39
2009-09-04, 2.11, 2.15, 2.06, 2.15, 3100.0, 64.49
2009-09-08, 2.15, 2.2, 2.09, 2.15, 2100.0, 64.49
2009-09-09, 2.11, 2.2, 2.09, 2.14, 2500.0, 64.19
2009-09-10, 2.14, 2.22, 2.09, 2.09, 6100.0, 62.69
2009-09-11, 2.1, 2.11, 2.07, 2.1, 3900.0, 62.99
2009-09-14, 2.05, 2.11, 2.05, 2.08, 1500.0, 62.39
2009-09-15, 2.1, 2.11, 2.06, 2.09, 2800.0, 62.69
2009-09-16, 2.45, 2.45, 2.12, 2.12, 14200.0, 63.59
2009-09-17, 2.12, 2.22, 2.04, 2.1, 5800.0, 62.99
2009-09-18, 2.09, 2.1, 1.96, 1.98, 12900.0, 59.39
2009-09-21, 2.0, 2.14, 1.97, 2.05, 8700.0, 61.49
2009-09-22, 2.02, 2.07, 2.02, 2.04, 3300.0, 61.19
2009-09-23, 2.08, 2.08, 2.02, 2.06, 2900.0, 61.79
2009-09-24, 2.06, 2.06, 2.0, 2.01, 3100.0, 60.29
2009-09-25, 2.04, 2.04, 1.93, 1.99, 3700.0, 59.69
2009-09-28, 2.0, 2.03, 2.0, 2.0, 700.0, 59.99
2009-09-29, 2.02, 2.04, 1.96, 2.04, 5200.0, 61.19
2009-09-30, 1.98, 2.07, 1.98, 2.04, 2600.0, 61.19
2009-10-01, 1.93, 2.01, 1.89, 1.89, 6500.0, 56.69
2009-10-02, 1.96, 1.99, 1.86, 1.96, 2000.0, 58.79
2009-10-05, 1.92, 2.0, 1.91, 2.0, 600.0, 59.99
2009-10-06, 2.0, 2.16, 1.97, 2.16, 5300.0, 64.79
2009-10-07, 1.99, 1.99, 1.78, 1.9, 19500.0, 56.99
2009-10-08, 1.96, 1.98, 1.9, 1.94, 4300.0, 58.19
2009-10-09, 1.9, 2.05, 1.9, 2.01, 2000.0, 60.29
2009-10-12, 2.04, 2.06, 1.97, 2.06, 2300.0, 61.79
2009-10-13, 2.01, 2.07, 1.98, 2.04, 1300.0, 61.19
2009-10-14, 2.05, 2.06, 1.99, 1.99, 2900.0, 59.69
2009-10-15, 2.0, 2.04, 2.0, 2.02, 1000.0, 60.59
2009-10-16, 2.05, 2.07, 2.0, 2.04, 2600.0, 61.19
2009-10-19, 2.05, 2.05, 1.99, 1.99, 1200.0, 59.69
2009-10-20, 2.0, 2.0, 1.92, 1.94, 3600.0, 58.19
2009-10-21, 1.96, 2.01, 1.96, 2.0, 3100.0, 59.99
2009-10-22, 2.0, 2.03, 1.96, 1.96, 2600.0, 58.79
2009-10-23, 1.96, 2.03, 1.9, 1.91, 2200.0, 57.29
2009-10-26, 1.96, 1.98, 1.9, 1.92, 3300.0, 57.59
2009-10-27, 1.83, 1.9, 1.78, 1.8, 5400.0, 53.99
2009-10-28, 1.8, 1.8, 1.62, 1.68, 8000.0, 50.39
2009-10-29, 1.68, 1.73, 1.67, 1.7, 3400.0, 50.99
2009-10-30, 1.73, 1.74, 1.62, 1.69, 4400.0, 50.69
2009-11-02, 1.76, 1.77, 1.64, 1.7, 12100.0, 50.99
2009-11-03, 1.74, 1.74, 1.68, 1.71, 900.0, 51.29
2009-11-04, 1.72, 1.72, 1.61, 1.61, 2300.0, 48.3
2009-11-05, 1.66, 1.7, 1.64, 1.69, 800.0, 50.69
2009-11-06, 1.69, 1.69, 1.62, 1.64, 600.0, 49.2
2009-11-09, 1.69, 1.7, 1.61, 1.64, 1400.0, 49.2
2009-11-10, 1.66, 1.7, 1.65, 1.68, 1200.0, 50.39
2009-11-11, 1.72, 1.72, 1.65, 1.69, 1200.0, 50.69
2009-11-12, 1.69, 1.69, 1.65, 1.68, 600.0, 50.39
2009-11-13, 1.68, 1.7, 1.61, 1.7, 2000.0, 50.99
2009-11-16, 1.7, 1.71, 1.65, 1.65, 2300.0, 49.5
2009-11-17, 1.66, 1.7, 1.62, 1.63, 1100.0, 48.9
2009-11-18, 1.66, 1.69, 1.65, 1.68, 3300.0, 50.39
2009-11-19, 1.68, 1.69, 1.62, 1.68, 1800.0, 50.39
2009-11-20, 1.68, 1.68, 1.65, 1.66, 800.0, 49.8
2009-11-23, 1.66, 1.67, 1.63, 1.63, 1400.0, 48.9
2009-11-24, 1.65, 1.68, 1.61, 1.68, 2500.0, 50.39
2009-11-25, 1.69, 1.7, 1.65, 1.67, 700.0, 50.09
2009-11-27, 1.6, 1.7, 1.6, 1.67, 1000.0, 50.09
2009-11-30, 1.65, 1.7, 1.58, 1.65, 2400.0, 49.5
2009-12-01, 1.65, 1.67, 1.52, 1.6, 1200.0, 48.0
2009-12-02, 1.6, 1.65, 1.58, 1.58, 1500.0, 47.4
2009-12-03, 1.6, 1.65, 1.58, 1.58, 2000.0, 47.4
2009-12-04, 1.65, 1.65, 1.56, 1.56, 1000.0, 46.8
2009-12-07, 1.58, 1.62, 1.58, 1.62, 700.0, 48.6
2009-12-08, 1.6, 1.65, 1.58, 1.58, 6000.0, 47.4
2009-12-09, 1.57, 1.6, 1.55, 1.58, 1600.0, 47.4
2009-12-10, 1.61, 1.61, 1.5, 1.53, 2300.0, 45.9
2009-12-11, 1.55, 1.55, 1.37, 1.46, 4800.0, 43.8
2009-12-14, 1.44, 1.5, 1.38, 1.44, 1200.0, 43.2
2009-12-15, 1.42, 1.5, 1.41, 1.45, 900.0, 43.5
2009-12-16, 1.45, 1.52, 1.38, 1.4, 4700.0, 42.0
2009-12-17, 1.39, 1.41, 1.3, 1.39, 4900.0, 41.7
2009-12-18, 1.4, 1.49, 1.37, 1.39, 7800.0, 41.7
2009-12-21, 1.43, 1.47, 1.39, 1.4, 4200.0, 42.0
2009-12-22, 1.45, 1.57, 1.4, 1.48, 6400.0, 44.4
2009-12-23, 1.5, 1.63, 1.5, 1.6, 3300.0, 48.0
2009-12-24, 1.64, 1.69, 1.6, 1.64, 1700.0, 49.2
2009-12-28, 1.67, 1.67, 1.52, 1.56, 3300.0, 46.8
2009-12-29, 2.08, 2.15, 1.78, 1.8, 37600.0, 53.99
2009-12-30, 1.88, 1.88, 1.71, 1.73, 7700.0, 51.89
2009-12-31, 1.78, 1.8, 1.7, 1.74, 8000.0, 52.19
2010-01-04, 1.86, 1.92, 1.75, 1.92, 8700.0, 57.59
2010-01-05, 1.94, 1.99, 1.83, 1.91, 4200.0, 57.29
2010-01-06, 1.92, 2.02, 1.9, 2.0, 13900.0, 59.99
2010-01-07, 2.04, 2.15, 2.0, 2.05, 7900.0, 61.49
2010-01-08, 2.14, 2.14, 2.05, 2.13, 6500.0, 63.89
2010-01-11, 2.15, 2.24, 2.15, 2.2, 7100.0, 65.99
2010-01-12, 2.3, 2.6, 2.22, 2.37, 18400.0, 71.09
2010-01-13, 2.38, 2.4, 2.27, 2.33, 6900.0, 69.89
2010-01-14, 2.38, 2.38, 2.21, 2.25, 2100.0, 67.49
2010-01-15, 2.22, 2.24, 2.09, 2.18, 5900.0, 65.39
2010-01-19, 2.24, 2.25, 2.14, 2.2, 3400.0, 65.99
2010-01-20, 2.22, 2.23, 2.1, 2.15, 3000.0, 64.49
2010-01-21, 2.2, 2.22, 2.15, 2.16, 4000.0, 64.79
2010-01-22, 2.19, 2.3, 2.15, 2.17, 5100.0, 65.09
2010-01-25, 2.24, 2.29, 2.12, 2.15, 4000.0, 64.49
2010-01-26, 2.18, 2.19, 2.11, 2.14, 4000.0, 64.19
2010-01-27, 2.15, 2.18, 2.12, 2.17, 7800.0, 65.09
2010-01-28, 2.25, 2.25, 2.17, 2.19, 5800.0, 65.69
2010-01-29, 2.21, 2.21, 2.05, 2.08, 6700.0, 62.39
2010-02-01, 2.13, 2.23, 2.13, 2.22, 3900.0, 66.59
2010-02-02, 2.25, 2.25, 2.17, 2.24, 3500.0, 67.19
2010-02-03, 2.25, 2.25, 2.18, 2.22, 4900.0, 66.59
2010-02-04, 2.22, 2.29, 2.18, 2.29, 6200.0, 68.69
2010-02-05, 2.25, 2.35, 2.12, 2.2, 6700.0, 65.99
2010-02-08, 2.2, 2.3, 2.15, 2.21, 3800.0, 66.29
2010-02-09, 2.27, 2.31, 2.17, 2.31, 3700.0, 69.29
2010-02-10, 2.15, 2.18, 2.05, 2.13, 7000.0, 63.89
2010-02-11, 2.12, 2.15, 2.02, 2.03, 4200.0, 60.89
2010-02-12, 2.01, 2.05, 1.92, 2.05, 7100.0, 61.49
2010-02-16, 2.05, 2.05, 2.0, 2.04, 1400.0, 61.19
2010-02-17, 2.02, 2.05, 2.01, 2.05, 1300.0, 61.49
2010-02-18, 2.06, 2.08, 1.98, 2.03, 1900.0, 60.89
2010-02-19, 2.0, 2.05, 2.0, 2.02, 1000.0, 60.59
2010-02-22, 2.03, 2.03, 1.93, 2.0, 3100.0, 59.99
2010-02-23, 2.0, 2.0, 1.91, 1.94, 1900.0, 58.19
2010-02-24, 1.92, 1.96, 1.9, 1.94, 2400.0, 58.19
2010-02-25, 1.9, 1.97, 1.9, 1.95, 1100.0, 58.49
2010-02-26, 1.98, 2.02, 1.96, 2.02, 1500.0, 60.59
2010-03-01, 2.02, 2.03, 1.98, 2.01, 1000.0, 60.29
2010-03-02, 2.04, 2.08, 2.02, 2.03, 2400.0, 60.89
2010-03-03, 2.03, 2.08, 2.0, 2.08, 5000.0, 62.39
2010-03-04, 2.08, 2.11, 2.04, 2.04, 3300.0, 61.19
2010-03-05, 2.04, 2.09, 2.04, 2.08, 1400.0, 62.39
2010-03-08, 2.0, 2.09, 2.0, 2.05, 3300.0, 61.49
2010-03-09, 2.05, 2.09, 2.04, 2.07, 1000.0, 62.09
2010-03-10, 2.07, 2.2, 2.06, 2.16, 4100.0, 64.79
2010-03-11, 2.19, 2.25, 2.13, 2.23, 2700.0, 66.89
2010-03-12, 2.24, 2.25, 2.18, 2.2, 1400.0, 65.99
2010-03-15, 2.25, 2.27, 2.2, 2.26, 1600.0, 67.79
2010-03-16, 2.26, 2.29, 2.22, 2.25, 1200.0, 67.49
2010-03-17, 2.23, 2.26, 2.1, 2.1, 2600.0, 62.99
2010-03-18, 2.13, 2.25, 2.11, 2.12, 1800.0, 63.59
2010-03-19, 2.16, 2.25, 2.13, 2.23, 2800.0, 66.89
2010-03-22, 2.2, 2.25, 2.08, 2.2, 3700.0, 65.99
2010-03-23, 2.2, 2.32, 2.13, 2.26, 4400.0, 67.79
2010-03-24, 2.27, 2.34, 2.24, 2.28, 4200.0, 68.39
2010-03-25, 2.24, 2.34, 2.24, 2.3, 5300.0, 68.99
2010-03-26, 2.31, 2.31, 2.25, 2.25, 1400.0, 67.49
2010-03-29, 2.27, 2.3, 2.2, 2.24, 2900.0, 67.19
2010-03-30, 2.21, 2.26, 2.15, 2.23, 2300.0, 66.89
2010-03-31, 2.21, 2.3, 2.21, 2.28, 2000.0, 68.39
2010-04-01, 2.25, 2.29, 2.21, 2.24, 2500.0, 67.19
2010-04-05, 2.25, 2.35, 2.25, 2.3, 3900.0, 68.99
2010-04-06, 2.33, 2.39, 2.25, 2.32, 5700.0, 69.59
2010-04-07, 2.35, 2.4, 2.3, 2.38, 3700.0, 71.39
2010-04-08, 2.35, 2.37, 2.32, 2.35, 3400.0, 70.49
2010-04-09, 2.34, 2.36, 2.3, 2.33, 1900.0, 69.89
2010-04-12, 2.33, 2.42, 2.28, 2.42, 2000.0, 72.59
2010-04-13, 2.4, 2.4, 2.35, 2.35, 2600.0, 70.49
2010-04-14, 2.39, 2.44, 2.3, 2.38, 2200.0, 71.39
2010-04-15, 2.4, 2.4, 2.3, 2.35, 1400.0, 70.49
2010-04-16, 2.33, 2.4, 2.3, 2.32, 2300.0, 69.59
2010-04-19, 2.37, 2.49, 2.3, 2.43, 7100.0, 72.89
2010-04-20, 2.49, 2.65, 2.42, 2.61, 8400.0, 78.29
2010-04-21, 2.63, 3.0, 2.57, 2.82, 38200.0, 84.59
2010-04-22, 3.0, 3.65, 2.96, 3.3, 112000.0, 98.99
2010-04-23, 3.66, 4.0, 3.4, 3.74, 90900.0, 112.19
2010-04-26, 4.05, 4.79, 3.83, 4.5, 132300.0, 134.99
2010-04-27, 4.85, 4.98, 3.92, 4.64, 122000.0, 139.19
2010-04-28, 4.55, 4.63, 4.0, 4.33, 86800.0, 129.89
2010-04-29, 4.24, 4.64, 4.17, 4.59, 58400.0, 137.69
2010-04-30, 4.31, 4.37, 3.57, 3.81, 139100.0, 114.29
2010-05-03, 3.78, 3.96, 3.65, 3.77, 38800.0, 113.09
2010-05-04, 3.79, 3.88, 3.71, 3.84, 18500.0, 115.19
2010-05-05, 3.8, 4.1, 3.4, 3.91, 32700.0, 117.29
2010-05-06, 3.9, 4.05, 3.35, 3.6, 23400.0, 107.99
2010-05-07, 3.6, 3.67, 3.21, 3.52, 20600.0, 105.59
2010-05-10, 3.75, 3.75, 3.15, 3.45, 29900.0, 103.49
2010-05-11, 3.46, 3.77, 3.35, 3.7, 21500.0, 110.99
2010-05-12, 3.65, 3.69, 3.38, 3.6, 20500.0, 107.99
2010-05-13, 3.56, 3.57, 3.41, 3.48, 11100.0, 104.39
2010-05-14, 3.43, 3.46, 3.29, 3.36, 15300.0, 100.79
2010-05-17, 3.37, 3.59, 3.33, 3.58, 14500.0, 107.39
2010-05-18, 3.6, 3.62, 3.32, 3.35, 13800.0, 100.49
2010-05-19, 3.31, 3.31, 3.0, 3.01, 27500.0, 90.29
2010-05-20, 2.88, 3.13, 2.76, 3.01, 29100.0, 90.29
2010-05-21, 2.87, 3.49, 2.8, 3.12, 22400.0, 93.59
2010-05-24, 3.1, 3.29, 2.96, 3.13, 10400.0, 93.89
2010-05-25, 3.02, 3.2, 2.91, 3.15, 15600.0, 94.49
2010-05-26, 3.17, 3.28, 3.15, 3.24, 11200.0, 97.19
2010-05-27, 3.4, 3.61, 3.21, 3.61, 16200.0, 108.29
2010-05-28, 3.63, 3.8, 3.44, 3.72, 16000.0, 111.59
2010-06-01, 3.65, 3.72, 3.51, 3.69, 12000.0, 110.69
2010-06-02, 3.67, 3.67, 3.42, 3.46, 9900.0, 103.79
2010-06-03, 3.43, 3.5, 3.33, 3.38, 9800.0, 101.39
2010-06-04, 3.28, 3.53, 3.16, 3.38, 7700.0, 101.39
2010-06-07, 1.84, 2.0, 1.49, 1.57, 246900.0, 47.1
2010-06-08, 1.64, 1.65, 1.35, 1.41, 65000.0, 42.3
2010-06-09, 1.46, 1.47, 1.21, 1.23, 52400.0, 36.9
2010-06-10, 1.23, 1.45, 1.08, 1.41, 72800.0, 42.3
2010-06-11, 1.35, 1.44, 1.25, 1.44, 28400.0, 43.2
2010-06-14, 1.44, 1.44, 1.34, 1.4, 26000.0, 42.0
2010-06-15, 1.5, 1.52, 1.33, 1.38, 18100.0, 41.4
2010-06-16, 1.37, 1.41, 1.33, 1.34, 12900.0, 40.2
2010-06-17, 1.37, 1.4, 1.31, 1.4, 8400.0, 42.0
2010-06-18, 1.38, 1.39, 1.26, 1.32, 11900.0, 39.6
2010-06-21, 1.36, 1.37, 1.18, 1.18, 22100.0, 35.4
2010-06-22, 1.17, 1.2, 1.08, 1.12, 27200.0, 33.6
2010-06-23, 1.1, 1.23, 1.1, 1.18, 13700.0, 35.4
2010-06-24, 1.15, 1.24, 1.13, 1.14, 36600.0, 34.2
2010-06-25, 1.13, 1.16, 1.07, 1.12, 115900.0, 33.6
2010-06-28, 1.12, 1.12, 0.94, 0.95, 38500.0, 28.5
2010-06-29, 0.94, 1.04, 0.93, 0.97, 17500.0, 29.1
2010-06-30, 0.95, 1.01, 0.92, 0.98, 8500.0, 29.4
2010-07-01, 1.0, 1.04, 0.95, 0.97, 7800.0, 29.1
2010-07-02, 0.97, 0.99, 0.96, 0.98, 5500.0, 29.4
2010-07-06, 0.98, 1.03, 0.98, 0.98, 19600.0, 29.4
2010-07-07, 1.0, 1.02, 0.93, 1.01, 14200.0, 30.3
2010-07-08, 1.14, 1.18, 1.04, 1.12, 38600.0, 33.6
2010-07-09, 1.12, 1.14, 1.02, 1.04, 14500.0, 31.2
2010-07-12, 1.09, 1.14, 1.03, 1.12, 20900.0, 33.6
2010-07-13, 1.12, 1.15, 1.08, 1.12, 17300.0, 33.6
2010-07-14, 1.12, 1.15, 1.09, 1.11, 15400.0, 33.3
2010-07-15, 1.12, 1.15, 0.99, 1.04, 34400.0, 31.2
2010-07-16, 1.05, 1.05, 0.95, 0.95, 15000.0, 28.5
2010-07-19, 0.96, 1.01, 0.95, 0.97, 8600.0, 29.1
2010-07-20, 0.79, 0.83, 0.65, 0.69, 60500.0, 20.7
2010-07-21, 0.7, 0.72, 0.65, 0.7, 25500.0, 21.0
2010-07-22, 0.72, 0.74, 0.68, 0.71, 23500.0, 21.3
2010-07-23, 0.71, 0.74, 0.68, 0.71, 14900.0, 21.3
2010-07-26, 0.7, 0.73, 0.69, 0.71, 11500.0, 21.3
2010-07-27, 0.71, 0.72, 0.69, 0.7, 8600.0, 21.0
2010-07-28, 0.7, 0.7, 0.68, 0.69, 8300.0, 20.7
2010-07-29, 0.69, 0.69, 0.64, 0.66, 9900.0, 19.8
2010-07-30, 0.65, 0.72, 0.65, 0.66, 9800.0, 19.8
2010-08-02, 0.68, 0.68, 0.64, 0.64, 8700.0, 19.2
2010-08-03, 0.67, 0.67, 0.63, 0.63, 4400.0, 18.9
2010-08-04, 0.62, 0.64, 0.62, 0.64, 4500.0, 19.2
2010-08-05, 0.64, 0.65, 0.61, 0.62, 4400.0, 18.6
2010-08-06, 0.64, 0.64, 0.61, 0.63, 5600.0, 18.9
2010-08-09, 0.63, 0.63, 0.58, 0.58, 6200.0, 17.4
2010-08-10, 0.59, 0.61, 0.58, 0.58, 5800.0, 17.4
2010-08-11, 0.58, 0.6, 0.55, 0.56, 4900.0, 16.8
2010-08-12, 0.56, 0.57, 0.51, 0.51, 5600.0, 15.3
2010-08-13, 0.52, 0.53, 0.51, 0.52, 5000.0, 15.6
2010-08-16, 0.52, 0.58, 0.51, 0.57, 6300.0, 17.1
2010-08-17, 0.59, 0.62, 0.57, 0.59, 5200.0, 17.7
2010-08-18, 0.59, 0.66, 0.58, 0.66, 7700.0, 19.8
2010-08-19, 0.66, 0.66, 0.56, 0.58, 9600.0, 17.4
2010-08-20, 0.58, 0.6, 0.57, 0.58, 2100.0, 17.4
2010-08-23, 0.58, 0.59, 0.56, 0.56, 2500.0, 16.8
2010-08-24, 0.57, 0.63, 0.57, 0.6, 5300.0, 18.0
2010-08-25, 0.6, 0.6, 0.58, 0.6, 2600.0, 18.0
2010-08-26, 0.6, 0.6, 0.57, 0.57, 4400.0, 17.1
2010-08-27, 0.58, 0.6, 0.55, 0.6, 4900.0, 18.0
2010-08-30, 0.6, 0.6, 0.56, 0.57, 2600.0, 17.1
2010-08-31, 0.57, 0.58, 0.52, 0.52, 4200.0, 15.6
2010-09-01, 0.53, 0.55, 0.52, 0.55, 4300.0, 16.5
2010-09-02, 0.54, 0.6, 0.54, 0.58, 8500.0, 17.4
2010-09-03, 0.58, 0.58, 0.54, 0.55, 5400.0, 16.5
2010-09-07, 0.55, 0.55, 0.5, 0.5, 7600.0, 15.0
2010-09-08, 0.51, 0.53, 0.5, 0.52, 5200.0, 15.6
2010-09-09, 0.55, 0.55, 0.53, 0.54, 4400.0, 16.2
2010-09-10, 0.55, 0.61, 0.53, 0.54, 12900.0, 16.2
2010-09-13, 0.54, 0.59, 0.54, 0.59, 5600.0, 17.7
2010-09-14, 0.58, 0.6, 0.56, 0.58, 5500.0, 17.4
2010-09-15, 0.58, 0.59, 0.54, 0.57, 6600.0, 17.1
2010-09-16, 0.56, 0.58, 0.53, 0.55, 5700.0, 16.5
2010-09-17, 0.57, 0.57, 0.5, 0.52, 14900.0, 15.6
2010-09-20, 0.52, 0.53, 0.48, 0.53, 16100.0, 15.9
2010-09-21, 0.52, 0.53, 0.5, 0.51, 5400.0, 15.3
2010-09-22, 0.51, 0.51, 0.49, 0.49, 5500.0, 14.7
2010-09-23, 0.48, 0.55, 0.48, 0.5, 9500.0, 15.0
2010-09-24, 0.52, 0.53, 0.5, 0.51, 12100.0, 15.3
2010-09-27, 0.51, 0.52, 0.5, 0.5, 5700.0, 15.0
2010-09-28, 0.5, 0.53, 0.5, 0.51, 2500.0, 15.3
2010-09-29, 0.51, 0.52, 0.5, 0.51, 2400.0, 15.3
2010-09-30, 0.52, 0.53, 0.49, 0.51, 5400.0, 15.3
2010-10-01, 0.51, 0.52, 0.48, 0.49, 6000.0, 14.7
2010-10-04, 0.49, 0.49, 0.42, 0.43, 11600.0, 12.9
2010-10-05, 0.43, 0.46, 0.43, 0.46, 6800.0, 13.8
2010-10-06, 0.46, 0.46, 0.38, 0.41, 12100.0, 12.3
2010-10-07, 0.41, 0.42, 0.38, 0.39, 8300.0, 11.7
2010-10-08, 0.39, 0.41, 0.39, 0.41, 3500.0, 12.3
2010-10-11, 0.41, 0.41, 0.39, 0.4, 2700.0, 12.0
2010-10-12, 0.4, 0.4, 0.38, 0.4, 4200.0, 12.0
2010-10-13, 0.4, 0.4, 0.36, 0.38, 7800.0, 11.4
2010-10-14, 0.37, 0.38, 0.36, 0.36, 4300.0, 10.8
2010-10-15, 0.37, 0.38, 0.33, 0.34, 11800.0, 10.2
2010-10-18, 0.34, 0.34, 0.3, 0.33, 10800.0, 9.9
2010-10-19, 0.32, 0.33, 0.31, 0.33, 5000.0, 9.9
2010-10-20, 0.33, 0.33, 0.32, 0.32, 4300.0, 9.6
2010-10-21, 0.32, 0.33, 0.31, 0.33, 10100.0, 9.9
2010-10-22, 0.33, 0.37, 0.31, 0.36, 14500.0, 10.8
2010-10-25, 0.37, 0.57, 0.35, 0.57, 38000.0, 17.1
2010-10-26, 0.61, 0.98, 0.6, 0.71, 164700.0, 21.3
2010-10-27, 0.71, 0.8, 0.64, 0.66, 26900.0, 19.8
2010-10-28, 0.69, 0.73, 0.61, 0.68, 16100.0, 20.4
2010-10-29, 0.68, 0.71, 0.68, 0.68, 12600.0, 20.4
2010-11-01, 0.68, 0.71, 0.56, 0.57, 17800.0, 17.1
2010-11-02, 0.55, 0.63, 0.5, 0.52, 10400.0, 15.6
2010-11-03, 0.52, 0.53, 0.48, 0.5, 3200.0, 15.0
2010-11-04, 0.42, 0.51, 0.42, 0.49, 14100.0, 14.7
2010-11-05, 0.5, 0.51, 0.45, 0.48, 6400.0, 14.4
2010-11-08, 0.48, 0.52, 0.45, 0.51, 5200.0, 15.3
2010-11-09, 0.51, 0.63, 0.49, 0.56, 14200.0, 16.8
2010-11-10, 0.56, 0.73, 0.56, 0.66, 20300.0, 19.8
2010-11-11, 0.65, 0.72, 0.62, 0.64, 6800.0, 19.2
2010-11-12, 0.63, 0.67, 0.62, 0.64, 4000.0, 19.2
2010-11-15, 0.64, 0.7, 0.64, 0.7, 3300.0, 21.0
2010-11-16, 0.7, 0.7, 0.64, 0.67, 5900.0, 20.1
2010-11-17, 0.68, 0.7, 0.67, 0.68, 6900.0, 20.4
2010-11-18, 0.68, 0.69, 0.66, 0.69, 3300.0, 20.7
2010-11-19, 0.69, 0.69, 0.64, 0.66, 4900.0, 19.8
2010-11-22, 0.66, 0.66, 0.6, 0.63, 5500.0, 18.9
2010-11-23, 0.64, 0.64, 0.6, 0.61, 4500.0, 18.3
2010-11-24, 0.62, 0.65, 0.6, 0.65, 2300.0, 19.5
2010-11-26, 0.64, 0.64, 0.6, 0.6, 1900.0, 18.0
2010-11-29, 0.61, 0.64, 0.56, 0.63, 4400.0, 18.9
2010-11-30, 0.61, 0.62, 0.59, 0.61, 2600.0, 18.3
2010-12-01, 0.62, 0.62, 0.56, 0.6, 4400.0, 18.0
2010-12-02, 0.61, 0.61, 0.53, 0.56, 9700.0, 16.8
2010-12-03, 0.56, 0.56, 0.49, 0.52, 6500.0, 15.6
2010-12-06, 0.52, 0.54, 0.5, 0.54, 4500.0, 16.2
2010-12-07, 0.54, 0.54, 0.48, 0.54, 7300.0, 16.2
2010-12-08, 0.53, 0.54, 0.5, 0.52, 3800.0, 15.6
2010-12-09, 0.52, 0.53, 0.49, 0.52, 2300.0, 15.6
2010-12-10, 0.52, 0.53, 0.5, 0.53, 4700.0, 15.9
2010-12-13, 0.52, 0.57, 0.44, 0.51, 13000.0, 15.3
2010-12-14, 0.5, 0.54, 0.5, 0.52, 3700.0, 15.6
2010-12-15, 0.52, 0.56, 0.5, 0.55, 6900.0, 16.5
2010-12-16, 0.56, 0.58, 0.52, 0.56, 6400.0, 16.8
2010-12-17, 0.56, 0.57, 0.52, 0.54, 6000.0, 16.2
2010-12-20, 0.53, 0.56, 0.5, 0.52, 8000.0, 15.6
2010-12-21, 0.51, 0.52, 0.49, 0.51, 6900.0, 15.3
2010-12-22, 0.52, 0.54, 0.46, 0.51, 5700.0, 15.3
2010-12-23, 0.51, 0.52, 0.48, 0.52, 5500.0, 15.6
2010-12-27, 0.5, 0.54, 0.48, 0.52, 6300.0, 15.6
2010-12-28, 0.52, 0.77, 0.52, 0.71, 91600.0, 21.3
2010-12-29, 0.7, 0.72, 0.61, 0.63, 25400.0, 18.9
2010-12-30, 0.62, 0.64, 0.59, 0.59, 6400.0, 17.7
2010-12-31, 0.59, 0.62, 0.57, 0.6, 8800.0, 18.0
2011-01-03, 0.6, 0.62, 0.56, 0.62, 7000.0, 18.6
2011-01-04, 0.63, 0.63, 0.57, 0.59, 2100.0, 17.7
2011-01-05, 0.59, 0.6, 0.58, 0.59, 3600.0, 17.7
2011-01-06, 0.59, 0.63, 0.58, 0.63, 6000.0, 18.9
2011-01-07, 0.63, 0.65, 0.59, 0.6, 3500.0, 18.0
2011-01-10, 0.59, 0.63, 0.59, 0.6, 3800.0, 18.0
2011-01-11, 0.58, 0.63, 0.58, 0.61, 4700.0, 18.3
2011-01-12, 0.62, 0.62, 0.59, 0.6, 3000.0, 18.0
2011-01-13, 0.6, 0.6, 0.58, 0.59, 6400.0, 17.7
2011-01-14, 0.59, 0.67, 0.58, 0.65, 16200.0, 19.5
2011-01-18, 0.64, 0.75, 0.63, 0.7, 19000.0, 21.0
2011-01-19, 0.7, 0.7, 0.6, 0.61, 7300.0, 18.3
2011-01-20, 0.61, 0.65, 0.57, 0.62, 4000.0, 18.6
2011-01-21, 0.61, 0.62, 0.58, 0.58, 4000.0, 17.4
2011-01-24, 0.58, 0.7, 0.58, 0.65, 11600.0, 19.5
2011-01-25, 0.64, 0.64, 0.6, 0.63, 3700.0, 18.9
2011-01-26, 0.63, 0.68, 0.61, 0.62, 8300.0, 18.6
2011-01-27, 0.62, 0.63, 0.61, 0.62, 3700.0, 18.6
2011-01-28, 0.62, 0.65, 0.6, 0.6, 6200.0, 18.0
2011-01-31, 0.6, 0.63, 0.58, 0.62, 3400.0, 18.6
2011-02-01, 0.62, 0.62, 0.6, 0.61, 4400.0, 18.3
2011-02-02, 0.6, 0.61, 0.58, 0.61, 2600.0, 18.3
2011-02-03, 0.61, 0.63, 0.61, 0.62, 2000.0, 18.6
2011-02-04, 0.61, 0.62, 0.59, 0.6, 4800.0, 18.0
2011-02-07, 0.6, 0.6, 0.58, 0.6, 2800.0, 18.0
2011-02-08, 0.6, 0.6, 0.59, 0.6, 2000.0, 18.0
2011-02-09, 0.59, 0.6, 0.58, 0.59, 1900.0, 17.7
2011-02-10, 0.58, 0.6, 0.58, 0.59, 3000.0, 17.7
2011-02-11, 0.58, 0.61, 0.55, 0.57, 5000.0, 17.1
2011-02-14, 0.57, 0.59, 0.56, 0.57, 1500.0, 17.1
2011-02-15, 0.57, 0.61, 0.56, 0.57, 3400.0, 17.1
2011-02-16, 0.6, 0.62, 0.57, 0.61, 2600.0, 18.3
2011-02-17, 0.6, 0.68, 0.6, 0.65, 11400.0, 19.5
2011-02-18, 0.66, 0.67, 0.62, 0.63, 4000.0, 18.9
2011-02-22, 0.63, 0.63, 0.59, 0.59, 3400.0, 17.7
2011-02-23, 0.6, 0.6, 0.56, 0.56, 3500.0, 16.8
2011-02-24, 0.57, 0.59, 0.55, 0.57, 3700.0, 17.1
2011-02-25, 0.57, 0.59, 0.57, 0.59, 2500.0, 17.7
2011-02-28, 0.59, 0.62, 0.57, 0.58, 1600.0, 17.4
2011-03-01, 0.58, 0.6, 0.58, 0.58, 2100.0, 17.4
2011-03-02, 0.58, 0.59, 0.56, 0.59, 1200.0, 17.7
2011-03-03, 0.59, 0.59, 0.58, 0.59, 2300.0, 17.7
2011-03-04, 0.59, 0.6, 0.58, 0.58, 1600.0, 17.4
2011-03-07, 0.58, 0.59, 0.56, 0.57, 2300.0, 17.1
2011-03-08, 0.57, 0.62, 0.57, 0.6, 1800.0, 18.0
2011-03-09, 0.61, 0.61, 0.56, 0.58, 4100.0, 17.4
2011-03-10, 0.58, 0.6, 0.55, 0.57, 3800.0, 17.1
2011-03-11, 0.56, 0.59, 0.56, 0.58, 2500.0, 17.4
2011-03-14, 0.56, 0.58, 0.55, 0.57, 1900.0, 17.1
2011-03-15, 0.55, 0.61, 0.55, 0.58, 2800.0, 17.4
2011-03-16, 0.58, 0.6, 0.56, 0.58, 2600.0, 17.4
2011-03-17, 0.6, 0.6, 0.56, 0.56, 1800.0, 16.8
2011-03-18, 0.56, 0.59, 0.52, 0.57, 5000.0, 17.1
2011-03-21, 0.59, 0.59, 0.55, 0.57, 2100.0, 17.1
2011-03-22, 0.57, 0.57, 0.53, 0.57, 700.0, 17.1
2011-03-23, 0.57, 0.6, 0.55, 0.57, 1300.0, 17.1
2011-03-24, 0.6, 0.6, 0.57, 0.58, 3300.0, 17.4
2011-03-25, 0.58, 0.62, 0.53, 0.61, 7600.0, 18.3
2011-03-28, 0.6, 0.63, 0.57, 0.61, 2000.0, 18.3
2011-03-29, 0.61, 0.83, 0.58, 0.83, 39600.0, 24.9
2011-03-30, 0.82, 0.83, 0.68, 0.8, 19200.0, 24.0
2011-03-31, 0.79, 0.97, 0.68, 0.85, 27400.0, 25.5
2011-04-01, 0.87, 0.96, 0.73, 0.78, 9700.0, 23.4
2011-04-04, 0.79, 0.79, 0.71, 0.76, 6600.0, 22.8
2011-04-05, 0.76, 0.78, 0.7, 0.75, 4200.0, 22.5
2011-04-06, 0.76, 0.76, 0.7, 0.71, 3800.0, 21.3
2011-04-07, 0.71, 0.75, 0.69, 0.74, 3000.0, 22.2
2011-04-08, 0.75, 0.75, 0.7, 0.71, 2300.0, 21.3
2011-04-11, 0.71, 0.75, 0.7, 0.71, 2000.0, 21.3
2011-04-12, 0.71, 0.73, 0.64, 0.68, 6000.0, 20.4
2011-04-13, 0.68, 0.75, 0.64, 0.68, 4000.0, 20.4
2011-04-14, 0.67, 0.75, 0.64, 0.68, 3000.0, 20.4
2011-04-15, 0.67, 0.73, 0.67, 0.71, 3200.0, 21.3
2011-04-18, 0.71, 0.72, 0.67, 0.68, 2300.0, 20.4
2011-04-19, 0.68, 0.69, 0.65, 0.67, 2400.0, 20.1
2011-04-20, 0.68, 0.7, 0.68, 0.7, 2800.0, 21.0
2011-04-21, 0.7, 0.7, 0.66, 0.67, 2200.0, 20.1
2011-04-25, 0.67, 0.68, 0.66, 0.67, 2400.0, 20.1
2011-04-26, 0.68, 0.68, 0.65, 0.68, 3800.0, 20.4
2011-04-27, 0.67, 0.69, 0.65, 0.67, 1600.0, 20.1
2011-04-28, 0.67, 0.67, 0.62, 0.66, 5000.0, 19.8
2011-04-29, 0.65, 0.7, 0.65, 0.68, 3300.0, 20.4
2011-05-02, 0.7, 0.7, 0.66, 0.66, 2200.0, 19.8
2011-05-03, 0.66, 0.68, 0.62, 0.67, 4100.0, 20.1
2011-05-04, 0.66, 0.67, 0.62, 0.64, 3700.0, 19.2
2011-05-05, 0.63, 0.67, 0.61, 0.65, 2800.0, 19.5
2011-05-06, 0.65, 0.71, 0.63, 0.64, 5500.0, 19.2
2011-05-09, 0.63, 0.7, 0.63, 0.68, 700.0, 20.4
2011-05-10, 0.69, 0.73, 0.69, 0.72, 2800.0, 21.6
2011-05-11, 0.74, 0.82, 0.72, 0.77, 12000.0, 23.1
2011-05-12, 0.77, 0.8, 0.74, 0.79, 4600.0, 23.7
2011-05-13, 0.78, 0.78, 0.69, 0.75, 6200.0, 22.5
2011-05-16, 0.74, 0.78, 0.73, 0.73, 2500.0, 21.9
2011-05-17, 0.72, 0.75, 0.72, 0.74, 3200.0, 22.2
2011-05-18, 0.74, 0.78, 0.73, 0.73, 1400.0, 21.9
2011-05-19, 0.74, 0.75, 0.73, 0.73, 4100.0, 21.9
2011-05-20, 0.73, 0.75, 0.73, 0.73, 6200.0, 21.9
2011-05-23, 0.73, 0.75, 0.73, 0.73, 2900.0, 21.9
2011-05-24, 0.73, 0.78, 0.72, 0.73, 4400.0, 21.9
2011-05-25, 0.72, 0.75, 0.72, 0.74, 2000.0, 22.2
2011-05-26, 0.73, 0.77, 0.73, 0.77, 2500.0, 23.1
2011-05-27, 0.77, 0.77, 0.73, 0.74, 6400.0, 22.2
2011-05-31, 0.75, 0.77, 0.74, 0.76, 2400.0, 22.8
2011-06-01, 0.76, 0.76, 0.71, 0.71, 3200.0, 21.3
2011-06-02, 0.72, 0.75, 0.7, 0.71, 2200.0, 21.3
2011-06-03, 0.7, 0.7, 0.66, 0.68, 2900.0, 20.4
2011-06-06, 0.68, 0.72, 0.64, 0.66, 3600.0, 19.8
2011-06-07, 0.67, 0.72, 0.65, 0.67, 2200.0, 20.1
2011-06-08, 0.67, 0.67, 0.65, 0.66, 1300.0, 19.8
2011-06-09, 0.67, 0.7, 0.66, 0.69, 1500.0, 20.7
2011-06-10, 0.68, 0.72, 0.63, 0.68, 4600.0, 20.4
2011-06-13, 0.68, 0.7, 0.62, 0.62, 2900.0, 18.6
2011-06-14, 0.62, 0.66, 0.62, 0.66, 2000.0, 19.8
2011-06-15, 0.64, 0.67, 0.63, 0.66, 1800.0, 19.8
2011-06-16, 0.66, 0.71, 0.66, 0.69, 2500.0, 20.7
2011-06-17, 0.7, 0.71, 0.68, 0.69, 5000.0, 20.7
2011-06-20, 0.69, 0.7, 0.64, 0.66, 2100.0, 19.8
2011-06-21, 0.67, 0.7, 0.66, 0.69, 3100.0, 20.7
2011-06-22, 0.68, 0.7, 0.65, 0.68, 1100.0, 20.4
2011-06-23, 0.67, 0.7, 0.63, 0.7, 2800.0, 21.0
2011-06-24, 0.7, 0.76, 0.64, 0.71, 172300.0, 21.3
2011-06-27, 0.69, 0.69, 0.65, 0.67, 4200.0, 20.1
2011-06-28, 0.67, 0.72, 0.65, 0.65, 2400.0, 19.5
2011-06-29, 0.65, 0.68, 0.63, 0.65, 5900.0, 19.5
2011-06-30, 0.65, 0.66, 0.65, 0.65, 2500.0, 19.5
2011-07-01, 0.64, 0.71, 0.63, 0.7, 4800.0, 21.0
2011-07-05, 0.7, 0.74, 0.66, 0.69, 4600.0, 20.7
2011-07-06, 0.71, 0.73, 0.64, 0.66, 2300.0, 19.8
2011-07-07, 0.66, 0.72, 0.66, 0.69, 800.0, 20.7
2011-07-08, 0.71, 0.71, 0.68, 0.68, 200.0, 20.4
2011-07-11, 0.69, 0.7, 0.64, 0.67, 2600.0, 20.1
2011-07-12, 0.64, 0.66, 0.64, 0.65, 1600.0, 19.5
2011-07-13, 0.67, 0.67, 0.65, 0.66, 600.0, 19.8
2011-07-14, 0.65, 0.65, 0.63, 0.64, 3300.0, 19.2
2011-07-15, 0.64, 0.64, 0.62, 0.63, 1100.0, 18.9
2011-07-18, 0.62, 0.64, 0.62, 0.63, 2300.0, 18.9
2011-07-19, 0.63, 0.7, 0.62, 0.62, 10100.0, 18.6
2011-07-20, 0.62, 0.73, 0.62, 0.68, 6400.0, 20.4
2011-07-21, 0.7, 0.76, 0.66, 0.75, 3900.0, 22.5
2011-07-22, 0.73, 0.74, 0.68, 0.68, 6600.0, 20.4
2011-07-25, 0.66, 0.7, 0.65, 0.67, 2700.0, 20.1
2011-07-26, 0.67, 0.72, 0.65, 0.69, 3300.0, 20.7
2011-07-27, 0.71, 0.71, 0.66, 0.66, 1000.0, 19.8
2011-07-28, 0.68, 0.68, 0.65, 0.66, 1600.0, 19.8
2011-07-29, 3.41, 3.46, 3.1, 3.41, 200.0, 20.46
2011-08-01, 2.16, 3.45, 2.16, 3.38, 1300.0, 20.28
2011-08-02, 3.36, 3.37, 2.88, 3.25, 600.0, 19.5
2011-08-03, 3.03, 3.37, 3.0, 3.16, 2100.0, 18.96
2011-08-04, 3.06, 3.16, 2.7, 2.85, 7000.0, 17.1
2011-08-05, 2.9, 2.9, 2.48, 2.5, 4600.0, 15.0
2011-08-08, 2.12, 2.6, 1.88, 2.53, 5500.0, 15.18
2011-08-09, 2.48, 2.6, 2.24, 2.4, 4200.0, 14.4
2011-08-10, 2.4, 2.45, 2.3, 2.45, 1100.0, 14.7
2011-08-11, 2.4, 2.64, 2.4, 2.51, 3600.0, 15.06
2011-08-12, 2.41, 2.68, 2.41, 2.6, 500.0, 15.6
2011-08-15, 2.45, 2.65, 2.4, 2.56, 3400.0, 15.36
2011-08-16, 2.56, 2.6, 2.32, 2.6, 200.0, 15.6
2011-08-17, 2.63, 2.69, 2.45, 2.62, 1200.0, 15.72
2011-08-18, 2.45, 2.69, 2.4, 2.55, 1000.0, 15.3
2011-08-19, 2.48, 2.7, 2.48, 2.66, 2700.0, 15.96
2011-08-22, 2.5, 2.58, 2.5, 2.53, 100.0, 15.18
2011-08-23, 2.56, 2.6, 2.45, 2.45, 800.0, 14.7
2011-08-24, 2.6, 2.88, 2.46, 2.6, 2100.0, 15.6
2011-08-25, 2.7, 2.96, 2.7, 2.85, 2400.0, 17.1
2011-08-26, 2.84, 3.14, 2.6, 2.98, 4300.0, 17.88
2011-08-29, 2.73, 3.48, 2.72, 3.48, 1700.0, 20.88
2011-08-30, 3.4, 3.77, 3.4, 3.6, 2400.0, 21.6
2011-08-31, 3.8, 3.8, 3.6, 3.69, 1900.0, 22.14
2011-09-01, 3.4, 3.69, 3.25, 3.65, 3100.0, 21.9
2011-09-02, 3.3, 3.68, 2.93, 3.66, 1900.0, 21.96
2011-09-06, 3.55, 3.6, 3.45, 3.6, 700.0, 21.6
2011-09-07, 3.5, 3.6, 3.2, 3.47, 2100.0, 20.82
2011-09-08, 3.4, 3.44, 3.27, 3.37, 2700.0, 20.22
2011-09-09, 3.38, 3.4, 2.97, 3.36, 2100.0, 20.16
2011-09-12, 3.06, 3.39, 3.06, 3.34, 1800.0, 20.04
2011-09-13, 3.21, 3.39, 3.09, 3.19, 3600.0, 19.14
2011-09-14, 3.16, 3.5, 3.0, 3.46, 5000.0, 20.76
2011-09-15, 3.2, 3.45, 3.2, 3.42, 1100.0, 20.52
2011-09-16, 3.35, 3.5, 3.14, 3.43, 3000.0, 20.58
2011-09-19, 3.35, 3.55, 3.15, 3.39, 2300.0, 20.34
2011-09-20, 3.33, 3.55, 3.31, 3.45, 2500.0, 20.7
2011-09-21, 3.5, 3.5, 3.0, 3.32, 4500.0, 19.92
2011-09-22, 3.03, 3.19, 2.86, 2.9, 1800.0, 17.4
2011-09-23, 2.89, 3.1, 2.89, 2.92, 1100.0, 17.52
2011-09-26, 3.0, 3.15, 2.8, 2.87, 900.0, 17.22
2011-09-27, 2.87, 3.34, 2.75, 2.89, 1600.0, 17.34
2011-09-28, 2.89, 3.03, 2.76, 2.97, 1100.0, 17.82
2011-09-29, 2.78, 2.97, 2.74, 2.97, 900.0, 17.82
2011-09-30, 3.01, 3.01, 2.73, 3.0, 1000.0, 18.0
2011-10-03, 3.0, 3.0, 2.6, 2.89, 4100.0, 17.34
2011-10-04, 2.87, 2.9, 2.61, 2.9, 3500.0, 17.4
2011-10-05, 2.9, 2.96, 2.85, 2.92, 1100.0, 17.52
2011-10-06, 2.73, 2.9, 2.7, 2.88, 1000.0, 17.28
2011-10-07, 2.71, 2.89, 2.66, 2.89, 2200.0, 17.34
2011-10-10, 2.75, 2.9, 2.56, 2.65, 1100.0, 15.9
2011-10-11, 2.73, 2.91, 2.42, 2.69, 7300.0, 16.14
2011-10-12, 2.79, 2.79, 2.49, 2.69, 1800.0, 16.14
2011-10-13, 2.59, 2.84, 2.45, 2.78, 1400.0, 16.68
2011-10-14, 2.59, 2.84, 2.59, 2.79, 400.0, 16.74
2011-10-17, 2.72, 2.72, 2.7, 2.7, 100.0, 16.2
2011-10-18, 2.59, 2.74, 2.58, 2.74, 800.0, 16.44
2011-10-19, 2.61, 2.9, 2.55, 2.73, 8500.0, 16.38
2011-10-20, 2.67, 2.7, 2.4, 2.4, 7700.0, 14.4
2011-10-21, 2.44, 2.71, 2.34, 2.48, 5400.0, 14.88
2011-10-24, 2.42, 2.61, 2.25, 2.46, 5400.0, 14.76
2011-10-25, 2.43, 2.49, 2.22, 2.38, 10900.0, 14.28
2011-10-26, 2.22, 2.35, 2.22, 2.25, 1800.0, 13.5
2011-10-27, 2.34, 2.4, 2.22, 2.37, 5400.0, 14.22
2011-10-28, 2.37, 2.49, 2.21, 2.3, 6700.0, 13.8
2011-10-31, 2.3, 2.35, 2.23, 2.34, 1600.0, 14.04
2011-11-01, 2.26, 2.35, 2.23, 2.35, 1500.0, 14.1
2011-11-02, 2.4, 2.4, 2.24, 2.35, 1800.0, 14.1
2011-11-03, 2.38, 2.38, 2.25, 2.25, 1100.0, 13.5
2011-11-04, 2.3, 2.4, 2.04, 2.19, 4900.0, 13.14
2011-11-07, 3.49, 3.49, 2.0, 2.19, 5800.0, 13.14
2011-11-08, 2.15, 2.21, 2.04, 2.21, 1400.0, 13.26
2011-11-09, 2.15, 2.2, 2.01, 2.2, 3000.0, 13.2
2011-11-10, 2.2, 2.2, 2.05, 2.1, 8500.0, 12.6
2011-11-11, 2.11, 2.2, 2.03, 2.2, 2600.0, 13.2
2011-11-14, 2.18, 2.2, 2.1, 2.13, 400.0, 12.78
2011-11-15, 2.05, 2.2, 1.94, 2.2, 4900.0, 13.2
2011-11-16, 2.22, 2.22, 2.15, 2.16, 3100.0, 12.96
2011-11-17, 2.16, 2.2, 2.15, 2.2, 3000.0, 13.2
2011-11-18, 2.2, 2.2, 2.06, 2.2, 4100.0, 13.2
2011-11-21, 2.19, 2.2, 2.13, 2.2, 1000.0, 13.2
2011-11-22, 2.15, 2.2, 2.15, 2.2, 1400.0, 13.2
2011-11-23, 2.15, 2.2, 2.1, 2.2, 2400.0, 13.2
2011-11-25, 2.1, 2.2, 2.08, 2.2, 1900.0, 13.2
2011-11-28, 2.31, 2.31, 2.03, 2.19, 2000.0, 13.14
2011-11-29, 2.13, 2.13, 1.96, 2.1, 7300.0, 12.6
2011-11-30, 2.12, 2.19, 1.9, 1.93, 2700.0, 11.58
2011-12-01, 1.95, 2.14, 1.9, 1.99, 6700.0, 11.94
2011-12-02, 1.96, 2.0, 1.89, 1.99, 2700.0, 11.94
2011-12-05, 2.04, 2.04, 1.89, 1.91, 3300.0, 11.46
2011-12-06, 1.99, 1.99, 1.77, 1.87, 1800.0, 11.22
2011-12-07, 1.87, 1.89, 1.59, 1.83, 2200.0, 10.98
2011-12-08, 1.76, 1.9, 1.67, 1.79, 1000.0, 10.74
2011-12-09, 1.74, 1.79, 1.61, 1.7, 1200.0, 10.2
2011-12-12, 1.69, 1.7, 1.49, 1.63, 4300.0, 9.78
2011-12-13, 1.59, 1.65, 1.41, 1.61, 3200.0, 9.66
2011-12-14, 1.62, 1.62, 1.42, 1.6, 1900.0, 9.6
2011-12-15, 1.56, 1.58, 1.42, 1.55, 4400.0, 9.3
2011-12-16, 1.61, 1.61, 1.46, 1.49, 700.0, 8.94
2011-12-19, 1.3, 1.45, 1.0, 1.4, 36300.0, 8.4
2011-12-20, 1.49, 1.49, 1.24, 1.32, 9900.0, 7.92
2011-12-21, 1.41, 1.41, 1.24, 1.35, 6400.0, 8.1
2011-12-22, 1.27, 1.43, 1.25, 1.37, 5600.0, 8.22
2011-12-23, 1.29, 1.36, 1.11, 1.18, 9100.0, 7.08
2011-12-27, 1.18, 1.25, 1.1, 1.17, 14400.0, 7.02
2011-12-28, 1.13, 1.13, 1.03, 1.07, 12200.0, 6.42
2011-12-29, 0.98, 1.03, 0.98, 1.0, 7600.0, 6.0
2011-12-30, 0.96, 1.0, 0.95, 0.97, 6900.0, 5.82
2012-01-03, 0.97, 1.0, 0.92, 0.98, 1800.0, 5.88
2012-01-04, 0.97, 0.98, 0.93, 0.98, 800.0, 5.88
2012-01-05, 0.98, 0.98, 0.91, 0.95, 2700.0, 5.7
2012-01-06, 0.95, 0.95, 0.95, 0.95, 3300.0, 5.7
2012-01-09, 0.97, 0.98, 0.94, 0.97, 5200.0, 5.82
2012-01-10, 0.97, 0.98, 0.95, 0.98, 1700.0, 5.88
2012-01-11, 0.92, 0.98, 0.85, 0.93, 6000.0, 5.58
2012-01-12, 0.91, 0.98, 0.9, 0.96, 3700.0, 5.76
2012-01-13, 0.98, 0.98, 0.95, 0.98, 7200.0, 5.88
2012-01-17, 0.98, 0.98, 0.94, 0.94, 1700.0, 5.64
2012-01-18, 0.97, 0.97, 0.94, 0.96, 1400.0, 5.76
2012-01-19, 0.94, 0.96, 0.94, 0.95, 1300.0, 5.7
2012-01-20, 0.92, 0.96, 0.92, 0.96, 500.0, 5.76
2012-01-23, 0.93, 0.97, 0.9, 0.96, 5000.0, 5.76
2012-01-24, 0.97, 0.97, 0.93, 0.97, 1000.0, 5.82
2012-01-25, 0.97, 0.97, 0.93, 0.94, 2300.0, 5.64
2012-01-26, 0.94, 0.94, 0.9, 0.93, 5300.0, 5.58
2012-01-27, 0.97, 0.97, 0.85, 0.9, 5200.0, 5.4
2012-01-30, 0.9, 0.9, 0.8, 0.9, 5500.0, 5.4
2012-01-31, 0.88, 0.88, 0.81, 0.81, 5900.0, 4.86
2012-02-01, 0.85, 0.9, 0.83, 0.84, 3200.0, 5.04
2012-02-02, 0.8, 0.82, 0.8, 0.8, 4600.0, 4.8
2012-02-03, 0.77, 0.84, 0.77, 0.8, 5600.0, 4.8
2012-02-06, 0.82, 0.82, 0.8, 0.8, 1100.0, 4.8
2012-02-07, 0.8, 0.81, 0.77, 0.81, 2400.0, 4.86
2012-02-08, 0.81, 0.82, 0.79, 0.79, 3500.0, 4.74
2012-02-09, 0.81, 0.81, 0.79, 0.81, 6000.0, 4.86
2012-02-10, 0.83, 0.83, 0.77, 0.79, 3800.0, 4.74
2012-02-13, 0.78, 0.78, 0.7, 0.73, 19100.0, 4.38
2012-02-14, 0.72, 0.76, 0.69, 0.69, 7500.0, 4.14
2012-02-15, 0.71, 0.72, 0.68, 0.72, 6500.0, 4.32
2012-02-16, 0.74, 0.74, 0.68, 0.71, 5300.0, 4.26
2012-02-17, 0.72, 0.72, 0.71, 0.71, 7400.0, 4.26
2012-02-21, 0.69, 0.69, 0.6, 0.65, 21800.0, 3.9
2012-02-22, 0.65, 0.67, 0.63, 0.65, 4500.0, 3.9
2012-02-23, 0.63, 0.76, 0.58, 0.7, 21900.0, 4.2
2012-02-24, 0.76, 0.81, 0.75, 0.81, 10800.0, 4.86
2012-02-27, 0.82, 0.85, 0.82, 0.82, 4000.0, 4.92
2012-02-28, 0.87, 1.09, 0.77, 0.96, 68600.0, 5.76
2012-02-29, 1.03, 1.03, 0.84, 0.88, 35200.0, 5.28
2012-03-01, 0.94, 0.94, 0.76, 0.85, 7800.0, 5.1
2012-03-02, 0.83, 0.84, 0.77, 0.77, 2100.0, 4.62
2012-03-05, 0.8, 0.83, 0.78, 0.83, 7100.0, 4.98
2012-03-06, 0.76, 0.84, 0.76, 0.76, 5200.0, 4.56
2012-03-07, 0.75, 0.82, 0.75, 0.76, 4500.0, 4.56
2012-03-08, 0.75, 0.75, 0.74, 0.75, 2700.0, 4.5
2012-03-09, 0.74, 0.8, 0.74, 0.8, 18700.0, 4.8
2012-03-12, 0.82, 0.82, 0.76, 0.78, 2700.0, 4.68
2012-03-13, 0.79, 0.8, 0.79, 0.79, 1000.0, 4.74
2012-03-14, 0.77, 0.78, 0.72, 0.72, 3600.0, 4.32
2012-03-15, 0.7, 0.73, 0.7, 0.71, 1300.0, 4.26
2012-03-16, 0.71, 0.81, 0.71, 0.75, 19100.0, 4.5
2012-03-19, 0.76, 0.82, 0.74, 0.75, 5200.0, 4.5
2012-03-20, 0.71, 0.78, 0.71, 0.77, 3300.0, 4.62
2012-03-21, 0.77, 0.78, 0.76, 0.78, 1000.0, 4.68
2012-03-22, 0.75, 0.78, 0.74, 0.75, 5500.0, 4.5
2012-03-23, 0.75, 0.75, 0.65, 0.71, 16300.0, 4.26
2012-03-26, 0.74, 0.74, 0.73, 0.73, 900.0, 4.38
2012-03-27, 0.73, 0.73, 0.72, 0.73, 1400.0, 4.38
2012-03-28, 0.7, 0.72, 0.67, 0.68, 8200.0, 4.08
2012-03-29, 0.7, 0.72, 0.66, 0.71, 6200.0, 4.26
2012-03-30, 0.71, 0.73, 0.71, 0.73, 3300.0, 4.38
2012-04-02, 0.71, 0.72, 0.71, 0.71, 1100.0, 4.26
2012-04-03, 0.71, 0.73, 0.71, 0.73, 1500.0, 4.38
2012-04-04, 0.71, 0.73, 0.71, 0.71, 700.0, 4.26
2012-04-05, 0.71, 0.71, 0.71, 0.71, 1000.0, 4.26
2012-04-09, 0.73, 0.73, 0.68, 0.7, 4000.0, 4.2
2012-04-10, 0.68, 0.7, 0.68, 0.7, 1500.0, 4.2
2012-04-11, 0.7, 0.7, 0.69, 0.69, 1200.0, 4.14
2012-04-12, 0.68, 0.7, 0.68, 0.7, 300.0, 4.2
2012-04-13, 0.7, 0.7, 0.61, 0.67, 15800.0, 4.02
2012-04-16, 0.64, 0.65, 0.61, 0.64, 1600.0, 3.84
2012-04-17, 0.61, 0.65, 0.61, 0.64, 700.0, 3.84
2012-04-18, 0.66, 0.72, 0.65, 0.69, 5100.0, 4.14
2012-04-19, 0.7, 0.72, 0.65, 0.69, 8400.0, 4.14
2012-04-20, 0.68, 0.74, 0.67, 0.74, 4400.0, 4.44
2012-04-23, 0.74, 0.77, 0.66, 0.67, 12600.0, 4.02
2012-04-24, 0.76, 0.76, 0.68, 0.68, 3700.0, 4.08
2012-04-25, 0.67, 0.73, 0.65, 0.66, 900.0, 3.96
2012-04-26, 0.7, 0.7, 0.64, 0.64, 22100.0, 3.84
2012-04-27, 0.63, 0.66, 0.62, 0.66, 1300.0, 3.96
2012-04-30, 0.67, 0.67, 0.66, 0.66, 1400.0, 3.96
2012-05-01, 0.63, 0.67, 0.62, 0.64, 600.0, 3.84
2012-05-02, 0.63, 0.67, 0.63, 0.64, 100.0, 3.84
2012-05-03, 0.66, 0.67, 0.61, 0.61, 2600.0, 3.66
2012-05-04, 0.68, 0.73, 0.65, 0.65, 3100.0, 3.9
2012-05-07, 0.66, 0.66, 0.66, 0.66, 1200.0, 3.96
2012-05-08, 0.61, 0.64, 0.61, 0.64, 1700.0, 3.84
2012-05-09, 0.64, 0.64, 0.62, 0.62, 200.0, 3.72
2012-05-10, 0.63, 0.64, 0.63, 0.64, 600.0, 3.84
2012-05-11, 0.64, 0.67, 0.64, 0.67, 900.0, 4.02
2012-05-14, 0.64, 0.67, 0.59, 0.66, 4400.0, 3.96
2012-05-15, 0.65, 0.68, 0.65, 0.67, 500.0, 4.02
2012-05-16, 0.61, 0.66, 0.61, 0.65, 100.0, 3.9
2012-05-17, 0.62, 0.66, 0.52, 0.64, 6500.0, 3.84
2012-05-18, 0.6, 0.64, 0.55, 0.56, 1300.0, 3.36
2012-05-21, 0.58, 0.62, 0.54, 0.6, 1500.0, 3.6
2012-05-22, 0.6, 0.6, 0.52, 0.55, 2500.0, 3.3
2012-05-23, 0.53, 0.63, 0.53, 0.57, 1800.0, 3.42
2012-05-24, 0.51, 0.64, 0.51, 0.64, 4200.0, 3.84
2012-05-25, 0.62, 0.65, 0.62, 0.62, 200.0, 3.72
2012-05-29, 0.65, 0.65, 0.4, 0.41, 5300.0, 2.46
2012-05-30, 0.45, 0.55, 0.42, 0.5, 10700.0, 3.0
2012-05-31, 0.54, 0.59, 0.45, 0.45, 22200.0, 2.7
2012-06-01, 0.48, 0.5, 0.44, 0.48, 2000.0, 2.88
2012-06-04, 0.48, 0.5, 0.44, 0.44, 1800.0, 2.64
2012-06-05, 0.44, 0.55, 0.44, 0.45, 5300.0, 2.7
2012-06-06, 0.5, 0.5, 0.45, 0.49, 1300.0, 2.94
2012-06-07, 0.53, 0.6, 0.5, 0.52, 10300.0, 3.12
2012-06-08, 0.56, 0.6, 0.52, 0.52, 11700.0, 3.12
2012-06-11, 0.54, 0.56, 0.5, 0.52, 22000.0, 3.12
2012-06-12, 0.53, 0.53, 0.47, 0.47, 16500.0, 2.82
2012-06-13, 0.5, 0.66, 0.48, 0.48, 26600.0, 2.88
2012-06-14, 0.52, 0.57, 0.48, 0.49, 6700.0, 2.94
2012-06-15, 0.54, 0.54, 0.5, 0.52, 13400.0, 3.12
2012-06-18, 0.5, 0.55, 0.46, 0.51, 16600.0, 3.06
2012-06-19, 0.51, 0.56, 0.5, 0.52, 13800.0, 3.12
2012-06-20, 2.0, 2.0, 1.91, 1.98, 782600.0, 1.98
2012-06-21, 2.0, 2.0, 1.85, 2.0, 351200.0, 2.0
2012-06-22, 2.0, 2.0, 1.92, 2.0, 147100.0, 2.0
2012-06-25, 1.99, 2.01, 1.89, 2.01, 453100.0, 2.01
2012-06-26, 1.99, 1.99, 1.9, 1.94, 195600.0, 1.94
2012-06-27, 1.87, 1.97, 1.86, 1.96, 219000.0, 1.96
2012-06-28, 1.91, 1.97, 1.88, 1.95, 128900.0, 1.95
2012-06-29, 1.88, 1.97, 1.88, 1.88, 92700.0, 1.88
2012-07-02, 1.96, 1.96, 1.88, 1.9, 53500.0, 1.9
2012-07-03, 1.9, 1.94, 1.9, 1.91, 41900.0, 1.91
2012-07-05, 1.92, 1.93, 1.85, 1.88, 57700.0, 1.88
2012-07-06, 1.88, 1.9, 1.84, 1.88, 27200.0, 1.88
2012-07-09, 1.88, 2.2, 1.88, 1.94, 304400.0, 1.94
2012-07-10, 1.98, 2.0, 1.91, 1.95, 69100.0, 1.95
2012-07-11, 1.92, 1.95, 1.83, 1.9, 86400.0, 1.9
2012-07-12, 1.92, 1.95, 1.8, 1.95, 186800.0, 1.95
2012-07-13, 1.9, 2.09, 1.9, 2.0, 203800.0, 2.0
2012-07-16, 2.0, 2.0, 1.9, 1.91, 59400.0, 1.91
2012-07-17, 1.88, 1.99, 1.88, 1.94, 93600.0, 1.94
2012-07-18, 1.92, 1.96, 1.92, 1.93, 30600.0, 1.93
2012-07-19, 1.97, 1.97, 1.9, 1.93, 81200.0, 1.93
2012-07-20, 1.9, 1.93, 1.88, 1.92, 38500.0, 1.92
2012-07-23, 1.93, 1.93, 1.66, 1.7, 160000.0, 1.7
2012-07-24, 1.7, 1.74, 1.52, 1.56, 122700.0, 1.56
2012-07-25, 1.55, 1.66, 1.55, 1.64, 25400.0, 1.64
2012-07-26, 1.68, 1.8, 1.58, 1.6, 113700.0, 1.6
2012-07-27, 1.7, 1.72, 1.66, 1.68, 52400.0, 1.68
2012-07-30, 1.8, 1.88, 1.66, 1.66, 133500.0, 1.66
2012-07-31, 1.69, 1.71, 1.58, 1.67, 94800.0, 1.67
2012-08-01, 1.59, 1.63, 1.59, 1.6, 20300.0, 1.6
2012-08-02, 1.64, 1.64, 1.5, 1.53, 45500.0, 1.53
2012-08-03, 1.57, 1.59, 1.52, 1.55, 25500.0, 1.55
2012-08-06, 1.55, 1.6, 1.55, 1.55, 7700.0, 1.55
2012-08-07, 1.59, 1.64, 1.5, 1.52, 49400.0, 1.52
2012-08-08, 1.58, 1.6, 1.18, 1.33, 314800.0, 1.33
2012-08-09, 1.45, 1.45, 1.36, 1.41, 70500.0, 1.41
2012-08-10, 1.48, 1.6, 1.43, 1.59, 99900.0, 1.59
2012-08-13, 1.65, 1.65, 1.49, 1.61, 123200.0, 1.61
2012-08-14, 1.67, 1.67, 1.6, 1.67, 82800.0, 1.67
2012-08-15, 1.66, 1.66, 1.6, 1.61, 94800.0, 1.61
2012-08-16, 1.6, 1.65, 1.6, 1.63, 55000.0, 1.63
2012-08-17, 1.62, 1.65, 1.59, 1.65, 32100.0, 1.65
2012-08-20, 1.65, 1.65, 1.56, 1.57, 30900.0, 1.57
2012-08-21, 1.58, 1.63, 1.58, 1.62, 20800.0, 1.62
2012-08-22, 1.63, 1.63, 1.56, 1.6, 8000.0, 1.6
2012-08-23, 1.57, 1.61, 1.55, 1.6, 30200.0, 1.6
2012-08-24, 1.56, 1.63, 1.55, 1.6, 22200.0, 1.6
2012-08-27, 1.61, 1.62, 1.5, 1.51, 33300.0, 1.51
2012-08-28, 1.55, 1.55, 1.47, 1.47, 21500.0, 1.47
2012-08-29, 1.47, 1.54, 1.47, 1.51, 11500.0, 1.51
2012-08-30, 1.47, 1.56, 1.4, 1.45, 48600.0, 1.45
2012-08-31, 1.45, 1.52, 1.45, 1.5, 14000.0, 1.5
2012-09-04, 1.55, 1.55, 1.48, 1.55, 23000.0, 1.55
2012-09-05, 1.5, 1.55, 1.48, 1.51, 19000.0, 1.51
2012-09-06, 1.48, 1.51, 1.46, 1.47, 5000.0, 1.47
2012-09-07, 1.48, 1.49, 1.41, 1.47, 39300.0, 1.47
2012-09-10, 1.48, 1.48, 1.42, 1.43, 19000.0, 1.43
2012-09-11, 1.43, 2.04, 1.43, 1.83, 816900.0, 1.83
2012-09-12, 1.95, 2.05, 1.79, 1.87, 583700.0, 1.87
2012-09-13, 1.9, 1.9, 1.62, 1.87, 136000.0, 1.87
2012-09-14, 1.95, 1.95, 1.69, 1.82, 43000.0, 1.82
2012-09-17, 1.82, 2.04, 1.82, 2.02, 192600.0, 2.02
2012-09-18, 2.05, 2.15, 1.86, 1.96, 340900.0, 1.96
2012-09-19, 2.08, 2.1, 1.95, 2.05, 212800.0, 2.05
2012-09-20, 2.09, 2.09, 1.91, 1.94, 121100.0, 1.94
2012-09-21, 1.95, 2.04, 1.93, 2.04, 85000.0, 2.04
2012-09-24, 2.08, 2.08, 1.9, 2.0, 118900.0, 2.0
2012-09-25, 2.01, 2.05, 1.89, 1.9, 52900.0, 1.9
2012-09-26, 1.86, 2.0, 1.8, 1.84, 48800.0, 1.84
2012-09-27, 1.91, 2.74, 1.91, 2.74, 2310600.0, 2.74
2012-09-28, 2.99, 3.18, 2.53, 2.77, 2738200.0, 2.77
2012-10-01, 2.8, 2.88, 2.49, 2.59, 406300.0, 2.59
2012-10-02, 2.54, 2.65, 2.29, 2.31, 435100.0, 2.31
2012-10-03, 2.3, 2.53, 2.15, 2.53, 600600.0, 2.53
2012-10-04, 2.59, 2.7, 2.4, 2.45, 387800.0, 2.45
2012-10-05, 2.42, 2.5, 2.22, 2.22, 236300.0, 2.22
2012-10-08, 2.2, 2.35, 2.0, 2.04, 290100.0, 2.04
2012-10-09, 2.04, 2.6, 2.0, 2.38, 747600.0, 2.38
2012-10-10, 2.3, 2.43, 2.21, 2.39, 231200.0, 2.39
2012-10-11, 2.45, 2.45, 2.3, 2.3, 132400.0, 2.3
2012-10-12, 2.3, 2.39, 2.3, 2.35, 120700.0, 2.35
2012-10-15, 2.4, 2.58, 2.35, 2.57, 297100.0, 2.57
2012-10-16, 2.56, 3.04, 2.25, 2.35, 1272300.0, 2.35
2012-10-17, 2.83, 2.83, 2.41, 2.5, 335900.0, 2.5
2012-10-18, 2.54, 2.73, 2.49, 2.72, 446300.0, 2.72
2012-10-19, 2.7, 2.8, 2.6, 2.69, 269800.0, 2.69
2012-10-22, 2.69, 2.94, 2.58, 2.85, 437600.0, 2.85
2012-10-23, 2.76, 3.0, 2.66, 2.93, 328100.0, 2.93
2012-10-24, 3.02, 3.17, 2.7, 2.79, 1286300.0, 2.79
2012-10-25, 2.76, 2.88, 2.53, 2.86, 271400.0, 2.86
2012-10-26, 2.91, 2.91, 2.66, 2.75, 72800.0, 2.75
2012-10-31, 2.83, 2.89, 2.6, 2.61, 158200.0, 2.61
2012-11-01, 2.89, 2.89, 2.66, 2.86, 143600.0, 2.86
2012-11-02, 2.92, 2.94, 2.72, 2.75, 113400.0, 2.75
2012-11-05, 2.81, 2.81, 2.63, 2.68, 89200.0, 2.68
2012-11-06, 2.8, 2.82, 2.6, 2.64, 123100.0, 2.64
2012-11-07, 2.65, 2.67, 2.5, 2.56, 89100.0, 2.56
2012-11-08, 2.67, 2.67, 2.35, 2.41, 161900.0, 2.41
2012-11-09, 2.5, 2.58, 2.41, 2.51, 65100.0, 2.51
2012-11-12, 2.58, 2.69, 2.51, 2.69, 45700.0, 2.69
2012-11-13, 2.62, 2.82, 2.58, 2.69, 85700.0, 2.69
2012-11-14, 2.69, 2.77, 2.44, 2.46, 90100.0, 2.46
2012-11-15, 2.1, 2.2, 2.02, 2.1, 1189900.0, 2.1
2012-11-16, 2.1, 2.11, 2.02, 2.1, 75600.0, 2.1
2012-11-19, 2.14, 2.14, 2.0, 2.1, 146300.0, 2.1
2012-11-20, 2.06, 2.11, 2.04, 2.09, 43900.0, 2.09
2012-11-21, 2.09, 2.1, 2.05, 2.1, 47100.0, 2.1
2012-11-23, 2.09, 2.1, 2.05, 2.1, 47700.0, 2.1
2012-11-26, 2.06, 2.1, 2.05, 2.1, 48500.0, 2.1
2012-11-27, 2.08, 2.09, 2.04, 2.04, 32600.0, 2.04
2012-11-28, 2.08, 2.2, 2.0, 2.05, 378600.0, 2.05
2012-11-29, 2.1, 2.1, 2.05, 2.05, 95300.0, 2.05
2012-11-30, 2.1, 2.1, 2.02, 2.06, 119900.0, 2.06
2012-12-03, 2.05, 2.09, 2.03, 2.05, 94600.0, 2.05
2012-12-04, 2.05, 2.09, 2.03, 2.07, 93600.0, 2.07
2012-12-05, 2.04, 2.09, 2.04, 2.04, 45500.0, 2.04
2012-12-06, 2.04, 2.1, 2.04, 2.08, 58500.0, 2.08
2012-12-07, 2.06, 2.08, 2.03, 2.08, 61700.0, 2.08
2012-12-10, 2.06, 2.1, 2.06, 2.07, 59500.0, 2.07
2012-12-11, 2.1, 2.25, 2.05, 2.09, 570300.0, 2.09
2012-12-12, 2.2, 2.72, 2.1, 2.72, 1678700.0, 2.72
2012-12-13, 2.75, 2.75, 2.4, 2.55, 986300.0, 2.55
2012-12-14, 2.56, 2.72, 2.45, 2.67, 578200.0, 2.67
2012-12-17, 2.84, 2.91, 2.47, 2.55, 768800.0, 2.55
2012-12-18, 2.53, 2.7, 2.43, 2.63, 371700.0, 2.63
2012-12-19, 2.58, 2.65, 2.51, 2.52, 202300.0, 2.52
2012-12-20, 2.57, 2.66, 2.5, 2.6, 95100.0, 2.6
2012-12-21, 2.85, 2.85, 2.53, 2.67, 794300.0, 2.67
2012-12-24, 2.71, 2.71, 2.56, 2.57, 124300.0, 2.57
2012-12-26, 2.55, 2.93, 2.51, 2.83, 521100.0, 2.83
2012-12-27, 2.76, 2.99, 2.76, 2.79, 246400.0, 2.79
2012-12-28, 2.8, 2.8, 2.6, 2.65, 183000.0, 2.65
2012-12-31, 2.61, 2.69, 2.54, 2.56, 157700.0, 2.56
2013-01-02, 2.6, 2.64, 2.43, 2.64, 193000.0, 2.64
2013-01-03, 2.6, 2.68, 2.51, 2.63, 112800.0, 2.63
2013-01-04, 2.65, 2.8, 2.64, 2.74, 398600.0, 2.74
2013-01-07, 2.76, 2.76, 2.61, 2.72, 231500.0, 2.72
2013-01-08, 2.58, 2.58, 2.45, 2.46, 482500.0, 2.46
2013-01-09, 2.45, 2.48, 2.18, 2.35, 475400.0, 2.35
2013-01-10, 2.3, 2.36, 2.24, 2.28, 82900.0, 2.28
2013-01-11, 2.28, 2.34, 2.21, 2.21, 74500.0, 2.21
2013-01-14, 2.28, 2.28, 2.17, 2.2, 112800.0, 2.2
2013-01-15, 2.25, 2.33, 2.18, 2.18, 139000.0, 2.18
2013-01-16, 2.17, 2.19, 2.11, 2.19, 132400.0, 2.19
2013-01-17, 2.17, 2.26, 2.17, 2.21, 70600.0, 2.21
2013-01-18, 2.2, 2.22, 2.13, 2.19, 81500.0, 2.19
2013-01-22, 2.16, 2.17, 2.07, 2.12, 157900.0, 2.12
2013-01-23, 2.11, 2.17, 2.03, 2.04, 176200.0, 2.04
2013-01-24, 2.04, 2.06, 2.01, 2.05, 83100.0, 2.05
2013-01-25, 2.07, 2.09, 1.96, 2.0, 147500.0, 2.0
2013-01-28, 2.0, 2.02, 1.96, 1.99, 73000.0, 1.99
2013-01-29, 2.03, 2.29, 1.97, 2.18, 181000.0, 2.18
2013-01-30, 2.22, 2.3, 2.08, 2.12, 116500.0, 2.12
2013-01-31, 2.15, 2.29, 2.11, 2.24, 103200.0, 2.24
2013-02-01, 2.27, 2.4, 2.25, 2.33, 92700.0, 2.33
2013-02-04, 2.35, 2.58, 2.29, 2.56, 362100.0, 2.56
2013-02-05, 2.6, 2.6, 2.39, 2.59, 227700.0, 2.59
2013-02-06, 2.58, 2.6, 2.5, 2.52, 77300.0, 2.52
2013-02-07, 2.7, 2.7, 2.38, 2.4, 492900.0, 2.4
2013-02-08, 2.39, 2.51, 2.22, 2.33, 111900.0, 2.33
2013-02-11, 2.37, 2.49, 2.2, 2.49, 139400.0, 2.49
2013-02-12, 2.48, 2.51, 2.4, 2.45, 153300.0, 2.45
2013-02-13, 2.44, 2.44, 2.26, 2.28, 74000.0, 2.28
2013-02-14, 2.33, 2.33, 2.19, 2.19, 98000.0, 2.19
2013-02-15, 2.17, 2.28, 2.15, 2.25, 80300.0, 2.25
2013-02-19, 2.23, 2.29, 2.19, 2.26, 50700.0, 2.26
2013-02-20, 2.23, 2.26, 2.14, 2.18, 63600.0, 2.18
2013-02-21, 2.13, 2.16, 2.08, 2.13, 73800.0, 2.13
2013-02-22, 2.13, 2.2, 2.1, 2.14, 98000.0, 2.14
2013-02-25, 2.36, 2.65, 2.34, 2.4, 1660600.0, 2.4
2013-02-26, 2.45, 2.45, 2.2, 2.32, 284200.0, 2.32
2013-02-27, 2.38, 2.39, 2.28, 2.3, 148400.0, 2.3
2013-02-28, 2.28, 2.39, 2.25, 2.3, 126300.0, 2.3
2013-03-01, 2.33, 2.33, 2.19, 2.21, 143900.0, 2.21
2013-03-04, 2.21, 2.24, 2.17, 2.17, 64600.0, 2.17
2013-03-05, 2.23, 2.3, 2.17, 2.2, 123700.0, 2.2
2013-03-06, 2.22, 2.29, 2.17, 2.18, 126100.0, 2.18
2013-03-07, 2.18, 2.26, 2.18, 2.21, 117300.0, 2.21
2013-03-08, 2.2, 2.28, 2.2, 2.26, 75900.0, 2.26
2013-03-11, 2.28, 2.43, 2.27, 2.41, 222500.0, 2.41
2013-03-12, 2.4, 2.43, 2.18, 2.35, 154300.0, 2.35
2013-03-13, 2.36, 2.4, 2.25, 2.27, 80300.0, 2.27
2013-03-14, 2.31, 2.31, 2.25, 2.26, 25700.0, 2.26
2013-03-15, 2.29, 2.4, 2.26, 2.35, 90000.0, 2.35
2013-03-18, 2.36, 2.45, 2.35, 2.42, 71600.0, 2.42
2013-03-19, 2.44, 2.45, 2.29, 2.38, 60600.0, 2.38
2013-03-20, 2.38, 2.41, 2.27, 2.29, 82700.0, 2.29
2013-03-21, 2.26, 2.31, 2.24, 2.24, 63300.0, 2.24
2013-03-22, 2.27, 2.3, 2.18, 2.29, 88600.0, 2.29
2013-03-25, 2.31, 2.31, 2.19, 2.2, 33700.0, 2.2
2013-03-26, 2.21, 2.3, 2.18, 2.28, 77400.0, 2.28
2013-03-27, 2.3, 2.5, 2.15, 2.16, 238600.0, 2.16
2013-03-28, 2.21, 2.22, 2.15, 2.16, 64000.0, 2.16
2013-04-01, 2.16, 2.2, 2.07, 2.11, 150000.0, 2.11
2013-04-02, 2.09, 2.11, 1.94, 2.08, 150200.0, 2.08
2013-04-03, 2.07, 2.17, 2.02, 2.13, 35800.0, 2.13
2013-04-04, 2.1, 2.15, 2.07, 2.08, 26600.0, 2.08
2013-04-05, 2.03, 2.09, 2.0, 2.0, 26100.0, 2.0
2013-04-08, 2.03, 2.08, 1.95, 2.0, 91600.0, 2.0
2013-04-09, 2.03, 2.05, 1.98, 2.0, 35900.0, 2.0
2013-04-10, 1.98, 2.16, 1.98, 2.02, 58700.0, 2.02
2013-04-11, 2.01, 2.09, 2.0, 2.01, 57800.0, 2.01
2013-04-12, 2.02, 2.05, 2.02, 2.02, 25800.0, 2.02
2013-04-15, 2.03, 2.05, 1.96, 1.99, 65800.0, 1.99
2013-04-16, 2.02, 2.05, 1.92, 1.92, 90700.0, 1.92
2013-04-17, 1.92, 1.92, 1.7, 1.88, 189900.0, 1.88
2013-04-18, 1.82, 1.82, 1.74, 1.77, 78900.0, 1.77
2013-04-19, 1.77, 1.89, 1.77, 1.87, 309700.0, 1.87
2013-04-22, 1.85, 1.86, 1.83, 1.84, 41700.0, 1.84
2013-04-23, 1.81, 1.86, 1.81, 1.83, 137700.0, 1.83
2013-04-24, 1.84, 1.9, 1.84, 1.87, 49100.0, 1.87
2013-04-25, 1.86, 1.9, 1.8, 1.81, 58300.0, 1.81
2013-04-26, 1.82, 1.82, 1.77, 1.82, 50400.0, 1.82
2013-04-29, 1.82, 1.92, 1.82, 1.92, 55000.0, 1.92
2013-04-30, 1.9, 1.94, 1.82, 1.86, 80000.0, 1.86
2013-05-01, 1.86, 1.86, 1.72, 1.75, 90000.0, 1.75
2013-05-02, 1.79, 1.82, 1.75, 1.8, 31600.0, 1.8
2013-05-03, 1.79, 1.8, 1.72, 1.8, 62200.0, 1.8
2013-05-06, 1.77, 1.8, 1.75, 1.76, 44900.0, 1.76
2013-05-07, 1.75, 1.8, 1.74, 1.75, 48500.0, 1.75
2013-05-08, 1.75, 1.81, 1.72, 1.72, 71900.0, 1.72
2013-05-09, 1.75, 1.75, 1.72, 1.72, 38800.0, 1.72
2013-05-10, 1.7, 1.7, 1.65, 1.65, 68100.0, 1.65
2013-05-13, 1.64, 1.69, 1.61, 1.67, 110700.0, 1.67
2013-05-14, 1.69, 1.8, 1.69, 1.76, 185000.0, 1.76
2013-05-15, 1.77, 1.77, 1.65, 1.69, 78900.0, 1.69
2013-05-16, 1.71, 1.75, 1.66, 1.68, 31800.0, 1.68
2013-05-17, 1.7, 1.72, 1.67, 1.69, 50100.0, 1.69
2013-05-20, 1.66, 1.7, 1.62, 1.65, 87900.0, 1.65
2013-05-21, 1.65, 1.69, 1.65, 1.66, 41100.0, 1.66
2013-05-22, 1.69, 1.69, 1.56, 1.6, 79700.0, 1.6
2013-05-23, 1.59, 1.61, 1.35, 1.36, 632600.0, 1.36
2013-05-24, 1.28, 1.32, 1.27, 1.3, 1.13957E7, 1.3
2013-05-28, 1.34, 1.35, 1.28, 1.3, 1846900.0, 1.3
2013-05-29, 1.3, 1.32, 1.28, 1.31, 1156400.0, 1.31
2013-05-30, 1.31, 1.4, 1.3, 1.33, 2865000.0, 1.33
2013-05-31, 1.36, 1.38, 1.33, 1.35, 1831200.0, 1.35
2013-06-03, 1.35, 1.38, 1.33, 1.33, 725200.0, 1.33
2013-06-04, 1.33, 1.34, 1.28, 1.29, 1008300.0, 1.29
2013-06-05, 1.3, 1.3, 1.15, 1.21, 1700100.0, 1.21
2013-06-06, 1.22, 1.32, 1.21, 1.32, 1445400.0, 1.32
2013-06-07, 1.35, 1.43, 1.28, 1.4, 3673100.0, 1.4
2013-06-10, 1.45, 1.45, 1.31, 1.36, 2019500.0, 1.36
2013-06-11, 1.32, 1.34, 1.27, 1.31, 849300.0, 1.31
2013-06-12, 1.32, 1.32, 1.25, 1.26, 833500.0, 1.26
2013-06-13, 1.28, 1.36, 1.22, 1.32, 1178800.0, 1.32
2013-06-14, 1.34, 1.35, 1.28, 1.3, 669000.0, 1.3
2013-06-17, 1.32, 1.32, 1.25, 1.27, 672400.0, 1.27
2013-06-18, 1.26, 1.34, 1.26, 1.32, 564600.0, 1.32
2013-06-19, 1.3, 1.32, 1.27, 1.31, 618100.0, 1.31
2013-06-20, 1.28, 1.3, 1.26, 1.28, 380500.0, 1.28
2013-06-21, 1.29, 1.29, 1.19, 1.23, 1067700.0, 1.23
2013-06-24, 1.23, 1.23, 1.17, 1.23, 880800.0, 1.23
2013-06-25, 1.24, 1.25, 1.17, 1.21, 598800.0, 1.21
2013-06-26, 1.21, 1.27, 1.19, 1.27, 909200.0, 1.27
2013-06-27, 1.27, 1.28, 1.22, 1.23, 518800.0, 1.23
2013-06-28, 1.23, 1.25, 1.2, 1.2, 297600.0, 1.2
2013-07-01, 1.23, 1.3, 1.22, 1.29, 644200.0, 1.29
2013-07-02, 1.3, 1.4, 1.3, 1.34, 1757700.0, 1.34
2013-07-03, 1.35, 1.4, 1.34, 1.37, 391800.0, 1.37
2013-07-05, 1.4, 1.41, 1.34, 1.36, 612000.0, 1.36
2013-07-08, 1.38, 1.4, 1.33, 1.33, 459000.0, 1.33
2013-07-09, 1.33, 1.34, 1.27, 1.28, 554400.0, 1.28
2013-07-10, 1.27, 1.34, 1.27, 1.32, 427600.0, 1.32
2013-07-11, 1.34, 1.45, 1.32, 1.39, 2798900.0, 1.39
2013-07-12, 1.41, 1.41, 1.35, 1.38, 1051000.0, 1.38
2013-07-15, 1.29, 1.35, 1.27, 1.32, 2089600.0, 1.32
2013-07-16, 1.31, 1.34, 1.29, 1.31, 507700.0, 1.31
2013-07-17, 1.31, 1.31, 1.29, 1.3, 268600.0, 1.3
2013-07-18, 1.3, 1.3, 1.25, 1.28, 690400.0, 1.28
2013-07-19, 1.28, 1.3, 1.26, 1.26, 315700.0, 1.26
2013-07-22, 1.26, 1.29, 1.25, 1.27, 381500.0, 1.27
2013-07-23, 1.27, 1.29, 1.25, 1.26, 359900.0, 1.26
2013-07-24, 1.27, 1.29, 1.25, 1.29, 315600.0, 1.29
2013-07-25, 1.3, 1.4, 1.27, 1.37, 1330800.0, 1.37
2013-07-26, 1.38, 1.39, 1.35, 1.38, 577300.0, 1.38
2013-07-29, 1.4, 1.55, 1.38, 1.53, 2878900.0, 1.53
2013-07-30, 1.6, 1.62, 1.45, 1.48, 1443700.0, 1.48
2013-07-31, 1.5, 1.54, 1.41, 1.53, 1139700.0, 1.53
2013-08-01, 1.54, 1.54, 1.48, 1.51, 606400.0, 1.51
2013-08-02, 1.51, 1.54, 1.47, 1.49, 417700.0, 1.49
2013-08-05, 1.5, 1.51, 1.42, 1.44, 741600.0, 1.44
2013-08-06, 1.45, 1.46, 1.39, 1.43, 1076800.0, 1.43
2013-08-07, 1.42, 1.47, 1.4, 1.44, 426400.0, 1.44
2013-08-08, 1.45, 1.45, 1.41, 1.42, 506700.0, 1.42
2013-08-09, 1.43, 1.52, 1.43, 1.49, 730700.0, 1.49
2013-08-12, 1.51, 1.56, 1.48, 1.48, 728600.0, 1.48
2013-08-13, 1.48, 1.5, 1.44, 1.46, 462800.0, 1.46
2013-08-14, 1.47, 1.48, 1.39, 1.42, 864000.0, 1.42
2013-08-15, 1.41, 1.45, 1.35, 1.45, 591600.0, 1.45
2013-08-16, 1.45, 1.46, 1.41, 1.43, 290600.0, 1.43
2013-08-19, 1.45, 1.5, 1.39, 1.41, 484700.0, 1.41
2013-08-20, 1.4, 1.44, 1.39, 1.44, 154400.0, 1.44
2013-08-21, 1.47, 1.47, 1.39, 1.43, 421100.0, 1.43
2013-08-22, 1.44, 1.48, 1.42, 1.45, 306300.0, 1.45
2013-08-23, 1.49, 1.49, 1.42, 1.43, 193200.0, 1.43
2013-08-26, 1.46, 1.47, 1.43, 1.46, 264200.0, 1.46
2013-08-27, 1.44, 1.46, 1.41, 1.42, 273000.0, 1.42
2013-08-28, 1.42, 1.43, 1.4, 1.41, 246000.0, 1.41
2013-08-29, 1.44, 1.45, 1.39, 1.43, 323000.0, 1.43
2013-08-30, 1.42, 1.45, 1.42, 1.42, 131900.0, 1.42
2013-09-03, 1.43, 1.48, 1.43, 1.46, 266400.0, 1.46
2013-09-04, 1.47, 1.59, 1.45, 1.56, 1857000.0, 1.56
2013-09-05, 1.59, 1.68, 1.57, 1.63, 1849700.0, 1.63
2013-09-06, 1.65, 1.73, 1.55, 1.68, 1907500.0, 1.68
2013-09-09, 1.71, 1.81, 1.71, 1.77, 1382500.0, 1.77
2013-09-10, 1.81, 1.83, 1.66, 1.7, 1194100.0, 1.7
2013-09-11, 1.71, 1.8, 1.69, 1.78, 696900.0, 1.78
2013-09-12, 1.8, 1.85, 1.76, 1.8, 725500.0, 1.8
2013-09-13, 1.81, 1.9, 1.75, 1.78, 1632800.0, 1.78
2013-09-16, 1.78, 1.83, 1.73, 1.78, 948900.0, 1.78
2013-09-17, 1.8, 1.81, 1.76, 1.78, 355400.0, 1.78
2013-09-18, 1.78, 1.78, 1.74, 1.77, 594100.0, 1.77
2013-09-19, 1.76, 1.86, 1.76, 1.82, 805900.0, 1.82
2013-09-20, 1.82, 1.84, 1.79, 1.84, 483600.0, 1.84
2013-09-23, 1.84, 1.86, 1.8, 1.84, 428500.0, 1.84
2013-09-24, 1.85, 2.1, 1.82, 2.07, 2917100.0, 2.07
2013-09-25, 2.15, 2.18, 2.05, 2.16, 2459700.0, 2.16
2013-09-26, 2.17, 2.2, 1.81, 1.93, 3713900.0, 1.93
2013-09-27, 1.9, 2.04, 1.82, 1.97, 1223500.0, 1.97
2013-09-30, 1.95, 2.02, 1.89, 1.94, 528200.0, 1.94
2013-10-01, 1.94, 2.05, 1.93, 2.02, 582600.0, 2.02
2013-10-02, 2.02, 2.09, 1.96, 1.97, 721600.0, 1.97
2013-10-03, 1.99, 2.01, 1.87, 1.9, 913900.0, 1.9
2013-10-04, 1.9, 1.98, 1.9, 1.95, 405100.0, 1.95
2013-10-07, 1.96, 1.96, 1.89, 1.92, 421900.0, 1.92
2013-10-08, 1.92, 1.94, 1.82, 1.83, 807400.0, 1.83
2013-10-09, 1.84, 1.85, 1.72, 1.8, 547700.0, 1.8
2013-10-10, 1.92, 1.92, 1.82, 1.88, 351200.0, 1.88
2013-10-11, 1.89, 1.9, 1.84, 1.87, 261300.0, 1.87
2013-10-14, 1.87, 1.87, 1.82, 1.84, 305300.0, 1.84
2013-10-15, 1.83, 1.89, 1.83, 1.83, 368900.0, 1.83
2013-10-16, 1.85, 1.95, 1.82, 1.89, 316000.0, 1.89
2013-10-17, 1.91, 2.0, 1.9, 1.98, 703900.0, 1.98
2013-10-18, 1.99, 2.02, 1.93, 1.96, 414400.0, 1.96
2013-10-21, 1.98, 2.01, 1.94, 1.97, 385400.0, 1.97
2013-10-22, 2.0, 2.01, 1.94, 1.96, 440000.0, 1.96
2013-10-23, 1.84, 1.97, 1.78, 1.84, 1220500.0, 1.84
2013-10-24, 1.87, 1.9, 1.8, 1.84, 517600.0, 1.84
2013-10-25, 1.84, 1.85, 1.8, 1.8, 364000.0, 1.8
2013-10-28, 1.88, 1.88, 1.79, 1.84, 242900.0, 1.84
2013-10-29, 1.83, 1.88, 1.81, 1.83, 103000.0, 1.83
2013-10-30, 1.84, 1.87, 1.82, 1.83, 142200.0, 1.83
2013-10-31, 1.85, 1.87, 1.81, 1.84, 179200.0, 1.84
2013-11-01, 1.86, 1.88, 1.81, 1.82, 207200.0, 1.82
2013-11-04, 1.82, 1.88, 1.8, 1.87, 188900.0, 1.87
2013-11-05, 1.89, 1.89, 1.84, 1.86, 340500.0, 1.86
2013-11-06, 1.86, 1.88, 1.8, 1.81, 269900.0, 1.81
2013-11-07, 1.8, 1.87, 1.63, 1.7, 1033200.0, 1.7
2013-11-08, 1.74, 1.77, 1.62, 1.7, 348300.0, 1.7
2013-11-11, 1.73, 1.73, 1.65, 1.69, 252300.0, 1.69
2013-11-12, 1.72, 1.72, 1.63, 1.63, 323300.0, 1.63
2013-11-13, 1.65, 1.66, 1.55, 1.59, 462900.0, 1.59
2013-11-14, 1.6, 1.63, 1.55, 1.57, 266100.0, 1.57
2013-11-15, 1.58, 1.67, 1.56, 1.66, 287900.0, 1.66
2013-11-18, 1.69, 1.69, 1.61, 1.64, 173700.0, 1.64
2013-11-19, 1.62, 1.66, 1.58, 1.62, 290100.0, 1.62
2013-11-20, 1.64, 1.7, 1.59, 1.65, 295900.0, 1.65
2013-11-21, 1.65, 1.68, 1.62, 1.64, 137000.0, 1.64
2013-11-22, 1.67, 1.69, 1.65, 1.66, 224400.0, 1.66
2013-11-25, 1.68, 1.95, 1.68, 1.91, 1415500.0, 1.91
2013-11-26, 1.93, 1.97, 1.85, 1.92, 491600.0, 1.92
2013-11-27, 1.94, 1.95, 1.88, 1.93, 250200.0, 1.93
2013-11-29, 1.95, 1.95, 1.9, 1.91, 77600.0, 1.91
2013-12-02, 1.91, 1.94, 1.86, 1.9, 297300.0, 1.9
2013-12-03, 1.9, 1.95, 1.89, 1.95, 308600.0, 1.95
2013-12-04, 1.93, 1.95, 1.85, 1.93, 201700.0, 1.93
2013-12-05, 1.94, 2.03, 1.91, 1.94, 564200.0, 1.94
2013-12-06, 1.99, 1.99, 1.92, 1.92, 167200.0, 1.92
2013-12-09, 1.92, 1.93, 1.77, 1.8, 589200.0, 1.8
2013-12-10, 1.8, 1.82, 1.76, 1.79, 100500.0, 1.79
2013-12-11, 1.8, 1.81, 1.71, 1.77, 331800.0, 1.77
2013-12-12, 1.79, 1.79, 1.74, 1.76, 87800.0, 1.76
2013-12-13, 1.75, 1.83, 1.74, 1.81, 228400.0, 1.81
2013-12-16, 1.8, 1.93, 1.8, 1.84, 562100.0, 1.84
2013-12-17, 1.85, 1.92, 1.82, 1.89, 212800.0, 1.89
2013-12-18, 1.91, 1.98, 1.9, 1.98, 395600.0, 1.98
2013-12-19, 1.98, 2.15, 1.98, 2.09, 1026100.0, 2.09
2013-12-20, 2.11, 2.2, 2.03, 2.1, 919400.0, 2.1
2013-12-23, 2.16, 2.2, 2.06, 2.14, 444500.0, 2.14
2013-12-24, 2.16, 2.16, 2.07, 2.11, 159700.0, 2.11
2013-12-26, 2.12, 2.23, 2.1, 2.12, 337700.0, 2.12
2013-12-27, 2.15, 2.15, 2.05, 2.09, 225900.0, 2.09
2013-12-30, 2.09, 2.19, 2.08, 2.1, 532800.0, 2.1
2013-12-31, 2.1, 2.19, 2.09, 2.14, 831100.0, 2.14
2014-01-02, 2.14, 2.38, 2.12, 2.32, 1525900.0, 2.32
2014-01-03, 2.33, 2.47, 2.26, 2.28, 726000.0, 2.28
2014-01-06, 2.28, 2.36, 2.25, 2.27, 265400.0, 2.27
2014-01-07, 2.3, 2.33, 2.22, 2.27, 345000.0, 2.27
2014-01-08, 2.31, 2.4, 2.26, 2.38, 409100.0, 2.38
2014-01-09, 2.4, 2.53, 2.37, 2.43, 841800.0, 2.43
2014-01-10, 2.43, 2.54, 2.28, 2.37, 595900.0, 2.37
2014-01-13, 2.39, 2.46, 2.32, 2.32, 370800.0, 2.32
2014-01-14, 2.32, 2.46, 2.3, 2.38, 431100.0, 2.38
2014-01-15, 2.43, 2.58, 2.42, 2.5, 467200.0, 2.5
2014-01-16, 2.54, 2.85, 2.51, 2.79, 1868900.0, 2.79
2014-01-17, 2.8, 2.84, 2.66, 2.74, 836600.0, 2.74
2014-01-21, 2.78, 2.8, 2.65, 2.74, 356800.0, 2.74
2014-01-22, 2.72, 2.83, 2.69, 2.75, 340600.0, 2.75
2014-01-23, 2.75, 2.77, 2.67, 2.7, 351300.0, 2.7
2014-01-24, 2.71, 2.71, 2.46, 2.49, 1520500.0, 2.49
2014-01-27, 2.51, 2.58, 2.1, 2.38, 1260800.0, 2.38
2014-01-28, 2.38, 2.47, 2.35, 2.45, 301300.0, 2.45
2014-01-29, 2.45, 2.45, 2.33, 2.38, 184200.0, 2.38
2014-01-30, 2.44, 2.47, 2.29, 2.47, 220700.0, 2.47
2014-01-31, 2.47, 2.54, 2.42, 2.51, 250900.0, 2.51
2014-02-03, 2.53, 2.54, 2.35, 2.42, 364600.0, 2.42
2014-02-04, 2.41, 2.48, 2.38, 2.4, 240700.0, 2.4
2014-02-05, 2.37, 2.4, 2.24, 2.32, 444100.0, 2.32
2014-02-06, 2.37, 2.45, 2.24, 2.3, 562700.0, 2.3
2014-02-07, 2.37, 2.44, 2.28, 2.38, 353600.0, 2.38
2014-02-10, 2.4, 2.66, 2.38, 2.59, 585900.0, 2.59
2014-02-11, 2.61, 2.62, 2.39, 2.47, 568300.0, 2.47
2014-02-12, 2.53, 2.57, 2.4, 2.43, 373400.0, 2.43
2014-02-13, 2.43, 2.55, 2.42, 2.45, 222400.0, 2.45
2014-02-14, 2.47, 2.5, 2.41, 2.47, 104900.0, 2.47
2014-02-18, 2.5, 2.59, 2.48, 2.54, 214400.0, 2.54
2014-02-19, 2.56, 2.57, 2.49, 2.5, 228800.0, 2.5
2014-02-20, 2.53, 2.54, 2.47, 2.5, 404400.0, 2.5
2014-02-21, 2.5, 2.52, 2.42, 2.44, 253900.0, 2.44
2014-02-24, 2.48, 2.51, 2.44, 2.47, 251200.0, 2.47
2014-02-25, 2.49, 2.6, 2.44, 2.5, 507200.0, 2.5
2014-02-26, 2.51, 2.6, 2.51, 2.54, 462600.0, 2.54
2014-02-27, 2.55, 2.65, 2.52, 2.64, 377100.0, 2.64
2014-02-28, 2.62, 2.7, 2.57, 2.59, 723700.0, 2.59
2014-03-03, 2.55, 2.59, 2.42, 2.55, 347900.0, 2.55
2014-03-04, 2.63, 2.64, 2.54, 2.6, 240100.0, 2.6
2014-03-05, 2.62, 2.7, 2.6, 2.64, 231800.0, 2.64
2014-03-06, 2.64, 2.65, 2.54, 2.59, 365200.0, 2.59
2014-03-07, 2.61, 2.65, 2.5, 2.64, 324800.0, 2.64
2014-03-10, 2.65, 2.69, 2.6, 2.66, 370500.0, 2.66
2014-03-11, 2.66, 2.8, 2.66, 2.73, 466100.0, 2.73
2014-03-12, 2.72, 2.75, 2.6, 2.71, 313800.0, 2.71
2014-03-13, 3.31, 3.88, 3.25, 3.29, 9676800.0, 3.29
2014-03-14, 3.29, 3.4, 3.05, 3.19, 1654400.0, 3.19
2014-03-17, 3.29, 3.32, 3.05, 3.14, 431900.0, 3.14
2014-03-18, 3.15, 3.15, 2.89, 2.98, 769500.0, 2.98
2014-03-19, 2.96, 3.07, 2.92, 3.05, 499700.0, 3.05
2014-03-20, 3.03, 3.03, 2.9, 2.93, 422800.0, 2.93
2014-03-21, 2.97, 2.97, 2.77, 2.8, 635400.0, 2.8
2014-03-24, 2.83, 2.84, 2.59, 2.72, 666200.0, 2.72
2014-03-25, 2.72, 2.79, 2.6, 2.62, 326900.0, 2.62
2014-03-26, 2.63, 2.67, 2.48, 2.52, 411500.0, 2.52
2014-03-27, 2.54, 2.57, 2.44, 2.5, 328000.0, 2.5
2014-03-28, 2.53, 2.55, 2.36, 2.48, 270800.0, 2.48
2014-03-31, 2.7, 2.7, 2.48, 2.63, 650400.0, 2.63
2014-04-01, 2.66, 2.83, 2.65, 2.77, 508600.0, 2.77
2014-04-02, 2.77, 2.81, 2.66, 2.71, 361600.0, 2.71
2014-04-03, 2.4, 2.48, 2.25, 2.29, 5457500.0, 2.29
2014-04-04, 2.34, 2.37, 2.11, 2.17, 1656800.0, 2.17
2014-04-07, 2.25, 2.25, 2.03, 2.08, 1268100.0, 2.08
2014-04-08, 2.1, 2.1, 1.99, 2.03, 1127800.0, 2.03
2014-04-09, 2.07, 2.32, 2.07, 2.24, 1589800.0, 2.24
2014-04-10, 2.24, 2.34, 2.1, 2.16, 469400.0, 2.16
2014-04-11, 2.08, 2.17, 2.01, 2.03, 641900.0, 2.03
2014-04-14, 2.08, 2.13, 2.0, 2.02, 672600.0, 2.02
2014-04-15, 2.05, 2.11, 2.0, 2.1, 828200.0, 2.1
2014-04-16, 2.12, 2.34, 2.05, 2.31, 711100.0, 2.31
2014-04-17, 2.31, 2.35, 2.2, 2.23, 336100.0, 2.23
2014-04-21, 2.25, 2.26, 2.15, 2.18, 251000.0, 2.18
2014-04-22, 2.19, 2.28, 2.16, 2.18, 273500.0, 2.18
2014-04-23, 2.19, 2.21, 2.13, 2.19, 177700.0, 2.19
2014-04-24, 2.22, 2.23, 2.12, 2.17, 169300.0, 2.17
2014-04-25, 2.13, 2.21, 2.05, 2.12, 371900.0, 2.12
2014-04-28, 2.16, 2.19, 2.02, 2.08, 316000.0, 2.08
2014-04-29, 2.08, 2.12, 2.01, 2.1, 292900.0, 2.1
2014-04-30, 2.1, 2.12, 2.03, 2.09, 206000.0, 2.09
2014-05-01, 2.1, 2.2, 2.04, 2.13, 208800.0, 2.13
2014-05-02, 2.13, 2.16, 2.07, 2.14, 100000.0, 2.14
2014-05-05, 2.15, 2.19, 2.08, 2.18, 181600.0, 2.18
2014-05-06, 2.15, 2.18, 2.09, 2.1, 170200.0, 2.1
2014-05-07, 2.1, 2.1, 1.98, 1.98, 798100.0, 1.98
2014-05-08, 1.98, 2.04, 1.85, 1.92, 580500.0, 1.92
2014-05-09, 1.92, 1.95, 1.88, 1.91, 196000.0, 1.91
2014-05-12, 1.96, 2.04, 1.92, 1.94, 148800.0, 1.94
2014-05-13, 1.95, 1.98, 1.95, 1.95, 115400.0, 1.95
2014-05-14, 1.95, 2.0, 1.95, 1.95, 92000.0, 1.95
2014-05-15, 1.92, 1.97, 1.82, 1.88, 224600.0, 1.88
2014-05-16, 1.93, 1.98, 1.82, 1.97, 182300.0, 1.97
2014-05-19, 1.98, 2.0, 1.94, 1.96, 111400.0, 1.96
2014-05-20, 1.93, 2.04, 1.91, 1.96, 153900.0, 1.96
2014-05-21, 1.94, 1.96, 1.92, 1.93, 54400.0, 1.93
2014-05-22, 1.95, 1.97, 1.91, 1.92, 114300.0, 1.92
2014-05-23, 1.93, 1.98, 1.91, 1.95, 162200.0, 1.95
2014-05-27, 1.99, 2.07, 1.95, 2.02, 436200.0, 2.02
2014-05-28, 2.03, 2.1, 2.0, 2.07, 189100.0, 2.07
2014-05-29, 2.05, 2.22, 2.05, 2.17, 430000.0, 2.17
2014-05-30, 2.15, 2.17, 2.04, 2.08, 373200.0, 2.08
2014-06-02, 2.05, 2.08, 2.02, 2.06, 127700.0, 2.06
2014-06-03, 2.04, 2.09, 2.02, 2.07, 118100.0, 2.07
2014-06-04, 2.07, 2.14, 2.06, 2.13, 155100.0, 2.13
2014-06-05, 2.1, 2.18, 2.1, 2.14, 190100.0, 2.14
2014-06-06, 2.17, 2.18, 2.11, 2.16, 86100.0, 2.16
2014-06-09, 2.17, 2.24, 2.14, 2.17, 170500.0, 2.17
2014-06-10, 2.18, 2.21, 2.12, 2.19, 122300.0, 2.19
2014-06-11, 2.19, 2.21, 2.15, 2.21, 145000.0, 2.21
2014-06-12, 2.21, 2.3, 2.19, 2.23, 206700.0, 2.23
2014-06-13, 2.21, 2.27, 2.2, 2.26, 97300.0, 2.26
2014-06-16, 2.25, 2.3, 2.23, 2.25, 344100.0, 2.25
2014-06-17, 2.25, 2.3, 2.2, 2.3, 298000.0, 2.3
2014-06-18, 2.3, 2.35, 2.25, 2.32, 337100.0, 2.32
2014-06-19, 2.31, 2.35, 2.25, 2.31, 219700.0, 2.31
2014-06-20, 2.27, 2.34, 2.26, 2.29, 146200.0, 2.29
2014-06-23, 2.3, 2.34, 2.27, 2.33, 186200.0, 2.33
2014-06-24, 2.34, 2.34, 2.26, 2.27, 241500.0, 2.27
2014-06-25, 2.28, 2.3, 2.22, 2.3, 187600.0, 2.3
2014-06-26, 2.27, 2.32, 2.25, 2.25, 80000.0, 2.25
2014-06-27, 2.22, 2.3, 2.22, 2.29, 120900.0, 2.29
2014-06-30, 2.29, 2.3, 2.23, 2.23, 124000.0, 2.23
2014-07-01, 2.24, 2.3, 2.22, 2.27, 94800.0, 2.27
2014-07-02, 2.3, 2.53, 2.27, 2.36, 975300.0, 2.36
2014-07-03, 2.38, 2.42, 2.31, 2.35, 166300.0, 2.35
2014-07-07, 2.36, 2.41, 2.32, 2.35, 215100.0, 2.35
2014-07-08, 2.32, 2.39, 2.31, 2.35, 383000.0, 2.35
2014-07-09, 2.37, 2.4, 2.32, 2.35, 52200.0, 2.35
2014-07-10, 2.31, 2.34, 2.25, 2.28, 138800.0, 2.28
2014-07-11, 2.29, 2.32, 2.25, 2.27, 89300.0, 2.27
2014-07-14, 2.26, 2.35, 2.26, 2.29, 54900.0, 2.29
2014-07-15, 2.32, 2.33, 2.17, 2.23, 202900.0, 2.23
2014-07-16, 2.2, 2.2, 1.61, 2.06, 1729300.0, 2.06
2014-07-17, 2.08, 2.08, 1.95, 1.99, 316200.0, 1.99
2014-07-18, 1.99, 1.99, 1.88, 1.9, 298400.0, 1.9
2014-07-21, 1.9, 1.95, 1.89, 1.91, 64500.0, 1.91
2014-07-22, 1.92, 2.0, 1.91, 1.97, 111200.0, 1.97
2014-07-23, 1.96, 2.01, 1.96, 1.98, 183100.0, 1.98
2014-07-24, 1.99, 2.03, 1.92, 1.94, 114900.0, 1.94
2014-07-25, 1.94, 1.98, 1.91, 1.93, 56400.0, 1.93
2014-07-28, 1.82, 1.95, 1.81, 1.9, 90400.0, 1.9
2014-07-29, 1.9, 1.96, 1.9, 1.93, 36500.0, 1.93
2014-07-30, 1.94, 1.98, 1.84, 1.86, 501800.0, 1.86
2014-07-31, 1.85, 1.89, 1.82, 1.88, 104100.0, 1.88
2014-08-01, 1.86, 1.89, 1.84, 1.86, 96800.0, 1.86
2014-08-04, 1.89, 1.89, 1.78, 1.8, 131000.0, 1.8
2014-08-05, 1.78, 1.84, 1.78, 1.82, 67500.0, 1.82
2014-08-06, 1.83, 1.85, 1.82, 1.85, 49800.0, 1.85
2014-08-07, 1.85, 1.94, 1.85, 1.91, 44600.0, 1.91
2014-08-08, 1.95, 1.97, 1.87, 1.9, 316800.0, 1.9
2014-08-11, 1.91, 1.92, 1.79, 1.8, 261800.0, 1.8
2014-08-12, 1.78, 1.8, 1.7, 1.72, 290000.0, 1.72
2014-08-13, 1.74, 1.74, 1.62, 1.67, 245000.0, 1.67
2014-08-14, 1.7, 1.82, 1.7, 1.77, 132600.0, 1.77
2014-08-15, 1.76, 1.83, 1.73, 1.77, 45200.0, 1.77
2014-08-18, 1.77, 1.83, 1.64, 1.7, 178200.0, 1.7
2014-08-19, 1.69, 1.7, 1.67, 1.69, 111800.0, 1.69
2014-08-20, 1.67, 1.78, 1.67, 1.74, 110600.0, 1.74
2014-08-21, 1.75, 1.76, 1.68, 1.73, 56700.0, 1.73
2014-08-22, 1.73, 1.78, 1.7, 1.76, 54400.0, 1.76
2014-08-25, 1.76, 1.81, 1.65, 1.66, 463100.0, 1.66
2014-08-26, 1.66, 1.7, 1.57, 1.63, 497700.0, 1.63
2014-08-27, 1.67, 1.69, 1.62, 1.67, 77400.0, 1.67
2014-08-28, 1.69, 1.71, 1.67, 1.71, 64500.0, 1.71
2014-08-29, 1.71, 1.75, 1.7, 1.73, 107700.0, 1.73
2014-09-02, 1.74, 1.75, 1.69, 1.7, 83100.0, 1.7
2014-09-03, 1.7, 1.73, 1.69, 1.72, 53100.0, 1.72
2014-09-04, 1.7, 1.73, 1.66, 1.69, 75300.0, 1.69
2014-09-05, 1.68, 1.73, 1.68, 1.71, 32500.0, 1.71
2014-09-08, 1.72, 1.79, 1.72, 1.73, 138500.0, 1.73
2014-09-09, 1.71, 1.75, 1.69, 1.73, 55500.0, 1.73
2014-09-10, 1.73, 1.77, 1.69, 1.75, 54300.0, 1.75
2014-09-11, 1.75, 1.77, 1.73, 1.75, 163600.0, 1.75
2014-09-12, 1.75, 1.76, 1.67, 1.71, 132600.0, 1.71
2014-09-15, 1.69, 1.7, 1.66, 1.68, 84900.0, 1.68
2014-09-16, 1.67, 1.71, 1.66, 1.66, 41500.0, 1.66
2014-09-17, 1.66, 1.7, 1.66, 1.68, 25300.0, 1.68
2014-09-18, 1.68, 1.71, 1.66, 1.66, 79300.0, 1.66
2014-09-19, 1.65, 1.68, 1.65, 1.66, 90800.0, 1.66
2014-09-22, 1.64, 1.69, 1.61, 1.61, 44100.0, 1.61
2014-09-23, 1.61, 1.64, 1.59, 1.59, 101100.0, 1.59
2014-09-24, 1.65, 1.72, 1.58, 1.59, 46300.0, 1.59
2014-09-25, 1.58, 1.62, 1.58, 1.58, 31400.0, 1.58
2014-09-26, 1.59, 1.64, 1.58, 1.63, 91300.0, 1.63
2014-09-29, 1.63, 1.71, 1.63, 1.66, 158600.0, 1.66
2014-09-30, 1.68, 1.68, 1.6, 1.66, 61400.0, 1.66
2014-10-01, 1.64, 1.75, 1.58, 1.6, 113000.0, 1.6
2014-10-02, 1.61, 1.65, 1.58, 1.59, 117000.0, 1.59
2014-10-03, 1.58, 1.63, 1.52, 1.53, 286000.0, 1.53
2014-10-06, 1.53, 1.6, 1.51, 1.53, 293800.0, 1.53
2014-10-07, 1.51, 1.55, 1.37, 1.4, 491100.0, 1.4
2014-10-08, 1.4, 1.41, 1.23, 1.3, 527700.0, 1.3
2014-10-09, 1.3, 1.3, 1.2, 1.22, 498900.0, 1.22
2014-10-10, 1.2, 1.28, 1.2, 1.22, 235100.0, 1.22
2014-10-13, 1.22, 1.24, 1.17, 1.21, 131000.0, 1.21
2014-10-14, 1.22, 1.23, 1.18, 1.19, 169300.0, 1.19
2014-10-15, 1.2, 1.26, 1.19, 1.2, 200000.0, 1.2
2014-10-16, 1.22, 1.35, 1.22, 1.31, 340100.0, 1.31
2014-10-17, 1.35, 1.4, 1.29, 1.35, 286500.0, 1.35
2014-10-20, 1.38, 1.38, 1.31, 1.35, 137900.0, 1.35
2014-10-21, 1.36, 1.44, 1.35, 1.35, 70200.0, 1.35
2014-10-22, 1.38, 1.38, 1.32, 1.35, 62700.0, 1.35
2014-10-23, 1.38, 1.38, 1.32, 1.35, 38000.0, 1.35
2014-10-24, 1.39, 1.39, 1.32, 1.34, 242200.0, 1.34
2014-10-27, 1.34, 1.37, 1.32, 1.35, 93400.0, 1.35
2014-10-28, 1.37, 1.37, 1.28, 1.31, 651900.0, 1.31
2014-10-29, 1.33, 1.35, 1.27, 1.35, 158100.0, 1.35
2014-10-30, 1.35, 1.37, 1.32, 1.35, 113500.0, 1.35
2014-10-31, 1.35, 1.42, 1.35, 1.41, 244400.0, 1.41
2014-11-03, 1.41, 1.44, 1.36, 1.38, 92200.0, 1.38
2014-11-04, 1.38, 1.38, 1.35, 1.38, 91700.0, 1.38
2014-11-05, 1.38, 1.42, 1.35, 1.37, 67700.0, 1.37
2014-11-06, 1.38, 1.38, 1.3, 1.33, 101600.0, 1.33
2014-11-07, 1.32, 1.38, 1.32, 1.35, 114900.0, 1.35
2014-11-10, 1.35, 1.36, 1.32, 1.34, 105600.0, 1.34
2014-11-11, 1.39, 1.39, 1.33, 1.34, 173800.0, 1.34
2014-11-12, 1.35, 1.42, 1.33, 1.41, 115800.0, 1.41
2014-11-13, 1.43, 1.45, 1.38, 1.38, 111500.0, 1.38
2014-11-14, 1.38, 1.44, 1.38, 1.41, 39900.0, 1.41
2014-11-17, 1.41, 1.5, 1.34, 1.35, 190300.0, 1.35
2014-11-18, 1.34, 1.43, 1.32, 1.37, 59300.0, 1.37
2014-11-19, 1.36, 1.42, 1.36, 1.4, 63400.0, 1.4
2014-11-20, 1.39, 1.45, 1.38, 1.42, 76100.0, 1.42
2014-11-21, 1.37, 1.45, 1.37, 1.43, 136300.0, 1.43
2014-11-24, 1.42, 1.58, 1.42, 1.57, 317300.0, 1.57
2014-11-25, 1.6, 1.73, 1.54, 1.69, 350500.0, 1.69
2014-11-26, 1.68, 1.74, 1.62, 1.67, 259600.0, 1.67
2014-11-28, 1.67, 1.7, 1.63, 1.65, 64200.0, 1.65
2014-12-01, 1.67, 1.67, 1.5, 1.61, 311500.0, 1.61
2014-12-02, 1.62, 1.66, 1.56, 1.57, 156300.0, 1.57
2014-12-03, 1.56, 1.57, 1.5, 1.52, 94500.0, 1.52
2014-12-04, 1.61, 1.9, 1.61, 1.71, 769600.0, 1.71
2014-12-05, 1.72, 1.9, 1.66, 1.85, 602100.0, 1.85
2014-12-08, 1.87, 1.94, 1.81, 1.82, 346200.0, 1.82
2014-12-09, 1.83, 1.88, 1.67, 1.76, 351800.0, 1.76
2014-12-10, 1.76, 1.79, 1.68, 1.74, 297600.0, 1.74
2014-12-11, 1.73, 1.75, 1.69, 1.72, 170100.0, 1.72
2014-12-12, 1.71, 1.76, 1.71, 1.71, 53300.0, 1.71
2014-12-15, 1.73, 1.8, 1.65, 1.66, 105700.0, 1.66
2014-12-16, 1.65, 1.73, 1.6, 1.68, 74800.0, 1.68
2014-12-17, 1.7, 1.78, 1.61, 1.73, 159400.0, 1.73
2014-12-18, 1.76, 1.76, 1.67, 1.71, 121100.0, 1.71
2014-12-19, 1.74, 1.8, 1.69, 1.8, 173400.0, 1.8
2014-12-22, 1.73, 1.8, 1.72, 1.74, 99500.0, 1.74
2014-12-23, 1.72, 1.79, 1.65, 1.66, 183300.0, 1.66
2014-12-24, 1.64, 1.74, 1.56, 1.7, 361200.0, 1.7
2014-12-26, 1.69, 1.74, 1.65, 1.71, 144400.0, 1.71
2014-12-29, 1.74, 1.8, 1.69, 1.76, 295900.0, 1.76
2014-12-30, 1.79, 1.8, 1.7, 1.72, 212100.0, 1.72
2014-12-31, 1.74, 1.78, 1.71, 1.77, 194500.0, 1.77
2015-01-02, 1.77, 1.83, 1.73, 1.81, 182700.0, 1.81
2015-01-05, 1.83, 1.91, 1.77, 1.85, 234100.0, 1.85
2015-01-06, 1.89, 1.89, 1.82, 1.86, 141800.0, 1.86
2015-01-07, 1.91, 1.91, 1.84, 1.86, 110300.0, 1.86
2015-01-08, 1.91, 1.98, 1.87, 1.91, 565900.0, 1.91
2015-01-09, 1.9, 1.94, 1.86, 1.89, 197600.0, 1.89
2015-01-12, 1.9, 1.93, 1.85, 1.89, 204400.0, 1.89
2015-01-13, 1.88, 1.92, 1.79, 1.88, 215400.0, 1.88
2015-01-14, 1.89, 1.89, 1.76, 1.84, 289100.0, 1.84
2015-01-15, 1.84, 1.9, 1.77, 1.79, 291900.0, 1.79
2015-01-16, 1.8, 1.94, 1.79, 1.88, 241400.0, 1.88
2015-01-20, 1.92, 2.05, 1.91, 1.97, 221600.0, 1.97
2015-01-21, 1.97, 2.03, 1.91, 1.95, 292700.0, 1.95
2015-01-22, 1.93, 1.95, 1.87, 1.88, 131900.0, 1.88
2015-01-23, 1.86, 1.99, 1.85, 1.93, 293300.0, 1.93
2015-01-26, 1.96, 2.03, 1.9, 1.92, 465300.0, 1.92
2015-01-27, 1.92, 2.01, 1.9, 2.0, 311700.0, 2.0
2015-01-28, 1.96, 2.09, 1.93, 2.04, 399600.0, 2.04
2015-01-29, 0.56, 0.63, 0.52, 0.55, 1.00123E7, 0.55
2015-01-30, 0.54, 0.56, 0.5, 0.5, 2111800.0, 0.5
2015-02-02, 0.48, 0.51, 0.41, 0.43, 2063900.0, 0.43
2015-02-03, 0.41, 0.45, 0.4, 0.44, 675800.0, 0.44
2015-02-04, 0.44, 0.45, 0.42, 0.43, 370300.0, 0.43
2015-02-05, 0.42, 0.47, 0.41, 0.45, 797300.0, 0.45
2015-02-06, 0.43, 0.47, 0.43, 0.44, 327600.0, 0.44
2015-02-09, 0.44, 0.47, 0.43, 0.46, 344800.0, 0.46
2015-02-10, 0.46, 0.47, 0.44, 0.45, 415700.0, 0.45
2015-02-11, 0.44, 0.47, 0.43, 0.43, 246600.0, 0.43
2015-02-12, 0.42, 0.46, 0.42, 0.46, 425300.0, 0.46
2015-02-13, 0.49, 0.49, 0.45, 0.45, 398200.0, 0.45
2015-02-17, 0.45, 0.46, 0.43, 0.43, 543400.0, 0.43
2015-02-18, 0.42, 0.46, 0.42, 0.44, 229300.0, 0.44
2015-02-19, 0.45, 0.49, 0.42, 0.47, 1895300.0, 0.47
2015-02-20, 0.47, 0.47, 0.44, 0.46, 476500.0, 0.46
2015-02-23, 0.46, 0.48, 0.44, 0.45, 822300.0, 0.45
2015-02-24, 0.45, 0.48, 0.45, 0.45, 193300.0, 0.45
2015-02-25, 0.46, 0.46, 0.45, 0.45, 210200.0, 0.45
2015-02-26, 0.45, 0.52, 0.45, 0.49, 1477900.0, 0.49
2015-02-27, 0.51, 0.59, 0.5, 0.54, 3607000.0, 0.54
2015-03-02, 0.55, 0.61, 0.54, 0.56, 1267700.0, 0.56
2015-03-03, 0.56, 0.57, 0.51, 0.53, 1000800.0, 0.53
2015-03-04, 0.53, 0.64, 0.52, 0.59, 2018200.0, 0.59
2015-03-05, 0.59, 0.65, 0.56, 0.58, 1479000.0, 0.58
2015-03-06, 0.57, 0.57, 0.53, 0.56, 681300.0, 0.56
2015-03-09, 0.54, 0.55, 0.52, 0.53, 599900.0, 0.53
2015-03-10, 0.54, 0.54, 0.49, 0.51, 295300.0, 0.51
2015-03-11, 0.54, 0.54, 0.49, 0.5, 236300.0, 0.5
2015-03-12, 0.5, 0.51, 0.49, 0.51, 318400.0, 0.51
2015-03-13, 0.51, 0.51, 0.47, 0.49, 449800.0, 0.49
2015-03-16, 0.47, 0.49, 0.47, 0.48, 174600.0, 0.48
2015-03-17, 0.5, 0.52, 0.48, 0.5, 342800.0, 0.5
2015-03-18, 0.51, 0.51, 0.49, 0.51, 204800.0, 0.51
2015-03-19, 0.5, 0.52, 0.5, 0.51, 146400.0, 0.51
2015-03-20, 0.52, 0.52, 0.48, 0.49, 450500.0, 0.49
2015-03-23, 0.49, 0.5, 0.47, 0.48, 524400.0, 0.48
2015-03-24, 0.47, 0.5, 0.47, 0.49, 150800.0, 0.49
2015-03-25, 0.48, 0.5, 0.46, 0.47, 127900.0, 0.47
2015-03-26, 0.45, 0.48, 0.43, 0.47, 166600.0, 0.47
2015-03-27, 0.46, 0.46, 0.44, 0.45, 87200.0, 0.45
2015-03-30, 0.46, 0.46, 0.44, 0.45, 67700.0, 0.45
2015-03-31, 0.48, 0.48, 0.44, 0.46, 113500.0, 0.46
2015-04-01, 0.49, 0.49, 0.46, 0.46, 105600.0, 0.46
2015-04-02, 0.46, 0.52, 0.46, 0.48, 831200.0, 0.48
2015-04-06, 0.49, 0.5, 0.47, 0.47, 439900.0, 0.47
2015-04-07, 0.47, 0.5, 0.45, 0.46, 410300.0, 0.46
2015-04-08, 0.46, 0.47, 0.44, 0.46, 372400.0, 0.46
2015-04-09, 0.46, 0.47, 0.44, 0.45, 239800.0, 0.45
2015-04-10, 0.45, 0.51, 0.45, 0.49, 889200.0, 0.49
2015-04-13, 0.48, 0.5, 0.47, 0.48, 356700.0, 0.48
2015-04-14, 0.49, 0.53, 0.48, 0.53, 1999900.0, 0.53
2015-04-15, 0.54, 0.54, 0.49, 0.5, 648600.0, 0.5
2015-04-16, 0.48, 0.53, 0.48, 0.52, 300700.0, 0.52
2015-04-17, 0.5, 0.52, 0.48, 0.49, 421000.0, 0.49
2015-04-20, 0.5, 0.55, 0.49, 0.54, 914300.0, 0.54
2015-04-21, 0.56, 0.7, 0.55, 0.7, 8333300.0, 0.7
2015-04-22, 0.66, 0.67, 0.54, 0.56, 3418500.0, 0.56
2015-04-23, 0.57, 0.58, 0.55, 0.55, 704400.0, 0.55
2015-04-24, 0.57, 0.58, 0.55, 0.56, 510800.0, 0.56
2015-04-27, 0.55, 0.58, 0.55, 0.55, 879100.0, 0.55
2015-04-28, 0.55, 0.57, 0.55, 0.56, 383300.0, 0.56
2015-04-29, 0.56, 0.6, 0.55, 0.59, 600300.0, 0.59
2015-04-30, 0.58, 0.59, 0.56, 0.56, 318000.0, 0.56
2015-05-01, 0.56, 0.57, 0.55, 0.55, 425500.0, 0.55
2015-05-04, 0.57, 0.57, 0.55, 0.56, 144800.0, 0.56
2015-05-05, 0.55, 0.57, 0.55, 0.57, 376400.0, 0.57
2015-05-06, 0.57, 0.57, 0.55, 0.56, 104800.0, 0.56
2015-05-07, 0.56, 0.57, 0.51, 0.52, 634200.0, 0.52
2015-05-08, 0.53, 0.55, 0.52, 0.55, 327500.0, 0.55
2015-05-11, 0.57, 0.57, 0.52, 0.55, 107500.0, 0.55
2015-05-12, 0.57, 0.57, 0.52, 0.54, 346600.0, 0.54
2015-05-13, 0.54, 0.54, 0.52, 0.52, 91600.0, 0.52
2015-05-14, 0.52, 0.54, 0.52, 0.52, 128700.0, 0.52
2015-05-15, 0.52, 0.54, 0.52, 0.53, 223000.0, 0.53
2015-05-18, 0.53, 0.54, 0.52, 0.53, 211200.0, 0.53
2015-05-19, 0.51, 0.54, 0.51, 0.53, 210200.0, 0.53
2015-05-20, 0.52, 0.53, 0.52, 0.53, 133800.0, 0.53
2015-05-21, 0.55, 0.55, 0.52, 0.54, 135900.0, 0.54
2015-05-22, 0.55, 0.55, 0.53, 0.55, 165100.0, 0.55
2015-05-26, 0.54, 0.55, 0.53, 0.53, 140500.0, 0.53
2015-05-27, 0.53, 0.63, 0.53, 0.56, 1663600.0, 0.56
2015-05-28, 0.55, 0.56, 0.54, 0.55, 421700.0, 0.55
2015-05-29, 0.55, 0.55, 0.53, 0.55, 209700.0, 0.55
2015-06-01, 0.54, 0.55, 0.53, 0.54, 170400.0, 0.54
2015-06-02, 0.53, 0.56, 0.53, 0.55, 51300.0, 0.55
2015-06-03, 0.55, 0.55, 0.54, 0.54, 81600.0, 0.54
2015-06-04, 0.55, 0.56, 0.54, 0.56, 165500.0, 0.56
2015-06-05, 0.57, 0.62, 0.57, 0.59, 3822700.0, 0.59
2015-06-08, 0.59, 0.59, 0.55, 0.56, 599900.0, 0.56
2015-06-09, 0.56, 0.56, 0.53, 0.55, 481500.0, 0.55
2015-06-10, 0.56, 0.56, 0.54, 0.55, 271200.0, 0.55
2015-06-11, 0.57, 0.57, 0.54, 0.54, 142100.0, 0.54
2015-06-12, 0.54, 0.56, 0.54, 0.55, 306700.0, 0.55
2015-06-15, 0.56, 0.56, 0.54, 0.56, 137800.0, 0.56
2015-06-16, 0.56, 0.56, 0.54, 0.56, 480800.0, 0.56
2015-06-17, 0.56, 0.59, 0.55, 0.59, 711200.0, 0.59
2015-06-18, 0.6, 0.61, 0.55, 0.56, 568200.0, 0.56
2015-06-19, 0.58, 0.58, 0.54, 0.55, 396900.0, 0.55
2015-06-22, 0.56, 0.57, 0.55, 0.56, 147000.0, 0.56
2015-06-23, 0.56, 0.62, 0.56, 0.61, 1982800.0, 0.61
2015-06-24, 0.6, 0.61, 0.56, 0.56, 796400.0, 0.56
2015-06-25, 0.54, 0.54, 0.47, 0.49, 1882800.0, 0.49
2015-06-26, 0.48, 0.48, 0.45, 0.46, 752900.0, 0.46
2015-06-29, 0.46, 0.46, 0.42, 0.44, 384900.0, 0.44
2015-06-30, 0.46, 0.46, 0.43, 0.45, 208900.0, 0.45
2015-07-01, 0.43, 0.45, 0.41, 0.44, 502700.0, 0.44
2015-07-02, 0.42, 0.44, 0.42, 0.44, 191300.0, 0.44
2015-07-06, 0.44, 0.46, 0.42, 0.45, 289600.0, 0.45
2015-07-07, 0.45, 0.45, 0.43, 0.44, 73700.0, 0.44
2015-07-08, 0.44, 0.44, 0.42, 0.43, 415300.0, 0.43
2015-07-09, 0.45, 0.46, 0.43, 0.46, 274600.0, 0.46
2015-07-10, 0.44, 0.45, 0.44, 0.45, 54600.0, 0.45
2015-07-13, 0.44, 0.45, 0.44, 0.45, 53300.0, 0.45
2015-07-14, 0.44, 0.46, 0.44, 0.45, 226800.0, 0.45
2015-07-15, 0.45, 0.46, 0.43, 0.45, 627200.0, 0.45
2015-07-16, 0.44, 0.46, 0.42, 0.45, 189000.0, 0.45
2015-07-17, 0.44, 0.46, 0.44, 0.45, 63600.0, 0.45
2015-07-20, 0.44, 0.45, 0.43, 0.44, 66500.0, 0.44
2015-07-21, 0.45, 0.45, 0.43, 0.43, 131600.0, 0.43
2015-07-22, 0.43, 0.44, 0.42, 0.44, 87800.0, 0.44
2015-07-23, 0.43, 0.44, 0.42, 0.44, 45200.0, 0.44
2015-07-24, 0.44, 0.44, 0.42, 0.44, 122400.0, 0.44
2015-07-27, 0.44, 0.44, 0.41, 0.44, 240700.0, 0.44
2015-07-28, 0.44, 0.45, 0.43, 0.43, 120900.0, 0.43
2015-07-29, 0.43, 0.45, 0.42, 0.43, 87300.0, 0.43
2015-07-30, 0.43, 0.44, 0.41, 0.43, 223900.0, 0.43
2015-07-31, 0.43, 0.45, 0.43, 0.44, 151700.0, 0.44
2015-08-03, 0.43, 0.45, 0.43, 0.44, 40300.0, 0.44
2015-08-04, 0.44, 0.47, 0.41, 0.42, 581200.0, 0.42
2015-08-05, 0.42, 0.43, 0.41, 0.41, 126700.0, 0.41
2015-08-06, 0.42, 0.43, 0.38, 0.4, 169400.0, 0.4
2015-08-07, 0.39, 0.42, 0.38, 0.39, 126900.0, 0.39
2015-08-10, 0.39, 0.42, 0.38, 0.4, 229000.0, 0.4
2015-08-11, 0.4, 0.42, 0.4, 0.41, 183200.0, 0.41
2015-08-12, 0.4, 0.42, 0.4, 0.41, 23800.0, 0.41
2015-08-13, 0.41, 0.42, 0.4, 0.42, 15500.0, 0.42
2015-08-14, 0.41, 0.42, 0.4, 0.41, 28000.0, 0.41
2015-08-17, 0.4, 0.42, 0.39, 0.42, 51000.0, 0.42
2015-08-18, 0.39, 0.42, 0.39, 0.41, 40400.0, 0.41
2015-08-19, 0.4, 0.44, 0.4, 0.41, 312900.0, 0.41
2015-08-20, 0.44, 0.44, 0.4, 0.4, 79200.0, 0.4
2015-08-21, 0.42, 0.42, 0.38, 0.41, 143100.0, 0.41
2015-08-24, 0.35, 0.41, 0.35, 0.39, 224800.0, 0.39
2015-08-25, 0.41, 0.42, 0.39, 0.4, 81700.0, 0.4
2015-08-26, 0.4, 0.4, 0.38, 0.39, 44700.0, 0.39
2015-08-27, 0.4, 0.42, 0.38, 0.4, 100500.0, 0.4
2015-08-28, 0.39, 0.42, 0.38, 0.4, 87300.0, 0.4
2015-08-31, 0.4, 0.43, 0.4, 0.43, 229500.0, 0.43
2015-09-01, 0.43, 0.43, 0.41, 0.41, 31200.0, 0.41
2015-09-02, 0.41, 0.43, 0.41, 0.43, 44000.0, 0.43
2015-09-03, 0.42, 0.43, 0.41, 0.42, 29300.0, 0.42
2015-09-04, 0.42, 0.43, 0.41, 0.42, 157400.0, 0.42
2015-09-08, 0.43, 0.43, 0.41, 0.43, 115300.0, 0.43
2015-09-09, 0.43, 0.43, 0.4, 0.42, 177600.0, 0.42
2015-09-10, 0.42, 0.43, 0.4, 0.4, 116000.0, 0.4
2015-09-11, 0.41, 0.41, 0.41, 0.41, 23200.0, 0.41
2015-09-14, 0.4, 0.42, 0.4, 0.4, 6800.0, 3.2
2015-09-15, 0.4, 0.43, 0.4, 0.4, 14600.0, 3.2
2015-09-16, 0.41, 0.42, 0.39, 0.39, 22700.0, 3.12
2015-09-17, 0.42, 0.42, 0.4, 0.41, 17200.0, 3.28
2015-09-18, 0.4, 0.41, 0.38, 0.41, 10300.0, 3.28
2015-09-21, 0.41, 0.42, 0.38, 0.4, 8600.0, 3.2
2015-09-22, 0.39, 0.4, 0.35, 0.38, 22200.0, 3.04
2015-09-23, 0.38, 0.39, 0.35, 0.36, 25200.0, 2.88
2015-09-24, 0.36, 0.38, 0.35, 0.37, 21300.0, 2.96
2015-09-25, 0.37, 0.38, 0.34, 0.35, 20300.0, 2.8
2015-09-28, 0.34, 0.37, 0.32, 0.33, 13400.0, 2.64
2015-09-29, 0.33, 0.35, 0.32, 0.32, 9700.0, 2.56
2015-09-30, 0.34, 0.34, 0.31, 0.31, 7700.0, 2.48
2015-10-01, 0.31, 0.34, 0.31, 0.33, 3300.0, 2.64
2015-10-02, 0.36, 0.36, 0.32, 0.34, 5500.0, 2.72
2015-10-05, 0.35, 0.35, 0.31, 0.32, 12400.0, 2.56
2015-10-06, 0.32, 0.34, 0.32, 0.34, 3800.0, 2.72
2015-10-07, 0.34, 0.34, 0.32, 0.33, 4000.0, 2.64
2015-10-08, 0.34, 0.34, 0.32, 0.33, 6700.0, 2.64
2015-10-09, 0.33, 0.33, 0.31, 0.33, 5400.0, 2.64
2015-10-12, 0.32, 0.32, 0.3, 0.32, 14100.0, 2.56
2015-10-13, 0.31, 0.33, 0.27, 0.28, 27600.0, 2.24
2015-10-14, 0.31, 0.31, 0.28, 0.28, 21100.0, 2.24
2015-10-15, 0.28, 0.3, 0.28, 0.3, 43900.0, 2.4
2015-10-16, 0.3, 0.31, 0.28, 0.29, 28700.0, 2.32
2015-10-19, 0.28, 0.3, 0.28, 0.29, 39200.0, 2.32
2015-10-20, 0.3, 0.3, 0.27, 0.27, 27200.0, 2.16
2015-10-21, 0.28, 0.3, 0.22, 0.28, 68200.0, 2.24
2015-10-22, 0.3, 0.3, 0.28, 0.3, 46300.0, 2.4
2015-10-23, 0.29, 0.3, 0.28, 0.28, 30100.0, 2.24
2015-10-26, 0.28, 0.3, 0.27, 0.28, 19600.0, 2.24
2015-10-27, 0.28, 0.28, 0.27, 0.27, 4900.0, 2.16
2015-10-28, 0.29, 0.29, 0.27, 0.28, 12700.0, 2.24
2015-10-29, 0.28, 0.29, 0.28, 0.28, 15500.0, 2.24
2015-10-30, 0.28, 0.29, 0.28, 0.28, 20500.0, 2.24
2015-11-02, 0.28, 0.28, 0.28, 0.28, 19000.0, 2.24
2015-11-03, 0.28, 0.31, 0.28, 0.31, 58800.0, 2.48
2015-11-04, 0.31, 0.31, 0.3, 0.31, 5600.0, 2.48
2015-11-05, 0.31, 0.31, 0.28, 0.28, 23400.0, 2.24
2015-11-06, 0.3, 0.3, 0.28, 0.28, 8100.0, 2.24
2015-11-09, 0.28, 0.3, 0.28, 0.28, 3800.0, 2.24
2015-11-10, 0.29, 0.3, 0.28, 0.28, 7800.0, 2.24
2015-11-11, 0.28, 0.31, 0.28, 0.3, 11500.0, 2.4
2015-11-12, 0.3, 0.31, 0.29, 0.31, 7500.0, 2.48
2015-11-13, 0.3, 0.32, 0.29, 0.29, 7200.0, 2.32
2015-11-16, 0.31, 0.31, 0.28, 0.28, 9700.0, 2.24
2015-11-17, 0.28, 0.31, 0.25, 0.27, 24300.0, 2.16
2015-11-18, 0.3, 0.3, 0.27, 0.28, 6500.0, 2.24
2015-11-19, 0.29, 0.31, 0.28, 0.3, 55300.0, 2.4
2015-11-20, 0.29, 0.31, 0.29, 0.29, 4700.0, 2.32
2015-11-23, 0.3, 0.31, 0.28, 0.3, 10900.0, 2.4
2015-11-24, 0.3, 0.34, 0.29, 0.33, 102500.0, 2.64
2015-11-25, 0.34, 0.39, 0.32, 0.33, 91300.0, 2.64
2015-11-27, 0.32, 0.35, 0.32, 0.33, 11100.0, 2.64
2015-11-30, 0.32, 0.38, 0.32, 0.35, 106200.0, 2.8
2015-12-01, 0.34, 0.37, 0.34, 0.35, 17000.0, 2.8
2015-12-02, 0.35, 0.36, 0.31, 0.32, 35600.0, 2.56
2015-12-03, 0.33, 0.33, 0.31, 0.31, 4600.0, 2.48
2015-12-04, 0.31, 0.33, 0.3, 0.31, 50300.0, 2.48
2015-12-07, 0.31, 0.33, 0.3, 0.31, 6800.0, 2.48
2015-12-08, 0.32, 0.32, 0.31, 0.32, 1900.0, 2.56
2015-12-09, 0.31, 0.33, 0.3, 0.32, 3400.0, 2.56
2015-12-10, 0.31, 0.33, 0.31, 0.32, 8100.0, 2.56
2015-12-11, 0.33, 0.33, 0.31, 0.32, 4600.0, 2.56
2015-12-14, 0.32, 0.33, 0.3, 0.31, 14600.0, 2.48
2015-12-15, 0.32, 0.32, 0.31, 0.32, 9300.0, 2.56
2015-12-16, 0.32, 0.32, 0.3, 0.32, 10000.0, 2.56
2015-12-17, 0.32, 0.33, 0.3, 0.31, 8500.0, 2.48
2015-12-18, 0.3, 0.33, 0.3, 0.32, 13100.0, 2.56
2015-12-21, 0.32, 0.32, 0.29, 0.31, 9300.0, 2.48
2015-12-22, 0.3, 0.33, 0.28, 0.32, 35600.0, 2.56
2015-12-23, 0.29, 0.32, 0.29, 0.31, 5900.0, 2.48
2015-12-24, 0.32, 0.32, 0.29, 0.3, 8500.0, 2.4
2015-12-28, 0.29, 0.32, 0.29, 0.3, 65300.0, 2.4
2015-12-29, 0.29, 0.32, 0.29, 0.31, 44900.0, 2.48
2015-12-30, 0.31, 0.31, 0.28, 0.3, 10700.0, 2.4
2015-12-31, 0.3, 0.31, 0.28, 0.3, 46300.0, 2.4
2016-01-04, 0.3, 0.32, 0.3, 0.3, 7700.0, 2.4
2016-01-05, 0.3, 0.32, 0.3, 0.32, 13900.0, 2.56
2016-01-06, 0.3, 0.3, 0.29, 0.29, 17700.0, 2.32
2016-01-07, 0.3, 0.3, 0.28, 0.29, 29300.0, 2.32
2016-01-08, 0.28, 0.3, 0.28, 0.29, 13400.0, 2.32
2016-01-11, 0.29, 0.29, 0.24, 0.27, 35700.0, 2.16
2016-01-12, 0.27, 0.27, 0.25, 0.25, 8700.0, 2.0
2016-01-13, 0.25, 0.27, 0.23, 0.23, 15600.0, 1.84
2016-01-14, 0.23, 0.25, 0.22, 0.25, 5600.0, 2.0
2016-01-15, 0.23, 0.25, 0.22, 0.22, 5100.0, 1.76
2016-01-19, 0.23, 0.25, 0.22, 0.23, 6600.0, 1.84
2016-01-20, 0.24, 0.24, 0.21, 0.24, 10100.0, 1.92
2016-01-21, 0.24, 0.24, 0.23, 0.23, 400.0, 1.84
2016-01-22, 0.24, 0.24, 0.22, 0.23, 10500.0, 1.84
2016-01-25, 0.23, 0.26, 0.22, 0.25, 22300.0, 2.0
2016-01-26, 0.24, 0.26, 0.24, 0.25, 19900.0, 2.0
2016-01-27, 0.36, 0.37, 0.27, 0.29, 324100.0, 2.32
2016-01-28, 0.31, 0.31, 0.24, 0.26, 63400.0, 2.08
2016-01-29, 0.27, 0.27, 0.26, 0.27, 11700.0, 2.16
2016-02-01, 0.27, 0.27, 0.25, 0.27, 2400.0, 2.16
2016-02-02, 0.27, 0.27, 0.24, 0.25, 50600.0, 2.0
2016-02-03, 0.25, 0.27, 0.24, 0.27, 18400.0, 2.16
2016-02-04, 0.26, 0.29, 0.25, 0.29, 25300.0, 2.32
2016-02-05, 0.29, 0.29, 0.26, 0.26, 5700.0, 2.08
2016-02-08, 0.26, 0.29, 0.24, 0.25, 33900.0, 2.0
2016-02-09, 0.26, 0.27, 0.24, 0.24, 11000.0, 1.92
2016-02-10, 0.25, 0.25, 0.22, 0.24, 15500.0, 1.92
2016-02-11, 0.23, 0.26, 0.22, 0.22, 7600.0, 1.76
2016-02-12, 0.22, 0.24, 0.21, 0.22, 11700.0, 1.76
2016-02-16, 0.23, 0.23, 0.2, 0.22, 50900.0, 1.76
2016-02-17, 0.22, 0.22, 0.21, 0.21, 15200.0, 1.68
2016-02-18, 0.21, 0.25, 0.21, 0.23, 4500.0, 1.84
2016-02-19, 0.23, 0.25, 0.21, 0.21, 11200.0, 1.68
2016-02-22, 0.22, 0.24, 0.21, 0.24, 19100.0, 1.92
2016-02-23, 0.24, 0.24, 0.21, 0.22, 2100.0, 1.76
2016-02-24, 0.23, 0.23, 0.21, 0.23, 6600.0, 1.84
2016-02-25, 0.23, 0.23, 0.21, 0.22, 2800.0, 1.76
2016-02-26, 0.22, 0.22, 0.21, 0.21, 3200.0, 1.68
2016-02-29, 0.22, 0.24, 0.21, 0.21, 400.0, 1.68
2016-03-01, 0.22, 0.22, 0.21, 0.21, 3600.0, 1.68
2016-03-02, 0.21, 0.22, 0.21, 0.22, 3300.0, 1.76
2016-03-03, 0.22, 0.24, 0.21, 0.24, 22000.0, 1.92
2016-03-04, 0.23, 0.24, 0.22, 0.22, 4000.0, 1.76
2016-03-07, 0.22, 0.24, 0.22, 0.23, 14900.0, 1.84
2016-03-08, 0.24, 0.24, 0.22, 0.22, 8500.0, 1.76
2016-03-09, 0.23, 0.23, 0.21, 0.22, 13500.0, 1.76
2016-03-10, 0.23, 0.24, 0.21, 0.21, 8400.0, 1.68
2016-03-11, 0.21, 0.22, 0.2, 0.2, 13700.0, 1.6
2016-03-14, 0.2, 0.23, 0.2, 0.22, 87200.0, 1.76
2016-03-15, 0.23, 0.24, 0.21, 0.22, 134700.0, 1.76
2016-03-16, 0.23, 0.3, 0.23, 0.28, 245700.0, 2.24
2016-03-17, 0.27, 0.3, 0.25, 0.28, 71400.0, 2.24
2016-03-18, 0.28, 0.32, 0.26, 0.29, 148800.0, 2.32
2016-03-21, 0.3, 0.33, 0.29, 0.29, 42000.0, 2.32
2016-03-22, 0.3, 0.32, 0.29, 0.31, 45300.0, 2.48
2016-03-23, 0.32, 0.32, 0.28, 0.28, 24700.0, 2.24
2016-03-24, 0.29, 0.32, 0.27, 0.3, 59100.0, 2.4
2016-03-28, 0.31, 0.33, 0.3, 0.3, 9400.0, 2.4
2016-03-29, 0.3, 0.32, 0.28, 0.3, 19000.0, 2.4
2016-03-30, 0.3, 0.31, 0.28, 0.3, 49900.0, 2.4
2016-03-31, 2.31, 2.84, 2.31, 2.7, 81900.0, 2.7
2016-04-01, 2.6, 2.69, 2.47, 2.63, 47900.0, 2.63
2016-04-04, 2.57, 3.03, 2.57, 2.95, 119000.0, 2.95
2016-04-05, 2.88, 3.3, 2.69, 3.02, 223900.0, 3.02
2016-04-06, 3.09, 3.18, 2.85, 2.98, 20600.0, 2.98
2016-04-07, 2.98, 3.11, 2.8, 2.99, 134700.0, 2.99
2016-04-08, 3.01, 3.15, 2.9, 2.97, 18300.0, 2.97
2016-04-11, 2.99, 3.14, 2.86, 3.04, 46400.0, 3.04
2016-04-12, 3.09, 3.1, 2.95, 3.04, 191500.0, 3.04
2016-04-13, 3.03, 3.11, 2.99, 2.99, 48200.0, 2.99
2016-04-14, 3.01, 3.14, 2.98, 3.0, 33400.0, 3.0
2016-04-15, 3.16, 3.16, 2.98, 3.03, 7000.0, 3.03
2016-04-18, 3.05, 3.1, 2.98, 2.98, 4000.0, 2.98
2016-04-19, 2.98, 3.13, 2.98, 3.1, 26000.0, 3.1
2016-04-20, 3.06, 3.1, 2.99, 3.08, 26200.0, 3.08
2016-04-21, 3.04, 3.1, 2.96, 3.02, 16500.0, 3.02
2016-04-22, 3.0, 3.1, 3.0, 3.07, 28100.0, 3.07
2016-04-25, 3.02, 3.04, 2.89, 2.91, 7300.0, 2.91
2016-04-26, 2.81, 3.07, 2.8, 3.06, 41700.0, 3.06
2016-04-27, 3.02, 3.07, 2.98, 3.02, 20600.0, 3.02
2016-04-28, 3.01, 3.01, 2.92, 3.0, 5000.0, 3.0
2016-04-29, 3.18, 3.18, 2.97, 3.09, 10200.0, 3.09
2016-05-02, 3.06, 3.06, 2.58, 2.94, 28800.0, 2.94
2016-05-03, 2.68, 2.99, 2.52, 2.95, 25600.0, 2.95
2016-05-04, 2.94, 2.94, 2.8, 2.89, 2600.0, 2.89
2016-05-05, 2.77, 2.99, 2.59, 2.88, 27500.0, 2.88
2016-05-06, 2.72, 2.85, 2.72, 2.81, 8400.0, 2.81
2016-05-09, 2.88, 2.92, 2.83, 2.83, 26400.0, 2.83
2016-05-10, 2.72, 3.14, 2.72, 3.11, 73900.0, 3.11
2016-05-11, 2.69, 3.15, 2.69, 3.12, 45300.0, 3.12
2016-05-12, 3.12, 3.15, 3.01, 3.01, 23300.0, 3.01
2016-05-13, 3.01, 3.2, 3.0, 3.2, 37700.0, 3.2
2016-05-16, 3.17, 3.91, 3.17, 3.59, 228700.0, 3.59
2016-05-17, 3.75, 4.43, 3.75, 4.43, 491300.0, 4.43
2016-05-18, 6.0, 6.65, 3.34, 3.63, 2136900.0, 3.63
2016-05-19, 3.4, 4.04, 3.39, 3.97, 178100.0, 3.97
2016-05-20, 4.0, 4.0, 3.6, 3.66, 131400.0, 3.66
2016-05-23, 3.69, 3.82, 3.42, 3.54, 70800.0, 3.54
2016-05-24, 3.52, 3.66, 3.33, 3.4, 44700.0, 3.4
2016-05-25, 3.37, 3.61, 3.21, 3.47, 146700.0, 3.47
2016-05-26, 3.47, 3.55, 3.28, 3.44, 26900.0, 3.44
2016-05-27, 3.41, 3.5, 3.22, 3.38, 34200.0, 3.38
2016-05-31, 3.36, 3.42, 3.25, 3.34, 19600.0, 3.34
2016-06-01, 3.31, 3.51, 3.23, 3.42, 58200.0, 3.42
2016-06-02, 3.43, 3.8, 3.43, 3.69, 39400.0, 3.69
2016-06-03, 3.7, 3.7, 3.49, 3.58, 14700.0, 3.58
2016-06-06, 3.55, 3.85, 3.55, 3.74, 19300.0, 3.74
2016-06-07, 3.69, 3.9, 3.6, 3.61, 47300.0, 3.61
2016-06-08, 3.7, 3.78, 3.7, 3.71, 36700.0, 3.71
2016-06-09, 3.84, 3.84, 3.6, 3.64, 5700.0, 3.64
2016-06-10, 3.61, 3.62, 3.43, 3.5, 18200.0, 3.5
2016-06-13, 3.45, 3.51, 3.25, 3.31, 38300.0, 3.31
2016-06-14, 3.28, 3.35, 3.28, 3.3, 5200.0, 3.3
2016-06-15, 3.34, 3.61, 3.34, 3.38, 8500.0, 3.38
2016-06-16, 3.46, 3.46, 3.0, 3.26, 148800.0, 3.26
2016-06-17, 3.23, 3.52, 3.22, 3.51, 13000.0, 3.51
2016-06-20, 3.49, 3.6, 3.49, 3.59, 19500.0, 3.59
2016-06-21, 3.6, 3.61, 3.57, 3.61, 4100.0, 3.61
2016-06-22, 3.58, 3.62, 3.47, 3.52, 7400.0, 3.52
2016-06-23, 3.57, 3.73, 3.57, 3.6, 34000.0, 3.6
2016-06-24, 3.52, 3.56, 3.38, 3.48, 4500.0, 3.48
2016-06-27, 3.39, 3.39, 3.21, 3.21, 24500.0, 3.21
2016-06-28, 3.18, 3.36, 3.18, 3.22, 4500.0, 3.22
2016-06-29, 3.26, 3.45, 3.2, 3.42, 4700.0, 3.42
2016-06-30, 3.43, 3.57, 3.33, 3.51, 14700.0, 3.51
2016-07-01, 3.57, 3.58, 3.4, 3.49, 40600.0, 3.49
2016-07-05, 3.43, 3.49, 3.43, 3.49, 1800.0, 3.49
2016-07-06, 3.5, 3.5, 3.44, 3.44, 2600.0, 3.44
