2005-03-28, 3.85, 4.25, 3.85, 4.12, 21800.0, 0.16
2005-03-29, 4.06, 4.06, 4.06, 4.06, 700.0, 0.16
2005-03-30, 4.1, 4.1, 4.1, 4.1, 100.0, 0.16
2005-03-31, 4.15, 4.15, 4.01, 4.01, 11900.0, 0.15
2005-04-01, 4.05, 4.1, 4.02, 4.02, 4000.0, 0.15
2005-04-04, 4.0, 4.0, 4.0, 4.0, 1100.0, 0.15
2005-04-05, 4.05, 4.05, 4.05, 4.05, 1000.0, 0.16
2005-04-06, 4.05, 4.05, 4.05, 4.05, 0.0, 0.16
2005-04-07, 4.1, 4.1, 4.05, 4.05, 1000.0, 0.16
2005-04-08, 4.1, 4.1, 4.1, 4.1, 1300.0, 0.16
2005-04-11, 4.1, 4.1, 4.1, 4.1, 0.0, 0.16
2005-04-12, 4.1, 4.1, 4.1, 4.1, 0.0, 0.16
2005-04-13, 4.1, 4.1, 4.1, 4.1, 0.0, 0.16
2005-04-14, 4.1, 4.1, 3.95, 3.95, 4900.0, 0.15
2005-04-15, 4.0, 4.0, 3.96, 3.96, 1400.0, 0.15
2005-04-18, 3.95, 3.95, 3.95, 3.95, 1000.0, 0.15
2005-04-19, 4.0, 4.05, 4.0, 4.05, 1500.0, 0.16
2005-04-20, 4.05, 4.05, 4.05, 4.05, 500.0, 0.16
2005-04-21, 4.05, 4.05, 4.05, 4.05, 0.0, 0.16
2005-04-22, 4.05, 4.05, 4.05, 4.05, 0.0, 0.16
2005-04-25, 4.05, 4.1, 4.0, 4.0, 2700.0, 0.15
2005-04-26, 4.0, 4.0, 4.0, 4.0, 0.0, 0.15
2005-04-27, 4.0, 4.0, 4.0, 4.0, 0.0, 0.15
2005-04-28, 4.0, 4.0, 4.0, 4.0, 0.0, 0.15
2005-04-29, 4.0, 4.0, 4.0, 4.0, 0.0, 0.15
2005-05-02, 3.99, 3.99, 3.95, 3.95, 2100.0, 0.15
2005-05-03, 3.95, 3.95, 3.5, 3.7, 14300.0, 0.14
2005-05-04, 3.71, 3.75, 3.71, 3.73, 6000.0, 0.14
2005-05-05, 3.73, 3.73, 3.73, 3.73, 0.0, 0.14
2005-05-06, 3.73, 3.73, 3.73, 3.73, 0.0, 0.14
2005-05-09, 3.73, 3.73, 3.73, 3.73, 0.0, 0.14
2005-05-10, 3.73, 3.73, 3.73, 3.73, 0.0, 0.14
2005-05-11, 3.66, 3.66, 3.66, 3.66, 300.0, 0.14
2005-05-12, 3.66, 3.66, 3.58, 3.58, 4900.0, 0.14
2005-05-13, 3.62, 3.62, 3.59, 3.59, 300.0, 0.14
2005-05-16, 3.55, 3.55, 3.4, 3.4, 700.0, 0.13
2005-05-17, 3.41, 3.41, 3.41, 3.41, 200.0, 0.13
2005-05-18, 3.4, 3.4, 3.2, 3.2, 4000.0, 0.12
2005-05-19, 3.2, 3.2, 3.2, 3.2, 0.0, 0.12
2005-05-20, 3.2, 3.2, 3.2, 3.2, 0.0, 0.12
2005-05-23, 3.2, 3.2, 3.2, 3.2, 0.0, 0.12
2005-05-24, 3.2, 3.2, 3.2, 3.2, 0.0, 0.12
2005-05-25, 3.12, 3.12, 3.05, 3.05, 400.0, 0.12
2005-05-26, 3.1, 3.1, 3.05, 3.05, 300.0, 0.12
2005-05-27, 3.1, 3.19, 3.1, 3.1, 5900.0, 0.12
2005-05-31, 3.05, 3.08, 2.98, 3.08, 1400.0, 0.12
2005-06-01, 3.08, 3.08, 3.08, 3.08, 0.0, 0.12
2005-06-02, 3.05, 3.1, 3.05, 3.1, 700.0, 0.12
2005-06-03, 3.1, 3.1, 3.1, 3.1, 0.0, 0.12
2005-06-06, 3.05, 3.05, 3.05, 3.05, 100.0, 0.12
2005-06-07, 3.1, 3.1, 3.1, 3.1, 500.0, 0.12
2005-06-08, 3.1, 3.1, 3.1, 3.1, 0.0, 0.12
2005-06-09, 3.1, 3.1, 3.1, 3.1, 0.0, 0.12
2005-06-10, 3.15, 3.2, 3.15, 3.2, 400.0, 0.12
2005-06-13, 3.25, 3.25, 3.2, 3.2, 700.0, 0.12
2005-06-14, 3.2, 3.2, 3.2, 3.2, 0.0, 0.12
2005-06-15, 3.2, 3.2, 3.2, 3.2, 0.0, 0.12
2005-06-16, 3.24, 3.24, 3.24, 3.24, 1000.0, 0.12
2005-06-17, 3.25, 3.25, 3.25, 3.25, 700.0, 0.12
2005-06-20, 3.25, 3.25, 3.25, 3.25, 0.0, 0.12
2005-06-21, 3.26, 3.26, 3.26, 3.26, 2000.0, 0.13
2005-06-22, 3.2, 3.2, 3.1, 3.1, 1000.0, 0.12
2005-06-23, 3.1, 3.1, 3.1, 3.1, 0.0, 0.12
2005-06-24, 3.1, 3.1, 3.1, 3.1, 0.0, 0.12
2005-06-27, 3.1, 3.1, 3.1, 3.1, 0.0, 0.12
2005-06-28, 3.1, 3.1, 3.1, 3.1, 0.0, 0.12
2005-06-29, 3.19, 3.19, 3.05, 3.05, 900.0, 0.12
2005-06-30, 3.05, 3.05, 3.05, 3.05, 0.0, 0.12
2005-07-01, 3.15, 3.25, 3.15, 3.25, 400.0, 0.12
2005-07-05, 3.2, 3.2, 3.2, 3.2, 200.0, 0.12
2005-07-06, 3.25, 3.25, 3.25, 3.25, 1000.0, 0.12
2005-07-07, 3.25, 3.25, 3.25, 3.25, 0.0, 0.12
2005-07-08, 3.3, 3.34, 3.3, 3.34, 18000.0, 0.13
2005-07-11, 3.36, 3.6, 3.36, 3.6, 11400.0, 0.14
2005-07-12, 3.6, 3.65, 3.35, 3.65, 9900.0, 0.14
2005-07-13, 3.75, 3.75, 3.54, 3.54, 5600.0, 0.14
2005-07-14, 3.54, 3.54, 3.54, 3.54, 0.0, 0.14
2005-07-15, 3.54, 3.54, 3.54, 3.54, 0.0, 0.14
2005-07-18, 3.6, 3.8, 3.56, 3.8, 3600.0, 0.15
2005-07-19, 3.85, 4.05, 3.85, 4.05, 4400.0, 0.16
2005-07-20, 4.15, 4.21, 4.11, 4.2, 11200.0, 0.16
2005-07-21, 4.2, 4.2, 4.1, 4.15, 5700.0, 0.16
2005-07-22, 4.15, 4.59, 4.15, 4.5, 17100.0, 0.17
2005-07-25, 4.66, 5.6, 4.5, 5.28, 42000.0, 0.2
2005-07-26, 5.43, 5.65, 5.25, 5.43, 26000.0, 0.21
2005-07-27, 5.5, 5.5, 5.15, 5.3, 25500.0, 0.2
2005-07-28, 5.25, 5.45, 5.25, 5.4, 2600.0, 0.21
2005-07-29, 5.4, 5.46, 5.4, 5.46, 2400.0, 0.21
2005-08-01, 5.65, 6.1, 5.65, 6.1, 18000.0, 0.23
2005-08-02, 6.25, 6.25, 5.5, 5.5, 39700.0, 0.21
2005-08-03, 5.55, 5.6, 5.2, 5.54, 25000.0, 0.21
2005-08-04, 5.55, 5.55, 5.55, 5.55, 3900.0, 0.21
2005-08-05, 5.45, 5.49, 5.4, 5.49, 2800.0, 0.21
2005-08-08, 5.35, 5.57, 5.35, 5.55, 5700.0, 0.21
2005-08-09, 5.55, 5.58, 5.51, 5.51, 5800.0, 0.21
2005-08-10, 5.56, 5.56, 5.45, 5.5, 3000.0, 0.21
2005-08-11, 5.5, 5.6, 5.5, 5.59, 3200.0, 0.21
2005-08-12, 5.64, 5.64, 5.63, 5.63, 1300.0, 0.22
2005-08-15, 5.7, 5.7, 5.61, 5.61, 4200.0, 0.22
2005-08-16, 5.64, 5.64, 5.6, 5.63, 400.0, 0.22
2005-08-17, 5.7, 5.85, 5.7, 5.82, 3400.0, 0.22
2005-08-18, 5.76, 5.76, 5.45, 5.7, 8400.0, 0.22
2005-08-19, 5.7, 5.7, 5.7, 5.7, 0.0, 0.22
2005-08-22, 5.75, 5.75, 5.56, 5.59, 2700.0, 0.21
2005-08-23, 5.6, 5.7, 5.6, 5.7, 700.0, 0.22
2005-08-24, 5.7, 5.75, 5.7, 5.75, 1400.0, 0.22
2005-08-25, 5.65, 5.75, 5.55, 5.55, 3800.0, 0.21
2005-08-26, 5.55, 5.74, 5.55, 5.6, 3900.0, 0.22
2005-08-29, 5.58, 5.58, 5.58, 5.58, 1000.0, 0.21
2005-08-30, 5.58, 5.63, 5.58, 5.63, 400.0, 0.22
2005-08-31, 5.6, 5.6, 5.5, 5.5, 2800.0, 0.21
2005-09-01, 5.5, 5.65, 5.5, 5.54, 4500.0, 0.21
2005-09-02, 5.35, 5.55, 5.35, 5.55, 5000.0, 0.21
2005-09-06, 5.51, 5.54, 5.5, 5.54, 3200.0, 0.21
2005-09-07, 5.45, 5.55, 5.45, 5.55, 21200.0, 0.21
2005-09-08, 5.55, 5.6, 5.55, 5.55, 15300.0, 0.21
2005-09-09, 5.57, 6.05, 5.55, 5.9, 18800.0, 0.23
2005-09-12, 5.99, 5.99, 5.92, 5.98, 23600.0, 0.23
2005-09-13, 5.95, 5.96, 5.9, 5.96, 3300.0, 0.23
2005-09-14, 5.98, 5.98, 5.5, 5.7, 25800.0, 0.22
2005-09-15, 5.8, 6.05, 5.7, 5.88, 15900.0, 0.23
2005-09-16, 5.9, 5.95, 5.88, 5.9, 9500.0, 0.23
2005-09-19, 5.9, 5.93, 5.75, 5.93, 3200.0, 0.23
2005-09-20, 5.9, 5.95, 5.85, 5.9, 8800.0, 0.23
2005-09-21, 5.99, 6.0, 5.88, 6.0, 11300.0, 0.23
2005-09-22, 6.15, 6.15, 5.8, 5.89, 15900.0, 0.23
2005-09-23, 5.98, 5.98, 5.9, 5.9, 3600.0, 0.23
2005-09-26, 5.9, 5.99, 5.82, 5.99, 23700.0, 0.23
2005-09-27, 6.0, 6.04, 5.95, 6.02, 5600.0, 0.23
2005-09-28, 6.0, 7.6, 5.95, 7.3, 32100.0, 0.28
2005-09-29, 7.2, 7.35, 7.05, 7.35, 16100.0, 0.28
2005-09-30, 7.45, 7.55, 7.35, 7.45, 5900.0, 0.29
2005-10-03, 7.5, 7.5, 7.34, 7.36, 5000.0, 0.28
2005-10-04, 7.4, 7.4, 7.4, 7.4, 300.0, 0.28
2005-10-05, 7.39, 7.39, 7.2, 7.2, 7600.0, 0.28
2005-10-06, 7.26, 7.26, 7.2, 7.2, 2900.0, 0.28
2005-10-07, 7.25, 7.35, 7.21, 7.3, 4100.0, 0.28
2005-10-10, 7.3, 7.3, 7.26, 7.26, 400.0, 0.28
2005-10-11, 7.3, 7.35, 7.27, 7.32, 5300.0, 0.28
2005-10-12, 7.25, 7.25, 7.03, 7.04, 8300.0, 0.27
2005-10-13, 7.0, 7.1, 6.95, 7.1, 3900.0, 0.27
2005-10-14, 6.97, 7.16, 6.97, 7.16, 8200.0, 0.28
2005-10-17, 7.2, 7.37, 7.2, 7.25, 9700.0, 0.28
2005-10-18, 7.3, 7.55, 7.3, 7.51, 3700.0, 0.29
2005-10-19, 7.52, 7.59, 7.17, 7.29, 6300.0, 0.28
2005-10-20, 7.2, 7.3, 7.2, 7.25, 1300.0, 0.28
2005-10-21, 7.15, 7.3, 7.15, 7.3, 2800.0, 0.28
2005-10-24, 7.35, 7.35, 7.17, 7.18, 2300.0, 0.28
2005-10-25, 7.21, 7.37, 7.21, 7.3, 10300.0, 0.28
2005-10-26, 7.29, 7.45, 7.29, 7.35, 3100.0, 0.28
2005-10-27, 7.3, 7.36, 7.25, 7.36, 3200.0, 0.28
2005-10-28, 7.25, 7.3, 7.25, 7.3, 1500.0, 0.28
2005-10-31, 7.33, 7.33, 7.17, 7.21, 2800.0, 0.28
2005-11-01, 7.25, 7.49, 7.25, 7.38, 6400.0, 0.28
2005-11-02, 7.38, 7.38, 7.19, 7.25, 8200.0, 0.28
2005-11-03, 7.25, 7.5, 7.25, 7.31, 3900.0, 0.28
2005-11-04, 7.4, 7.4, 7.28, 7.3, 4200.0, 0.28
2005-11-07, 7.3, 7.33, 7.26, 7.33, 14100.0, 0.28
2005-11-08, 7.33, 7.4, 7.27, 7.27, 3300.0, 0.28
2005-11-09, 7.26, 7.35, 7.26, 7.32, 2600.0, 0.28
2005-11-10, 7.36, 7.5, 7.26, 7.4, 20100.0, 0.28
2005-11-11, 7.5, 7.55, 7.4, 7.43, 13600.0, 0.29
2005-11-14, 7.31, 7.52, 7.19, 7.21, 30100.0, 0.28
2005-11-15, 7.2, 7.2, 7.11, 7.16, 3000.0, 0.28
2005-11-16, 7.18, 7.4, 6.64, 7.4, 46900.0, 0.28
2005-11-17, 7.59, 7.8, 7.5, 7.72, 37200.0, 0.3
2005-11-18, 7.88, 7.93, 7.71, 7.78, 20100.0, 0.3
2005-11-21, 7.9, 7.94, 7.75, 7.9, 11600.0, 0.3
2005-11-22, 8.0, 8.25, 8.0, 8.02, 14100.0, 0.31
2005-11-23, 8.12, 8.12, 7.85, 7.95, 5300.0, 0.31
2005-11-25, 8.0, 8.15, 7.91, 8.15, 7000.0, 0.31
2005-11-28, 8.1, 8.15, 8.09, 8.11, 7800.0, 0.31
2005-11-29, 8.2, 8.2, 8.04, 8.1, 5300.0, 0.31
2005-11-30, 8.15, 8.15, 8.05, 8.07, 7400.0, 0.31
2005-12-01, 8.08, 8.19, 8.05, 8.19, 9500.0, 0.31
2005-12-02, 8.07, 8.15, 8.01, 8.07, 22200.0, 0.31
2005-12-05, 8.12, 8.17, 8.07, 8.17, 4800.0, 0.31
2005-12-06, 8.15, 8.45, 8.15, 8.45, 23300.0, 0.32
2005-12-07, 8.55, 8.55, 8.2, 8.4, 20500.0, 0.32
2005-12-08, 8.4, 8.4, 8.3, 8.35, 18700.0, 0.32
2005-12-09, 8.3, 8.4, 8.15, 8.4, 8400.0, 0.32
2005-12-12, 8.5, 8.5, 8.32, 8.41, 9300.0, 0.32
2005-12-13, 8.4, 8.4, 8.37, 8.37, 7700.0, 0.32
2005-12-14, 8.28, 8.55, 8.28, 8.44, 5100.0, 0.32
2005-12-15, 8.5, 8.55, 8.4, 8.48, 7200.0, 0.33
2005-12-16, 8.53, 8.53, 8.45, 8.45, 3000.0, 0.32
2005-12-19, 8.55, 8.6, 8.47, 8.54, 5300.0, 0.33
2005-12-20, 8.55, 8.65, 8.41, 8.45, 10900.0, 0.32
2005-12-21, 8.46, 8.5, 8.35, 8.4, 2700.0, 0.32
2005-12-22, 8.3, 8.5, 8.2, 8.45, 20900.0, 0.32
2005-12-23, 8.35, 8.49, 8.35, 8.49, 2700.0, 0.33
2005-12-27, 8.4, 8.5, 8.4, 8.4, 4000.0, 0.32
2005-12-28, 8.42, 8.42, 8.36, 8.39, 2800.0, 0.32
2005-12-29, 8.35, 8.55, 8.35, 8.5, 4000.0, 0.33
2005-12-30, 8.46, 8.47, 8.45, 8.47, 3700.0, 0.33
2006-01-03, 8.35, 8.5, 8.35, 8.49, 23900.0, 0.33
2006-01-04, 8.4, 8.61, 8.4, 8.61, 3700.0, 0.33
2006-01-05, 8.5, 8.6, 8.36, 8.4, 4900.0, 0.32
2006-01-06, 8.4, 8.7, 8.4, 8.51, 7100.0, 0.33
2006-01-09, 8.42, 8.6, 8.4, 8.55, 3900.0, 0.33
2006-01-10, 8.3, 8.6, 8.25, 8.55, 6500.0, 0.33
2006-01-11, 8.45, 8.53, 8.36, 8.53, 3400.0, 0.33
2006-01-12, 8.6, 8.6, 8.6, 8.6, 1000.0, 0.33
2006-01-13, 8.7, 8.95, 8.7, 8.8, 6200.0, 0.34
2006-01-17, 8.85, 9.75, 8.85, 9.34, 17100.0, 0.36
2006-01-18, 9.47, 9.47, 9.15, 9.28, 19000.0, 0.36
2006-01-19, 9.31, 9.38, 9.2, 9.2, 7600.0, 0.35
2006-01-20, 9.25, 9.29, 9.21, 9.21, 2300.0, 0.35
2006-01-23, 9.25, 9.35, 9.21, 9.35, 3400.0, 0.36
2006-01-24, 9.39, 9.4, 9.25, 9.3, 4300.0, 0.36
2006-01-25, 9.35, 9.6, 9.3, 9.6, 4700.0, 0.37
2006-01-26, 9.75, 9.79, 9.45, 9.74, 28300.0, 0.37
2006-01-27, 9.79, 9.79, 9.6, 9.64, 5800.0, 0.37
2006-01-30, 9.7, 9.7, 9.5, 9.6, 1500.0, 0.37
2006-01-31, 9.45, 9.69, 9.45, 9.47, 13200.0, 0.36
2006-02-01, 9.3, 9.55, 9.3, 9.42, 15000.0, 0.36
2006-02-02, 9.52, 9.52, 9.2, 9.36, 21300.0, 0.36
2006-02-03, 9.4, 9.4, 9.32, 9.33, 2000.0, 0.36
2006-02-06, 9.3, 9.5, 9.3, 9.42, 2800.0, 0.36
2006-02-07, 9.5, 9.5, 9.05, 9.05, 8000.0, 0.35
2006-02-08, 9.15, 9.45, 8.85, 9.45, 15100.0, 0.36
2006-02-09, 9.6, 10.04, 9.5, 10.04, 16900.0, 0.39
2006-02-10, 10.7, 10.7, 9.53, 9.81, 19100.0, 0.38
2006-02-13, 9.75, 9.8, 9.49, 9.63, 12700.0, 0.37
2006-02-14, 9.61, 9.9, 9.61, 9.61, 4500.0, 0.37
2006-02-15, 9.63, 9.66, 9.48, 9.6, 8100.0, 0.37
2006-02-16, 9.65, 9.85, 9.6, 9.81, 3100.0, 0.38
2006-02-17, 9.95, 10.39, 9.78, 10.39, 12900.0, 0.4
2006-02-21, 10.15, 10.75, 10.15, 10.25, 52900.0, 0.39
2006-02-22, 10.35, 10.45, 10.25, 10.35, 195800.0, 0.4
2006-02-23, 10.4, 10.7, 10.35, 10.45, 3700.0, 0.4
2006-02-24, 10.55, 11.1, 10.5, 10.8, 17300.0, 0.42
2006-02-27, 11.05, 11.29, 10.66, 11.15, 25600.0, 0.43
2006-02-28, 11.5, 11.5, 10.77, 11.15, 38100.0, 0.43
2006-03-01, 11.0, 11.0, 10.75, 10.86, 23400.0, 0.42
2006-03-02, 10.85, 11.25, 10.72, 11.23, 7900.0, 0.43
2006-03-03, 11.25, 11.3, 11.11, 11.3, 3500.0, 0.43
2006-03-06, 11.4, 11.49, 11.25, 11.28, 4400.0, 0.43
2006-03-07, 11.38, 11.4, 10.95, 11.1, 8100.0, 0.43
2006-03-08, 10.75, 10.88, 10.5, 10.77, 14000.0, 0.41
2006-03-09, 10.7, 10.85, 10.65, 10.76, 5400.0, 0.41
2006-03-10, 10.7, 10.85, 10.61, 10.75, 2300.0, 0.41
2006-03-13, 10.9, 10.9, 10.42, 10.63, 21700.0, 0.41
2006-03-14, 10.55, 10.7, 10.54, 10.65, 3600.0, 0.41
2006-03-15, 10.75, 10.84, 10.7, 10.8, 2100.0, 0.42
2006-03-16, 10.77, 10.77, 10.55, 10.66, 2900.0, 0.41
2006-03-17, 10.65, 10.7, 10.65, 10.65, 5400.0, 0.41
2006-03-20, 10.7, 10.75, 10.55, 10.75, 14200.0, 0.41
2006-03-21, 10.85, 10.85, 10.6, 10.6, 2800.0, 0.41
2006-03-22, 10.6, 10.64, 10.2, 10.6, 9500.0, 0.41
2006-03-23, 10.55, 10.6, 10.46, 10.55, 3000.0, 0.41
2006-03-24, 10.65, 10.83, 10.6, 10.8, 3100.0, 0.42
2006-03-27, 10.85, 11.15, 10.85, 11.12, 7000.0, 0.43
2006-03-28, 11.1, 11.17, 10.89, 10.9, 4900.0, 0.42
2006-03-29, 10.85, 10.99, 10.75, 10.95, 3400.0, 0.42
2006-03-30, 10.99, 11.42, 10.99, 11.4, 8300.0, 0.44
2006-03-31, 11.5, 11.5, 11.15, 11.2, 8000.0, 0.43
2006-04-03, 11.3, 11.48, 11.1, 11.48, 7600.0, 0.44
2006-04-04, 11.49, 11.5, 11.25, 11.28, 12300.0, 0.43
2006-04-05, 11.22, 11.29, 11.2, 11.25, 3700.0, 0.43
2006-04-06, 11.3, 11.5, 11.23, 11.23, 8800.0, 0.43
2006-04-07, 11.26, 11.54, 11.2, 11.2, 9300.0, 0.43
2006-04-10, 11.29, 11.3, 10.75, 10.81, 9200.0, 0.42
2006-04-11, 10.9, 10.9, 10.72, 10.72, 7500.0, 0.41
2006-04-12, 10.76, 10.88, 10.67, 10.7, 11700.0, 0.41
2006-04-13, 10.6, 10.6, 10.46, 10.47, 2700.0, 0.4
2006-04-17, 10.35, 10.61, 10.3, 10.41, 39500.0, 0.4
2006-04-18, 10.55, 10.8, 10.45, 10.56, 20900.0, 0.41
2006-04-19, 10.64, 11.1, 10.6, 10.7, 15700.0, 0.41
2006-04-20, 10.7, 11.0, 10.5, 10.69, 6800.0, 0.41
2006-04-21, 10.55, 10.99, 10.55, 10.71, 20900.0, 0.41
2006-04-24, 10.95, 10.96, 10.85, 10.87, 4400.0, 0.42
2006-04-25, 11.1, 11.23, 11.1, 11.11, 4800.0, 0.43
2006-04-26, 11.15, 11.92, 11.15, 11.4, 29000.0, 0.44
2006-04-27, 11.5, 11.55, 11.25, 11.34, 16900.0, 0.44
2006-04-28, 11.3, 12.35, 11.3, 12.07, 16900.0, 0.46
2006-05-01, 12.0, 12.33, 11.92, 12.2, 70600.0, 0.47
2006-05-02, 12.25, 12.59, 12.23, 12.48, 17900.0, 0.48
2006-05-03, 12.5, 12.59, 12.26, 12.35, 9600.0, 0.47
2006-05-04, 12.3, 12.46, 12.2, 12.41, 5100.0, 0.48
2006-05-05, 12.49, 12.49, 12.17, 12.29, 32200.0, 0.47
2006-05-08, 12.05, 12.33, 12.05, 12.24, 10100.0, 0.47
2006-05-09, 12.35, 12.61, 12.15, 12.61, 13900.0, 0.48
2006-05-10, 12.7, 12.7, 12.25, 12.55, 10200.0, 0.48
2006-05-11, 12.5, 12.64, 12.5, 12.6, 4400.0, 0.48
2006-05-12, 12.65, 12.65, 12.34, 12.45, 28700.0, 0.48
2006-05-15, 12.35, 12.35, 12.02, 12.1, 10300.0, 0.47
2006-05-16, 12.1, 12.25, 12.1, 12.15, 10400.0, 0.47
2006-05-17, 12.05, 12.12, 11.78, 11.83, 11100.0, 0.45
2006-05-18, 11.65, 11.76, 11.25, 11.6, 29400.0, 0.45
2006-05-19, 11.4, 11.47, 11.07, 11.35, 15500.0, 0.44
2006-05-22, 11.15, 11.15, 10.83, 10.9, 19300.0, 0.42
2006-05-23, 10.9, 11.49, 10.9, 11.28, 11800.0, 0.43
2006-05-24, 11.2, 11.2, 11.0, 11.07, 5800.0, 0.43
2006-05-25, 11.07, 11.3, 11.07, 11.1, 8200.0, 0.43
2006-05-26, 11.15, 11.15, 10.82, 10.95, 6200.0, 0.42
2006-05-30, 11.05, 11.19, 10.95, 11.1, 3800.0, 0.43
2006-05-31, 11.0, 11.1, 10.95, 11.1, 6500.0, 0.43
2006-06-01, 11.0, 11.05, 10.8, 11.01, 10200.0, 0.42
2006-06-02, 11.04, 11.1, 11.0, 11.0, 1700.0, 0.42
2006-06-05, 11.1, 11.2, 10.87, 10.87, 7300.0, 0.42
2006-06-06, 11.76, 11.76, 10.15, 10.3, 55300.0, 0.4
2006-06-07, 10.4, 10.4, 9.65, 10.03, 39900.0, 0.39
2006-06-08, 10.0, 10.0, 9.57, 9.57, 9600.0, 0.37
2006-06-09, 9.75, 10.0, 9.7, 9.75, 15900.0, 0.37
2006-06-12, 9.8, 10.0, 9.59, 9.73, 14300.0, 0.37
2006-06-13, 9.55, 9.55, 8.75, 8.91, 19900.0, 0.34
2006-06-14, 8.85, 8.91, 8.74, 8.88, 8100.0, 0.34
2006-06-15, 8.75, 8.91, 8.75, 8.9, 13000.0, 0.34
2006-06-16, 8.7, 8.91, 8.68, 8.9, 6500.0, 0.34
2006-06-19, 8.88, 8.88, 8.61, 8.62, 3900.0, 0.33
2006-06-20, 8.75, 8.75, 8.7, 8.71, 1000.0, 0.33
2006-06-21, 8.68, 9.09, 8.68, 9.09, 8100.0, 0.35
2006-06-22, 9.04, 9.04, 8.96, 9.04, 1000.0, 0.35
2006-06-23, 9.14, 9.54, 9.1, 9.38, 6100.0, 0.36
2006-06-26, 9.34, 9.34, 8.99, 9.15, 11300.0, 0.35
2006-06-27, 9.1, 9.1, 8.9, 9.0, 7100.0, 0.35
2006-06-28, 9.05, 9.35, 9.05, 9.25, 10300.0, 0.36
2006-06-29, 9.2, 9.75, 9.2, 9.6, 20200.0, 0.37
2006-06-30, 9.69, 9.71, 9.58, 9.71, 10700.0, 0.37
2006-07-03, 9.55, 9.61, 9.51, 9.61, 1200.0, 0.37
2006-07-05, 9.7, 9.85, 9.68, 9.69, 24700.0, 0.37
2006-07-06, 9.7, 9.74, 9.66, 9.67, 2600.0, 0.37
2006-07-07, 9.67, 9.75, 9.65, 9.71, 3000.0, 0.37
2006-07-10, 9.66, 9.66, 9.52, 9.52, 2000.0, 0.37
2006-07-11, 9.63, 9.74, 9.62, 9.72, 6100.0, 0.37
2006-07-12, 10.0, 10.15, 9.72, 10.1, 111400.0, 0.39
2006-07-13, 10.4, 10.42, 10.2, 10.3, 69600.0, 0.4
2006-07-14, 10.45, 10.49, 10.25, 10.26, 22100.0, 0.39
2006-07-17, 10.36, 10.44, 9.9, 9.96, 45000.0, 0.38
2006-07-18, 9.96, 10.14, 9.91, 9.94, 8200.0, 0.38
2006-07-19, 9.91, 10.15, 9.85, 9.96, 17500.0, 0.38
2006-07-20, 10.0, 10.25, 9.96, 9.97, 13800.0, 0.38
2006-07-21, 10.1, 10.1, 9.65, 9.74, 17900.0, 0.37
2006-07-24, 9.8, 9.84, 9.66, 9.7, 11000.0, 0.37
2006-07-25, 9.7, 9.78, 9.65, 9.69, 4400.0, 0.37
2006-07-26, 9.66, 9.66, 9.33, 9.38, 22200.0, 0.36
2006-07-27, 9.5, 9.67, 9.24, 9.3, 15300.0, 0.36
2006-07-28, 10.3, 10.3, 9.37, 9.56, 113700.0, 0.37
2006-07-31, 10.04, 10.05, 9.78, 9.79, 42400.0, 0.38
2006-08-01, 9.9, 9.9, 9.66, 9.7, 15400.0, 0.37
2006-08-02, 9.7, 9.82, 9.7, 9.78, 19900.0, 0.38
2006-08-03, 9.87, 9.87, 9.5, 9.58, 65900.0, 0.37
2006-08-04, 9.65, 9.68, 9.45, 9.5, 25300.0, 0.37
2006-08-07, 9.7, 10.1, 9.61, 10.05, 17400.0, 0.39
2006-08-08, 10.05, 10.05, 9.65, 9.7, 22500.0, 0.37
2006-08-09, 9.75, 9.8, 9.45, 9.49, 23000.0, 0.36
2006-08-10, 9.59, 9.59, 9.47, 9.51, 5200.0, 0.37
2006-08-11, 9.6, 9.6, 9.45, 9.49, 6800.0, 0.36
2006-08-14, 9.41, 9.52, 9.41, 9.41, 4200.0, 0.36
2006-08-15, 9.41, 9.5, 9.41, 9.46, 4000.0, 0.36
2006-08-16, 9.5, 9.55, 9.45, 9.51, 6000.0, 0.37
2006-08-17, 9.52, 9.65, 9.5, 9.5, 7500.0, 0.37
2006-08-18, 9.6, 9.6, 9.4, 9.4, 3400.0, 0.36
2006-08-21, 9.57, 9.57, 9.45, 9.54, 7300.0, 0.37
2006-08-22, 9.51, 9.61, 9.51, 9.61, 6800.0, 0.37
2006-08-23, 9.65, 9.65, 9.51, 9.51, 12400.0, 0.37
2006-08-24, 9.51, 9.67, 9.51, 9.56, 5000.0, 0.37
2006-08-25, 9.69, 9.69, 9.5, 9.55, 4200.0, 0.37
2006-08-28, 9.45, 9.45, 9.15, 9.19, 23100.0, 0.35
2006-08-29, 9.25, 9.35, 8.9, 8.9, 18400.0, 0.34
2006-08-30, 8.99, 8.99, 8.11, 8.75, 47500.0, 0.34
2006-08-31, 8.8, 9.05, 8.76, 9.0, 16800.0, 0.35
2006-09-01, 8.9, 8.99, 8.78, 8.99, 14600.0, 0.35
2006-09-05, 9.15, 9.15, 8.88, 8.88, 38100.0, 0.34
2006-09-06, 8.82, 8.85, 8.59, 8.85, 13400.0, 0.34
2006-09-07, 8.8, 8.9, 8.4, 8.5, 26300.0, 0.33
2006-09-08, 8.45, 8.57, 8.35, 8.39, 19200.0, 0.32
2006-09-11, 8.29, 8.3, 7.69, 8.02, 39100.0, 0.31
2006-09-12, 8.1, 8.1, 8.0, 8.09, 5500.0, 0.31
2006-09-13, 8.05, 8.05, 7.85, 7.85, 4900.0, 0.3
2006-09-14, 7.95, 7.95, 7.3, 7.66, 32100.0, 0.29
2006-09-15, 7.5, 7.6, 7.34, 7.4, 33700.0, 0.28
2006-09-18, 7.4, 7.58, 7.4, 7.45, 10200.0, 0.29
2006-09-19, 7.35, 7.58, 7.35, 7.49, 11500.0, 0.29
2006-09-20, 7.4, 7.4, 7.14, 7.14, 23600.0, 0.27
2006-09-21, 7.14, 7.31, 7.1, 7.27, 11200.0, 0.28
2006-09-22, 7.1, 7.3, 7.1, 7.28, 17900.0, 0.28
2006-09-25, 7.26, 7.48, 7.26, 7.4, 10700.0, 0.28
2006-09-26, 7.49, 7.68, 7.4, 7.4, 12400.0, 0.28
2006-09-27, 7.5, 7.98, 7.37, 7.96, 17900.0, 0.31
2006-09-28, 8.4, 8.86, 8.4, 8.63, 25600.0, 0.33
2006-09-29, 8.63, 9.08, 8.62, 8.8, 29900.0, 0.34
2006-10-02, 8.85, 8.98, 8.8, 8.8, 18500.0, 0.34
2006-10-03, 8.76, 8.77, 8.0, 8.15, 44500.0, 0.31
2006-10-04, 8.1, 8.17, 7.91, 7.98, 13500.0, 0.31
2006-10-05, 7.95, 8.4, 7.95, 8.1, 19100.0, 0.31
2006-10-06, 7.9, 8.07, 7.5, 8.06, 14300.0, 0.31
2006-10-09, 8.06, 8.2, 8.06, 8.2, 1900.0, 0.32
2006-10-10, 8.1, 8.45, 8.03, 8.41, 3500.0, 0.32
2006-10-11, 8.45, 8.75, 8.43, 8.75, 12200.0, 0.34
2006-10-12, 8.65, 9.07, 8.61, 8.99, 12900.0, 0.35
2006-10-13, 8.95, 9.7, 8.95, 9.68, 20400.0, 0.37
2006-10-16, 9.76, 11.8, 9.76, 11.65, 86600.0, 0.45
2006-10-17, 11.49, 11.5, 10.5, 11.0, 54700.0, 0.42
2006-10-18, 11.55, 12.14, 11.4, 12.09, 96000.0, 0.46
2006-10-19, 12.2, 12.3, 11.58, 12.2, 60900.0, 0.47
2006-10-20, 12.18, 12.7, 11.95, 12.59, 83200.0, 0.48
2006-10-23, 12.59, 12.65, 11.74, 11.81, 30500.0, 0.45
2006-10-24, 11.68, 11.9, 10.52, 10.75, 53100.0, 0.41
2006-10-25, 10.56, 12.0, 10.56, 11.37, 72600.0, 0.44
2006-10-26, 11.45, 11.73, 10.94, 11.5, 34500.0, 0.44
2006-10-27, 11.42, 11.7, 11.42, 11.61, 12900.0, 0.45
2006-10-30, 11.75, 12.24, 11.67, 12.24, 19700.0, 0.47
2006-10-31, 12.35, 12.73, 12.35, 12.61, 46300.0, 0.48
2006-11-01, 12.61, 12.61, 12.2, 12.37, 14300.0, 0.48
2006-11-02, 12.3, 12.55, 12.3, 12.54, 23300.0, 0.48
2006-11-03, 12.63, 14.49, 12.45, 14.49, 68600.0, 0.56
2006-11-06, 14.59, 14.6, 13.83, 13.91, 79600.0, 0.53
2006-11-07, 14.02, 14.24, 14.01, 14.18, 35400.0, 0.55
2006-11-08, 14.06, 14.19, 13.95, 14.16, 23300.0, 0.54
2006-11-09, 14.16, 14.16, 13.77, 13.81, 22500.0, 0.53
2006-11-10, 13.75, 13.96, 13.66, 13.91, 30300.0, 0.53
2006-11-13, 13.81, 13.81, 13.4, 13.47, 36900.0, 0.52
2006-11-14, 13.35, 13.4, 13.15, 13.25, 21700.0, 0.51
2006-11-15, 13.1, 13.1, 12.32, 13.05, 67300.0, 0.5
2006-11-16, 13.1, 13.14, 13.0, 13.0, 19500.0, 0.5
2006-11-17, 13.0, 13.06, 12.9, 13.01, 12100.0, 0.5
2006-11-20, 13.08, 13.08, 12.66, 12.75, 11000.0, 0.49
2006-11-21, 12.75, 13.0, 12.65, 12.99, 10200.0, 0.5
2006-11-22, 12.8, 13.05, 12.75, 12.99, 4900.0, 0.5
2006-11-24, 13.04, 13.04, 12.71, 12.75, 13700.0, 0.49
2006-11-27, 12.67, 13.05, 12.62, 12.85, 18700.0, 0.49
2006-11-28, 12.9, 12.9, 12.55, 12.83, 5200.0, 0.49
2006-11-29, 12.7, 12.77, 12.7, 12.72, 6500.0, 0.49
2006-11-30, 12.67, 12.74, 12.56, 12.56, 15400.0, 0.48
2006-12-01, 12.63, 13.02, 12.4, 12.92, 54300.0, 0.5
2006-12-04, 13.0, 13.0, 12.88, 12.91, 7500.0, 0.5
2006-12-05, 12.85, 13.4, 12.65, 13.26, 27600.0, 0.51
2006-12-06, 13.36, 13.54, 13.3, 13.37, 7600.0, 0.51
2006-12-07, 13.3, 13.58, 13.25, 13.32, 20700.0, 0.51
2006-12-08, 13.3, 13.33, 13.2, 13.23, 6000.0, 0.51
2006-12-11, 13.13, 13.54, 13.13, 13.34, 15300.0, 0.51
2006-12-12, 13.36, 13.41, 13.05, 13.34, 6900.0, 0.51
2006-12-13, 13.26, 13.3, 13.07, 13.14, 6800.0, 0.51
2006-12-14, 13.0, 13.12, 12.95, 13.04, 7800.0, 0.5
2006-12-15, 13.1, 13.1, 12.72, 12.8, 13400.0, 0.49
2006-12-18, 12.85, 12.95, 12.76, 12.86, 10600.0, 0.49
2006-12-19, 12.85, 12.88, 12.75, 12.78, 3600.0, 0.49
2006-12-20, 12.76, 12.9, 12.75, 12.85, 8500.0, 0.49
2006-12-21, 12.8, 12.97, 12.75, 12.75, 4700.0, 0.49
2006-12-22, 12.65, 12.7, 12.3, 12.65, 11200.0, 0.49
2006-12-26, 12.65, 12.75, 12.57, 12.71, 7300.0, 0.49
2006-12-27, 12.91, 12.95, 12.83, 12.85, 14100.0, 0.49
2006-12-28, 12.85, 12.89, 12.85, 12.88, 5200.0, 0.5
2006-12-29, 12.78, 13.14, 12.76, 13.06, 12000.0, 0.5
2007-01-03, 12.9, 13.08, 12.1, 12.2, 36700.0, 0.47
2007-01-04, 12.16, 12.35, 12.09, 12.21, 7300.0, 0.47
2007-01-05, 12.1, 12.34, 11.87, 12.34, 31600.0, 0.47
2007-01-08, 12.25, 12.45, 12.16, 12.19, 9800.0, 0.47
2007-01-09, 12.24, 12.24, 11.88, 11.97, 7500.0, 0.46
2007-01-10, 12.07, 12.12, 11.87, 11.91, 6300.0, 0.46
2007-01-11, 11.8, 11.95, 11.6, 11.95, 36500.0, 0.46
2007-01-12, 11.95, 12.15, 11.61, 11.65, 14600.0, 0.45
2007-01-16, 11.55, 11.57, 11.35, 11.35, 37900.0, 0.44
2007-01-17, 10.9, 11.3, 10.5, 11.25, 55600.0, 0.43
2007-01-18, 11.16, 11.29, 11.1, 11.29, 22200.0, 0.43
2007-01-19, 11.74, 11.74, 10.71, 11.74, 30800.0, 0.45
2007-01-22, 11.9, 11.93, 11.5, 11.6, 30300.0, 0.45
2007-01-23, 11.61, 11.85, 11.61, 11.83, 15600.0, 0.45
2007-01-24, 11.9, 11.99, 11.75, 11.9, 5400.0, 0.46
2007-01-25, 12.0, 12.4, 11.96, 11.96, 14900.0, 0.46
2007-01-26, 12.06, 12.14, 11.98, 12.01, 7200.0, 0.46
2007-01-29, 12.25, 12.28, 11.89, 11.95, 18800.0, 0.46
2007-01-30, 11.97, 12.04, 11.95, 12.0, 12700.0, 0.46
2007-01-31, 12.0, 12.21, 11.83, 11.96, 51600.0, 0.46
2007-02-01, 12.01, 12.02, 11.77, 11.8, 22500.0, 0.45
2007-02-02, 11.9, 12.04, 11.76, 11.92, 15700.0, 0.46
2007-02-05, 12.05, 12.06, 11.8, 11.92, 5000.0, 0.46
2007-02-06, 11.89, 11.93, 11.72, 11.93, 25500.0, 0.46
2007-02-07, 11.91, 11.98, 11.45, 11.64, 20300.0, 0.45
2007-02-08, 11.65, 11.85, 11.65, 11.8, 10600.0, 0.45
2007-02-09, 11.93, 11.93, 11.71, 11.71, 5500.0, 0.45
2007-02-12, 11.75, 11.75, 11.51, 11.6, 4100.0, 0.45
2007-02-13, 11.59, 11.61, 11.5, 11.5, 5500.0, 0.44
2007-02-14, 11.32, 11.6, 11.3, 11.57, 20600.0, 0.44
2007-02-15, 11.56, 11.59, 11.22, 11.31, 23000.0, 0.43
2007-02-16, 11.25, 11.5, 11.0, 11.33, 7200.0, 0.44
2007-02-20, 11.0, 11.3, 10.96, 11.09, 19300.0, 0.43
2007-02-21, 10.75, 11.65, 10.57, 11.27, 42700.0, 0.43
2007-02-22, 11.35, 11.72, 11.35, 11.63, 11700.0, 0.45
2007-02-23, 11.65, 12.47, 11.65, 12.43, 24300.0, 0.48
2007-02-26, 12.55, 12.97, 12.27, 12.97, 69400.0, 0.5
2007-02-27, 12.99, 12.99, 12.56, 12.6, 28900.0, 0.48
2007-02-28, 12.6, 12.6, 12.2, 12.51, 12900.0, 0.48
2007-03-01, 12.45, 12.63, 12.41, 12.43, 13600.0, 0.48
2007-03-02, 12.52, 12.6, 12.3, 12.54, 17000.0, 0.48
2007-03-05, 12.4, 12.43, 12.01, 12.11, 7000.0, 0.47
2007-03-06, 12.13, 12.15, 11.9, 12.04, 9600.0, 0.46
2007-03-07, 12.05, 12.23, 11.75, 11.8, 8100.0, 0.45
2007-03-08, 11.9, 12.2, 11.8, 11.8, 13100.0, 0.45
2007-03-09, 12.1, 12.28, 11.99, 12.0, 13900.0, 0.46
2007-03-12, 12.25, 12.25, 11.77, 11.86, 11100.0, 0.46
2007-03-13, 11.94, 12.14, 11.75, 11.82, 7400.0, 0.45
2007-03-14, 11.8, 11.8, 11.29, 11.47, 25800.0, 0.44
2007-03-15, 11.4, 11.4, 11.2, 11.3, 24600.0, 0.43
2007-03-16, 11.35, 11.5, 11.06, 11.27, 11000.0, 0.43
2007-03-19, 11.15, 11.24, 10.98, 11.03, 11400.0, 0.42
2007-03-20, 11.06, 11.46, 11.04, 11.43, 14200.0, 0.44
2007-03-21, 11.48, 11.85, 11.48, 11.7, 8800.0, 0.45
2007-03-22, 11.6, 11.7, 11.58, 11.66, 2100.0, 0.45
2007-03-23, 11.5, 11.59, 11.2, 11.57, 7400.0, 0.44
2007-03-26, 11.52, 11.52, 11.35, 11.4, 5100.0, 0.44
2007-03-27, 11.4, 11.47, 11.29, 11.39, 8900.0, 0.44
2007-03-28, 11.27, 11.48, 11.03, 11.03, 25400.0, 0.42
2007-03-29, 10.95, 10.98, 10.77, 10.89, 11600.0, 0.42
2007-03-30, 10.92, 10.92, 10.87, 10.87, 2800.0, 0.42
2007-04-02, 10.86, 10.86, 8.82, 10.02, 54000.0, 0.39
2007-04-03, 10.09, 10.32, 9.1, 10.13, 90000.0, 0.39
2007-04-04, 10.25, 10.38, 10.1, 10.25, 23900.0, 0.39
2007-04-05, 10.3, 10.73, 10.3, 10.45, 19400.0, 0.4
2007-04-09, 10.5, 10.55, 10.38, 10.4, 21400.0, 0.4
2007-04-10, 10.45, 10.65, 10.45, 10.49, 12500.0, 0.4
2007-04-11, 10.5, 10.57, 10.35, 10.42, 30800.0, 0.4
2007-04-12, 10.44, 10.53, 10.44, 10.46, 6500.0, 0.4
2007-04-13, 10.45, 10.6, 10.41, 10.46, 6700.0, 0.4
2007-04-16, 10.35, 10.89, 10.35, 10.69, 26300.0, 0.41
2007-04-17, 10.61, 10.64, 10.51, 10.59, 7500.0, 0.41
2007-04-18, 10.55, 10.75, 10.49, 10.64, 14200.0, 0.41
2007-04-19, 10.59, 10.79, 10.45, 10.79, 15600.0, 0.41
2007-04-20, 10.66, 10.87, 10.66, 10.79, 6300.0, 0.41
2007-04-23, 10.7, 11.08, 10.7, 11.03, 15900.0, 0.42
2007-04-24, 10.94, 11.03, 10.75, 10.82, 7500.0, 0.42
2007-04-25, 10.88, 10.88, 10.35, 10.41, 11000.0, 0.4
2007-04-26, 10.35, 10.38, 9.95, 9.95, 14300.0, 0.38
2007-04-27, 9.95, 10.09, 9.85, 9.99, 5200.0, 0.38
2007-04-30, 9.9, 10.0, 9.75, 9.8, 10400.0, 0.38
2007-05-01, 9.8, 9.8, 9.51, 9.51, 8800.0, 0.37
2007-05-02, 9.5, 9.73, 9.43, 9.53, 8800.0, 0.37
2007-05-03, 9.55, 9.62, 9.28, 9.31, 12400.0, 0.36
2007-05-04, 9.34, 9.38, 9.1, 9.2, 207600.0, 0.35
2007-05-07, 9.1, 9.41, 8.95, 9.4, 45500.0, 0.36
2007-05-08, 9.3, 9.39, 9.13, 9.19, 19700.0, 0.35
2007-05-09, 9.1, 9.11, 8.86, 8.87, 15200.0, 0.34
2007-05-10, 8.81, 8.91, 8.77, 8.77, 17000.0, 0.34
2007-05-11, 8.72, 8.98, 8.72, 8.87, 21200.0, 0.34
2007-05-14, 8.95, 11.06, 8.84, 10.75, 68900.0, 0.41
2007-05-15, 10.85, 11.2, 10.25, 10.66, 27200.0, 0.41
2007-05-16, 10.7, 10.7, 9.98, 10.2, 18000.0, 0.39
2007-05-17, 10.15, 10.15, 9.65, 9.75, 6000.0, 0.37
2007-05-18, 9.65, 11.02, 9.25, 10.65, 63600.0, 0.41
2007-05-21, 10.8, 10.8, 10.3, 10.75, 37400.0, 0.41
2007-05-22, 10.82, 11.24, 10.68, 10.96, 26100.0, 0.42
2007-05-23, 10.96, 11.05, 10.94, 10.96, 17700.0, 0.42
2007-05-24, 11.06, 11.25, 10.23, 10.23, 69700.0, 0.39
2007-05-25, 10.23, 10.39, 9.9, 9.96, 17500.0, 0.38
2007-05-29, 10.15, 10.35, 9.97, 10.0, 8500.0, 0.38
2007-05-30, 10.0, 10.0, 9.82, 9.82, 4800.0, 0.38
2007-05-31, 9.75, 11.32, 9.62, 10.34, 30800.0, 0.4
2007-06-01, 10.45, 10.68, 9.95, 10.14, 14000.0, 0.39
2007-06-04, 10.5, 10.72, 10.3, 10.3, 28600.0, 0.4
2007-06-05, 10.4, 10.48, 10.15, 10.37, 5600.0, 0.4
2007-06-06, 10.3, 10.4, 10.05, 10.25, 4100.0, 0.39
2007-06-07, 10.1, 10.48, 9.9, 9.97, 18100.0, 0.38
2007-06-08, 9.97, 10.05, 9.8, 9.9, 7900.0, 0.38
2007-06-11, 10.1, 10.33, 9.9, 10.27, 13500.0, 0.39
2007-06-12, 10.38, 10.4, 10.04, 10.4, 11100.0, 0.4
2007-06-13, 10.5, 10.5, 10.1, 10.23, 3600.0, 0.39
2007-06-14, 10.35, 10.35, 10.26, 10.3, 1200.0, 0.4
2007-06-15, 10.61, 10.65, 10.22, 10.22, 3100.0, 0.39
2007-06-18, 10.4, 10.4, 10.16, 10.2, 4500.0, 0.39
2007-06-19, 10.21, 10.4, 10.21, 10.4, 7900.0, 0.4
2007-06-20, 10.29, 10.65, 10.2, 10.39, 7200.0, 0.4
2007-06-21, 10.45, 10.85, 10.33, 10.65, 6700.0, 0.41
2007-06-22, 10.55, 10.55, 10.28, 10.28, 5000.0, 0.4
2007-06-25, 10.2, 10.21, 9.85, 9.91, 17300.0, 0.38
2007-06-26, 9.85, 9.85, 9.47, 9.55, 20300.0, 0.37
2007-06-27, 9.59, 9.59, 9.25, 9.45, 13900.0, 0.36
2007-06-28, 9.35, 9.65, 9.35, 9.57, 7400.0, 0.37
2007-06-29, 9.7, 10.17, 9.6, 10.17, 29000.0, 0.39
2007-07-02, 9.9, 10.25, 9.9, 10.25, 2100.0, 0.39
2007-07-03, 10.15, 10.75, 10.0, 10.57, 11500.0, 0.41
2007-07-05, 10.5, 10.84, 10.5, 10.6, 9700.0, 0.41
2007-07-06, 10.6, 10.75, 9.95, 10.72, 16600.0, 0.41
2007-07-09, 10.6, 10.6, 10.4, 10.43, 23400.0, 0.4
2007-07-10, 10.5, 10.75, 10.31, 10.5, 7500.0, 0.4
2007-07-11, 10.6, 10.8, 10.33, 10.45, 21800.0, 0.4
2007-07-12, 10.55, 10.8, 10.51, 10.55, 9800.0, 0.41
2007-07-13, 10.65, 10.72, 10.4, 10.46, 4900.0, 0.4
2007-07-16, 10.5, 10.5, 10.03, 10.03, 4300.0, 0.39
2007-07-17, 10.0, 10.4, 10.0, 10.3, 12800.0, 0.4
2007-07-18, 10.55, 10.9, 10.41, 10.9, 15600.0, 0.42
2007-07-19, 10.94, 11.38, 10.94, 11.38, 25000.0, 0.44
2007-07-20, 11.6, 12.32, 11.2, 12.02, 43000.0, 0.46
2007-07-23, 11.9, 12.15, 11.7, 11.75, 24100.0, 0.45
2007-07-24, 11.7, 12.04, 11.7, 11.85, 25600.0, 0.46
2007-07-25, 12.0, 12.0, 11.07, 11.26, 15500.0, 0.43
2007-07-26, 11.15, 11.15, 10.54, 10.7, 8500.0, 0.41
2007-07-27, 10.8, 10.8, 10.16, 10.28, 26600.0, 0.4
2007-07-30, 10.0, 10.7, 10.0, 10.35, 14300.0, 0.4
2007-07-31, 10.6, 10.78, 10.41, 10.64, 3600.0, 0.41
2007-08-01, 10.62, 11.03, 10.52, 10.95, 17500.0, 0.42
2007-08-02, 11.0, 11.0, 10.7, 10.97, 900.0, 0.42
2007-08-03, 11.0, 11.6, 10.97, 11.26, 13900.0, 0.43
2007-08-06, 11.05, 11.05, 10.95, 11.04, 700.0, 0.42
2007-08-07, 11.25, 11.78, 10.79, 11.3, 36900.0, 0.43
2007-08-08, 11.5, 11.89, 11.14, 11.3, 38300.0, 0.43
2007-08-09, 11.19, 11.6, 11.0, 11.38, 35800.0, 0.44
2007-08-10, 11.21, 11.74, 11.05, 11.65, 19100.0, 0.45
2007-08-13, 11.65, 11.73, 11.15, 11.22, 8200.0, 0.43
2007-08-14, 11.21, 11.21, 10.8, 10.93, 5500.0, 0.42
2007-08-15, 10.9, 10.9, 10.5, 10.52, 6600.0, 0.4
2007-08-16, 10.37, 10.37, 9.1, 9.2, 25400.0, 0.35
2007-08-17, 9.75, 9.75, 8.32, 9.38, 8500.0, 0.36
2007-08-20, 9.02, 10.3, 9.02, 10.18, 14900.0, 0.39
2007-08-21, 10.0, 10.14, 9.87, 9.9, 5500.0, 0.38
2007-08-22, 10.0, 10.34, 9.91, 10.25, 9400.0, 0.39
2007-08-23, 10.26, 10.55, 10.15, 10.15, 4700.0, 0.39
2007-08-24, 10.4, 10.4, 10.0, 10.06, 4400.0, 0.39
2007-08-27, 9.72, 10.0, 9.72, 10.0, 5400.0, 0.38
2007-08-28, 10.05, 10.2, 9.75, 9.75, 7700.0, 0.37
2007-08-29, 9.85, 9.9, 9.76, 9.83, 3000.0, 0.38
2007-08-30, 9.9, 10.0, 9.75, 9.75, 6700.0, 0.37
2007-08-31, 9.9, 9.96, 9.9, 9.9, 700.0, 0.38
2007-09-04, 10.0, 10.09, 9.7, 9.91, 6100.0, 0.38
2007-09-05, 10.0, 10.0, 9.6, 9.65, 3300.0, 0.37
2007-09-06, 9.66, 9.9, 9.58, 9.58, 8000.0, 0.37
2007-09-07, 9.7, 9.87, 9.52, 9.63, 6800.0, 0.37
2007-09-10, 9.75, 9.8, 9.49, 9.49, 3100.0, 0.36
2007-09-11, 9.7, 9.71, 9.53, 9.6, 6600.0, 0.37
2007-09-12, 9.72, 9.72, 9.02, 9.35, 28000.0, 0.36
2007-09-13, 9.35, 9.5, 9.23, 9.5, 19000.0, 0.37
2007-09-14, 9.4, 9.42, 9.25, 9.25, 2500.0, 0.36
2007-09-17, 9.44, 10.0, 9.25, 9.43, 14900.0, 0.36
2007-09-18, 9.32, 9.48, 9.0, 9.26, 43700.0, 0.36
2007-09-19, 9.3, 9.31, 8.78, 9.14, 14600.0, 0.35
2007-09-20, 9.15, 9.43, 9.05, 9.43, 27000.0, 0.36
2007-09-21, 9.53, 9.82, 9.42, 9.45, 14000.0, 0.36
2007-09-24, 9.45, 9.6, 9.35, 9.5, 11800.0, 0.37
2007-09-25, 9.4, 9.4, 9.15, 9.23, 19800.0, 0.35
2007-09-26, 9.2, 10.35, 9.0, 10.35, 28500.0, 0.4
2007-09-27, 10.3, 10.35, 10.15, 10.35, 4900.0, 0.4
2007-09-28, 10.5, 12.2, 10.3, 12.2, 14000.0, 0.47
2007-10-01, 12.01, 12.12, 10.79, 11.75, 45100.0, 0.45
2007-10-02, 11.4, 11.51, 11.25, 11.5, 10000.0, 0.44
2007-10-03, 11.4, 11.58, 11.3, 11.4, 5900.0, 0.44
2007-10-04, 11.3, 11.5, 11.07, 11.33, 5600.0, 0.44
2007-10-05, 11.44, 11.8, 11.25, 11.76, 2800.0, 0.45
2007-10-08, 11.6, 11.6, 10.97, 11.23, 3600.0, 0.43
2007-10-09, 10.95, 11.76, 10.95, 11.73, 16800.0, 0.45
2007-10-10, 11.69, 12.04, 11.69, 11.99, 12300.0, 0.46
2007-10-11, 12.0, 12.38, 11.95, 12.27, 35800.0, 0.47
2007-10-12, 12.27, 12.38, 12.26, 12.36, 7800.0, 0.48
2007-10-15, 12.55, 12.79, 12.39, 12.39, 15700.0, 0.48
2007-10-16, 12.3, 13.25, 12.23, 13.25, 35900.0, 0.51
2007-10-17, 13.5, 13.5, 12.54, 12.64, 36100.0, 0.49
2007-10-18, 12.52, 13.02, 12.52, 13.02, 6200.0, 0.5
2007-10-19, 12.7, 12.89, 12.51, 12.67, 8300.0, 0.49
2007-10-22, 12.25, 12.7, 12.22, 12.55, 11200.0, 0.48
2007-10-23, 12.6, 13.1, 12.6, 12.94, 13200.0, 0.5
2007-10-24, 12.7, 12.9, 12.6, 12.79, 11300.0, 0.49
2007-10-25, 12.8, 12.9, 12.7, 12.78, 10800.0, 0.49
2007-10-26, 12.85, 13.0, 12.66, 12.72, 15900.0, 0.49
2007-10-29, 12.82, 13.29, 12.61, 13.05, 12100.0, 0.5
2007-10-30, 13.0, 13.36, 13.0, 13.17, 7500.0, 0.51
2007-10-31, 13.11, 13.55, 13.11, 13.55, 7000.0, 0.52
2007-11-01, 13.8, 13.8, 13.25, 13.35, 8200.0, 0.51
2007-11-02, 13.2, 13.3, 13.03, 13.05, 13000.0, 0.5
2007-11-05, 12.22, 13.12, 12.22, 13.0, 36600.0, 0.5
2007-11-06, 13.1, 13.42, 13.1, 13.3, 8500.0, 0.51
2007-11-07, 13.8, 13.8, 12.96, 13.13, 12500.0, 0.5
2007-11-08, 13.25, 13.25, 12.29, 12.5, 21300.0, 0.48
2007-11-09, 12.4, 12.7, 12.4, 12.55, 14100.0, 0.48
2007-11-12, 12.4, 12.55, 12.4, 12.4, 4300.0, 0.48
2007-11-13, 12.75, 12.94, 12.65, 12.65, 12700.0, 0.49
2007-11-14, 12.75, 12.81, 12.14, 12.14, 21100.0, 0.47
2007-11-15, 12.0, 12.15, 11.75, 11.75, 5000.0, 0.45
2007-11-16, 11.5, 12.03, 11.35, 11.9, 17400.0, 0.46
2007-11-19, 11.74, 12.1, 11.7, 11.81, 19500.0, 0.45
2007-11-20, 11.85, 12.05, 11.66, 11.71, 11000.0, 0.45
2007-11-21, 11.81, 11.81, 11.33, 11.63, 9600.0, 0.45
2007-11-23, 11.5, 11.73, 11.4, 11.68, 4300.0, 0.45
2007-11-26, 11.5, 11.7, 11.5, 11.61, 3000.0, 0.45
2007-11-27, 11.51, 11.74, 11.27, 11.3, 5400.0, 0.43
2007-11-28, 11.44, 11.75, 11.2, 11.75, 3200.0, 0.45
2007-11-29, 11.85, 12.4, 11.0, 11.9, 1800.0, 0.46
2007-11-30, 11.9, 11.95, 11.8, 11.81, 6000.0, 0.45
2007-12-03, 11.81, 12.15, 11.8, 12.0, 3800.0, 0.46
2007-12-04, 11.9, 12.0, 11.8, 11.9, 1700.0, 0.46
2007-12-05, 11.79, 12.2, 11.7, 11.75, 8100.0, 0.45
2007-12-06, 11.72, 11.94, 11.5, 11.59, 25600.0, 0.45
2007-12-07, 11.5, 11.5, 11.01, 11.2, 14900.0, 0.43
2007-12-10, 11.2, 11.21, 11.03, 11.21, 1800.0, 0.43
2007-12-11, 11.01, 11.15, 10.82, 10.92, 3200.0, 0.42
2007-12-12, 10.92, 11.2, 10.82, 10.95, 10500.0, 0.42
2007-12-13, 10.8, 11.0, 10.67, 10.71, 3900.0, 0.41
2007-12-14, 10.99, 11.0, 10.45, 10.62, 11300.0, 0.41
2007-12-17, 10.42, 10.65, 9.59, 9.9, 6200.0, 0.38
2007-12-18, 9.89, 10.39, 8.1, 9.45, 64700.0, 0.36
2007-12-19, 9.49, 9.49, 8.94, 9.16, 9400.0, 0.35
2007-12-20, 9.25, 9.4, 9.0, 9.1, 8800.0, 0.35
2007-12-21, 9.4, 10.2, 9.01, 10.2, 26200.0, 0.39
2007-12-24, 9.6, 10.0, 9.6, 9.9, 3000.0, 0.38
2007-12-26, 9.9, 10.0, 9.9, 10.0, 1800.0, 0.38
2007-12-27, 9.75, 10.89, 9.75, 10.5, 21000.0, 0.4
2007-12-28, 10.38, 11.2, 10.38, 11.19, 5900.0, 0.43
2007-12-31, 10.88, 11.55, 10.88, 11.55, 39400.0, 0.44
2008-01-02, 11.55, 11.55, 11.2, 11.24, 7300.0, 0.43
2008-01-03, 11.35, 11.48, 11.2, 11.2, 2100.0, 0.43
2008-01-04, 11.0, 11.0, 10.4, 10.6, 4400.0, 0.41
2008-01-07, 10.25, 10.5, 10.18, 10.5, 2600.0, 0.4
2008-01-08, 10.6, 10.83, 10.3, 10.76, 15100.0, 0.41
2008-01-09, 11.62, 11.62, 10.5, 10.64, 13000.0, 0.41
2008-01-10, 10.81, 10.99, 10.5, 10.96, 20100.0, 0.42
2008-01-11, 10.76, 11.05, 10.66, 11.05, 9800.0, 0.42
2008-01-14, 11.24, 11.89, 10.93, 11.89, 43700.0, 0.46
2008-01-15, 11.94, 11.94, 11.0, 11.0, 6000.0, 0.42
2008-01-16, 10.88, 11.1, 10.83, 11.1, 3000.0, 0.43
2008-01-17, 11.99, 11.99, 11.01, 11.03, 21000.0, 0.42
2008-01-18, 10.95, 11.0, 10.58, 10.79, 3500.0, 0.41
2008-01-22, 10.63, 10.63, 9.55, 10.39, 31400.0, 0.4
2008-01-23, 10.05, 10.05, 9.85, 10.0, 4000.0, 0.38
2008-01-24, 10.25, 11.3, 10.24, 10.75, 12000.0, 0.41
2008-01-25, 10.85, 10.85, 9.93, 10.19, 10100.0, 0.39
2008-01-28, 10.32, 10.8, 10.32, 10.61, 5500.0, 0.41
2008-01-29, 10.79, 10.79, 10.1, 10.1, 2400.0, 0.39
2008-01-30, 10.3, 10.47, 9.91, 10.37, 6900.0, 0.4
2008-01-31, 9.95, 10.36, 9.95, 10.1, 6400.0, 0.39
2008-02-01, 10.01, 10.47, 9.95, 9.95, 2000.0, 0.38
2008-02-04, 10.2, 10.2, 9.4, 9.4, 10000.0, 0.36
2008-02-05, 9.26, 9.69, 9.26, 9.67, 5300.0, 0.37
2008-02-06, 9.35, 9.65, 8.89, 9.4, 34900.0, 0.36
2008-02-07, 9.21, 9.3, 9.2, 9.25, 2600.0, 0.36
2008-02-08, 9.3, 9.6, 9.26, 9.55, 5200.0, 0.37
2008-02-11, 9.6, 9.65, 9.46, 9.65, 4000.0, 0.37
2008-02-12, 9.25, 9.79, 9.25, 9.4, 2500.0, 0.36
2008-02-13, 9.26, 9.55, 9.26, 9.36, 4500.0, 0.36
2008-02-14, 9.3, 9.6, 9.3, 9.6, 500.0, 0.37
2008-02-15, 9.6, 9.6, 9.27, 9.55, 4100.0, 0.37
2008-02-19, 9.65, 9.7, 9.3, 9.6, 2800.0, 0.37
2008-02-20, 9.6, 10.23, 9.45, 10.23, 25800.0, 0.39
2008-02-21, 10.25, 10.57, 10.01, 10.28, 12200.0, 0.4
2008-02-22, 10.38, 10.38, 9.68, 9.95, 11100.0, 0.38
2008-02-25, 10.0, 10.15, 10.0, 10.15, 2400.0, 0.39
2008-02-26, 10.2, 10.4, 10.2, 10.4, 3900.0, 0.4
2008-02-27, 9.46, 10.35, 9.01, 9.9, 16200.0, 0.38
2008-02-28, 10.0, 10.0, 9.6, 10.0, 13600.0, 0.38
2008-02-29, 10.05, 10.34, 10.0, 10.17, 11100.0, 0.39
2008-03-03, 10.27, 10.27, 10.0, 10.05, 9100.0, 0.39
2008-03-04, 10.0, 10.0, 9.5, 9.73, 11600.0, 0.37
2008-03-05, 9.7, 10.1, 9.7, 9.97, 5900.0, 0.38
2008-03-06, 10.1, 10.1, 9.9, 9.92, 1200.0, 0.38
2008-03-07, 9.9, 10.15, 9.7, 9.91, 9700.0, 0.38
2008-03-10, 10.2, 10.22, 9.7, 9.95, 5000.0, 0.38
2008-03-11, 9.95, 10.18, 9.8, 9.91, 7300.0, 0.38
2008-03-12, 10.15, 10.15, 9.98, 9.98, 1100.0, 0.38
2008-03-13, 10.0, 10.19, 9.8, 10.0, 8400.0, 0.38
2008-03-14, 9.89, 10.15, 9.71, 9.9, 13600.0, 0.38
2008-03-17, 9.59, 10.66, 9.51, 9.68, 7700.0, 0.37
2008-03-18, 9.7, 9.7, 9.58, 9.7, 5800.0, 0.37
2008-03-19, 9.71, 9.71, 9.27, 9.27, 6400.0, 0.36
2008-03-20, 9.28, 9.39, 9.15, 9.29, 44800.0, 0.36
2008-03-24, 10.12, 10.12, 9.21, 9.35, 13900.0, 0.36
2008-03-25, 9.49, 9.93, 9.09, 9.3, 48900.0, 0.36
2008-03-26, 9.16, 9.3, 9.16, 9.26, 3900.0, 0.36
2008-03-27, 9.01, 9.34, 8.6, 9.01, 62200.0, 0.35
2008-03-28, 9.06, 9.06, 7.89, 8.15, 81200.0, 0.31
2008-03-31, 8.15, 8.5, 7.97, 8.3, 12700.0, 0.32
2008-04-01, 8.1, 8.29, 7.97, 8.28, 12300.0, 0.32
2008-04-02, 8.41, 8.41, 8.2, 8.31, 11900.0, 0.32
2008-04-03, 8.55, 8.55, 8.27, 8.4, 5200.0, 0.32
2008-04-04, 8.33, 8.69, 8.24, 8.62, 30500.0, 0.33
2008-04-07, 8.65, 8.79, 8.52, 8.58, 20300.0, 0.33
2008-04-08, 8.45, 8.6, 8.3, 8.32, 18300.0, 0.32
2008-04-09, 8.32, 8.42, 8.23, 8.35, 4400.0, 0.32
2008-04-10, 7.97, 8.18, 7.87, 8.1, 18600.0, 0.31
2008-04-11, 8.15, 8.2, 7.98, 8.2, 5000.0, 0.32
2008-04-14, 7.92, 8.45, 7.92, 8.41, 9400.0, 0.32
2008-04-15, 8.32, 8.5, 8.11, 8.18, 9000.0, 0.31
2008-04-16, 8.33, 8.64, 8.25, 8.5, 17100.0, 0.33
2008-04-17, 8.31, 8.5, 7.99, 8.15, 25200.0, 0.31
2008-04-18, 8.1, 8.25, 8.08, 8.2, 29900.0, 0.32
2008-04-21, 8.2, 8.2, 8.09, 8.12, 11500.0, 0.31
2008-04-22, 8.05, 8.4, 8.02, 8.09, 5700.0, 0.31
2008-04-23, 8.01, 8.09, 7.69, 7.8, 18300.0, 0.3
2008-04-24, 7.99, 8.23, 7.84, 7.86, 3800.0, 0.3
2008-04-25, 7.8, 7.9, 7.7, 7.7, 8700.0, 0.3
2008-04-28, 7.8, 7.85, 7.63, 7.74, 5300.0, 0.3
2008-04-29, 7.73, 7.9, 7.67, 7.85, 13900.0, 0.3
2008-04-30, 7.83, 7.99, 7.83, 7.99, 3500.0, 0.31
2008-05-01, 7.95, 8.44, 7.95, 8.4, 27100.0, 0.32
2008-05-02, 8.49, 8.6, 8.11, 8.24, 9300.0, 0.32
2008-05-05, 8.5, 8.5, 8.16, 8.25, 9500.0, 0.32
2008-05-06, 8.13, 8.7, 8.13, 8.54, 15300.0, 0.33
2008-05-07, 8.42, 8.69, 8.39, 8.48, 8600.0, 0.33
2008-05-08, 8.66, 8.75, 8.2, 8.2, 8600.0, 0.32
2008-05-09, 8.4, 8.55, 8.4, 8.42, 4600.0, 0.32
2008-05-12, 8.47, 8.55, 8.35, 8.36, 4400.0, 0.32
2008-05-13, 8.2, 8.2, 8.2, 8.2, 400.0, 0.32
2008-05-14, 7.46, 8.49, 7.4, 8.26, 24400.0, 0.32
2008-05-15, 8.17, 8.65, 8.17, 8.4, 14900.0, 0.32
2008-05-16, 8.5, 8.75, 8.29, 8.37, 14300.0, 0.32
2008-05-19, 8.61, 8.61, 8.32, 8.48, 3100.0, 0.33
2008-05-20, 8.55, 8.75, 8.53, 8.53, 8800.0, 0.33
2008-05-21, 8.68, 8.68, 8.43, 8.6, 1500.0, 0.33
2008-05-22, 8.4, 8.45, 8.4, 8.45, 1600.0, 0.32
2008-05-23, 8.45, 8.47, 8.34, 8.36, 7500.0, 0.32
2008-05-27, 8.26, 8.29, 8.2, 8.21, 10400.0, 0.32
2008-05-28, 8.25, 8.31, 8.17, 8.17, 4000.0, 0.31
2008-05-29, 8.08, 8.38, 8.08, 8.3, 5200.0, 0.32
2008-05-30, 8.26, 8.37, 8.19, 8.3, 8500.0, 0.32
2008-06-02, 8.38, 8.38, 8.0, 8.08, 3600.0, 0.31
2008-06-03, 8.11, 8.42, 8.09, 8.1, 5800.0, 0.31
2008-06-04, 8.04, 8.12, 8.04, 8.08, 3400.0, 0.31
2008-06-05, 8.07, 8.08, 7.95, 8.04, 11700.0, 0.31
2008-06-06, 8.14, 8.26, 8.05, 8.1, 12400.0, 0.31
2008-06-09, 8.12, 8.12, 7.9, 7.95, 11900.0, 0.31
2008-06-10, 8.08, 8.08, 7.9, 7.9, 3900.0, 0.3
2008-06-11, 7.94, 8.0, 7.75, 7.8, 14100.0, 0.3
2008-06-12, 7.88, 8.12, 7.87, 8.05, 12500.0, 0.31
2008-06-13, 8.08, 8.08, 7.8, 7.8, 3700.0, 0.3
2008-06-16, 7.74, 7.75, 7.08, 7.08, 25800.0, 0.27
2008-06-17, 7.31, 7.8, 7.28, 7.44, 14800.0, 0.29
2008-06-18, 7.58, 7.7, 7.58, 7.63, 2200.0, 0.29
2008-06-19, 7.85, 7.85, 7.65, 7.66, 4500.0, 0.29
2008-06-20, 7.72, 7.79, 7.3, 7.3, 17100.0, 0.28
2008-06-23, 7.28, 7.4, 7.08, 7.23, 4900.0, 0.28
2008-06-24, 7.4, 7.4, 6.85, 6.97, 12400.0, 0.27
2008-06-25, 6.91, 7.0, 6.79, 6.91, 14500.0, 0.27
2008-06-26, 6.94, 6.94, 6.75, 6.85, 10800.0, 0.26
2008-06-27, 6.76, 7.0, 6.7, 6.71, 8800.0, 0.26
2008-06-30, 6.7, 7.05, 6.5, 7.05, 59500.0, 0.27
2008-07-01, 7.26, 7.5, 7.1, 7.16, 21500.0, 0.28
2008-07-02, 7.1, 7.5, 6.52, 7.1, 14700.0, 0.27
2008-07-03, 7.15, 7.2, 7.09, 7.09, 14000.0, 0.27
2008-07-07, 7.15, 7.27, 6.99, 6.99, 17500.0, 0.27
2008-07-08, 7.44, 7.44, 7.01, 7.22, 19600.0, 0.28
2008-07-09, 7.07, 7.2, 6.8, 6.83, 19300.0, 0.26
2008-07-10, 6.94, 6.96, 6.6, 6.66, 10500.0, 0.26
2008-07-11, 6.72, 6.95, 6.25, 6.55, 37100.0, 0.25
2008-07-14, 6.55, 6.94, 6.5, 6.5, 23700.0, 0.25
2008-07-15, 6.39, 6.5, 5.62, 5.73, 46600.0, 0.22
2008-07-16, 5.6, 5.61, 4.81, 5.42, 91500.0, 0.21
2008-07-17, 5.37, 5.45, 5.2, 5.2, 7100.0, 0.2
2008-07-18, 5.24, 5.24, 4.89, 4.96, 24500.0, 0.19
2008-07-21, 4.91, 5.0, 4.91, 4.91, 9900.0, 0.19
2008-07-22, 4.95, 4.99, 4.66, 4.66, 41700.0, 0.18
2008-07-23, 4.6, 4.78, 4.0, 4.23, 59600.0, 0.16
2008-07-24, 4.35, 4.35, 3.55, 3.75, 45000.0, 0.14
2008-07-25, 3.65, 3.98, 3.65, 3.85, 87300.0, 0.15
2008-07-28, 4.02, 4.4, 3.99, 4.13, 35100.0, 0.16
2008-07-29, 4.3, 4.3, 3.9, 3.94, 24200.0, 0.15
2008-07-30, 3.9, 4.05, 3.87, 4.05, 11600.0, 0.16
2008-07-31, 4.06, 4.1, 3.85, 3.98, 18500.0, 0.15
2008-08-01, 3.95, 4.1, 3.84, 4.1, 13500.0, 0.16
2008-08-04, 4.03, 4.03, 3.8, 3.87, 14000.0, 0.15
2008-08-05, 3.71, 3.88, 3.71, 3.75, 43000.0, 0.14
2008-08-06, 3.75, 4.0, 3.75, 3.86, 39600.0, 0.15
2008-08-07, 3.93, 3.93, 3.79, 3.82, 22900.0, 0.15
2008-08-08, 3.81, 4.02, 3.81, 3.83, 18700.0, 0.15
2008-08-11, 3.77, 3.85, 3.62, 3.71, 21000.0, 0.14
2008-08-12, 3.62, 4.02, 3.62, 4.02, 19800.0, 0.15
2008-08-13, 4.04, 4.3, 3.92, 4.1, 28900.0, 0.16
2008-08-14, 4.0, 4.17, 4.0, 4.05, 10400.0, 0.16
2008-08-15, 4.01, 4.02, 3.76, 3.77, 47500.0, 0.14
2008-08-18, 4.1, 4.24, 3.78, 4.15, 68200.0, 0.16
2008-08-19, 4.51, 4.65, 4.01, 4.12, 40000.0, 0.16
2008-08-20, 4.08, 4.09, 3.9, 3.95, 16300.0, 0.15
2008-08-21, 4.0, 4.1, 3.9, 3.9, 4400.0, 0.15
2008-08-22, 3.85, 4.02, 3.8, 3.98, 4800.0, 0.15
2008-08-25, 4.1, 4.1, 3.75, 3.81, 76200.0, 0.15
2008-08-26, 3.78, 3.81, 3.54, 3.63, 33200.0, 0.14
2008-08-27, 3.68, 3.68, 3.53, 3.6, 16100.0, 0.14
2008-08-28, 3.7, 3.7, 3.19, 3.4, 16800.0, 0.13
2008-08-29, 3.4, 3.58, 3.4, 3.52, 24600.0, 0.14
2008-09-02, 3.44, 3.48, 3.21, 3.21, 25400.0, 0.12
2008-09-03, 3.29, 3.29, 2.94, 2.94, 27000.0, 0.11
2008-09-04, 2.9, 2.9, 2.5, 2.58, 36800.0, 0.1
2008-09-05, 2.39, 2.65, 2.39, 2.56, 11800.0, 0.1
2008-09-08, 2.52, 2.58, 1.88, 1.89, 95600.0, 0.07
2008-09-09, 2.07, 2.07, 1.41, 1.9, 136200.0, 0.07
2008-09-10, 1.94, 1.94, 1.56, 1.59, 53200.0, 0.06
2008-09-11, 1.6, 1.66, 1.44, 1.58, 71900.0, 0.06
2008-09-12, 1.63, 1.84, 1.63, 1.84, 31700.0, 0.07
2008-09-15, 1.99, 1.99, 1.14, 1.48, 59100.0, 0.06
2008-09-16, 1.54, 1.57, 1.45, 1.55, 29600.0, 0.06
2008-09-17, 1.57, 1.79, 1.57, 1.78, 51200.0, 0.07
2008-09-18, 1.84, 2.15, 1.7, 1.95, 119300.0, 0.07
2008-09-19, 2.13, 2.4, 1.95, 2.3, 32400.0, 0.09
2008-09-22, 2.3, 3.79, 2.3, 3.55, 66500.0, 0.14
2008-09-23, 3.64, 3.64, 3.1, 3.13, 59600.0, 0.12
2008-09-24, 3.12, 3.2, 2.99, 3.2, 32200.0, 0.12
2008-09-25, 3.3, 3.3, 2.8, 2.8, 26100.0, 0.11
2008-09-26, 2.79, 3.0, 2.7, 2.76, 41500.0, 0.11
2008-09-29, 3.0, 3.0, 2.63, 2.69, 22900.0, 0.1
2008-09-30, 2.79, 2.93, 2.61, 2.61, 13800.0, 0.1
2008-10-01, 2.6, 2.69, 2.59, 2.69, 13200.0, 0.1
2008-10-02, 2.55, 2.64, 2.48, 2.48, 33800.0, 0.1
2008-10-03, 2.51, 2.55, 2.51, 2.52, 15400.0, 0.1
2008-10-06, 2.6, 2.6, 1.6, 1.75, 87800.0, 0.07
2008-10-07, 1.86, 1.97, 1.3, 1.34, 97300.0, 0.05
2008-10-08, 1.45, 1.59, 1.1, 1.3, 195200.0, 0.05
2008-10-09, 1.43, 1.75, 1.32, 1.45, 105000.0, 0.06
2008-10-10, 1.5, 1.64, 1.17, 1.45, 68000.0, 0.06
2008-10-13, 1.42, 2.5, 1.21, 1.44, 45500.0, 0.06
2008-10-14, 1.51, 1.74, 1.5, 1.69, 33400.0, 0.06
2008-10-15, 1.7, 1.7, 1.43, 1.48, 9400.0, 0.06
2008-10-16, 1.4, 1.6, 1.35, 1.45, 20300.0, 0.06
2008-10-17, 1.44, 1.48, 1.25, 1.3, 15900.0, 0.05
2008-10-20, 1.4, 1.45, 1.29, 1.45, 23700.0, 0.06
2008-10-21, 1.45, 1.45, 1.2, 1.2, 13200.0, 0.05
2008-10-22, 1.2, 1.28, 1.2, 1.28, 6300.0, 0.05
2008-10-23, 1.22, 1.22, 0.91, 1.0, 48300.0, 0.04
2008-10-24, 0.91, 1.05, 0.74, 0.91, 60200.0, 0.03
2008-10-27, 0.89, 1.11, 0.86, 1.03, 70900.0, 0.04
2008-10-28, 1.0, 1.0, 0.9, 0.95, 40200.0, 0.04
2008-10-29, 0.99, 1.09, 0.9, 0.91, 78800.0, 0.03
2008-10-30, 0.96, 1.06, 0.95, 1.01, 43500.0, 0.04
2008-10-31, 0.95, 1.02, 0.92, 0.95, 27100.0, 0.04
2008-11-03, 0.95, 1.06, 0.95, 0.96, 15200.0, 0.04
2008-11-04, 0.96, 1.08, 0.96, 1.08, 14800.0, 0.04
2008-11-05, 1.08, 1.08, 0.97, 0.97, 23600.0, 0.04
2008-11-06, 0.96, 0.97, 0.9, 0.92, 13200.0, 0.04
2008-11-07, 0.88, 0.96, 0.83, 0.9, 19100.0, 0.03
2008-11-10, 0.88, 1.0, 0.75, 0.75, 15400.0, 0.03
2008-11-11, 0.8, 0.8, 0.66, 0.67, 34600.0, 0.03
2008-11-12, 0.69, 1.08, 0.69, 0.79, 42700.0, 0.03
2008-11-13, 0.79, 0.85, 0.72, 0.76, 12500.0, 0.03
2008-11-14, 0.72, 0.93, 0.72, 0.72, 27400.0, 0.03
2008-11-17, 0.72, 0.87, 0.72, 0.77, 483200.0, 0.03
2008-11-18, 0.99, 1.05, 0.78, 0.86, 1118700.0, 0.03
2008-11-19, 0.86, 1.01, 0.79, 0.97, 582300.0, 0.04
2008-11-20, 0.93, 1.05, 0.88, 0.95, 63300.0, 0.04
2008-11-21, 0.9, 1.05, 0.82, 0.84, 65100.0, 0.03
2008-11-24, 0.9, 0.98, 0.86, 0.87, 44600.0, 0.03
2008-11-25, 0.85, 0.85, 0.72, 0.8, 39200.0, 0.03
2008-11-26, 0.76, 0.83, 0.71, 0.79, 25100.0, 0.03
2008-11-28, 0.75, 0.85, 0.71, 0.78, 40600.0, 0.03
2008-12-01, 0.74, 0.82, 0.74, 0.78, 40000.0, 0.03
2008-12-02, 0.8, 0.83, 0.8, 0.8, 50700.0, 0.03
2008-12-03, 0.77, 0.83, 0.65, 0.78, 52900.0, 0.03
2008-12-04, 0.79, 0.81, 0.73, 0.76, 121200.0, 0.03
2008-12-05, 0.75, 0.77, 0.75, 0.77, 9700.0, 0.03
2008-12-08, 0.73, 0.8, 0.73, 0.78, 31500.0, 0.03
2008-12-09, 0.74, 0.79, 0.74, 0.77, 28500.0, 0.03
2008-12-10, 0.78, 0.8, 0.77, 0.78, 42400.0, 0.03
2008-12-11, 0.79, 0.86, 0.79, 0.8, 42900.0, 0.03
2008-12-12, 0.8, 1.1, 0.8, 1.1, 85900.0, 0.04
2008-12-15, 1.23, 1.56, 1.16, 1.28, 114800.0, 0.05
2008-12-16, 1.31, 1.42, 1.15, 1.31, 58000.0, 0.05
2008-12-17, 1.25, 1.25, 0.95, 1.01, 107900.0, 0.04
2008-12-18, 1.1, 1.11, 0.96, 0.98, 78800.0, 0.04
2008-12-19, 0.97, 0.97, 0.81, 0.85, 51900.0, 0.03
2008-12-22, 0.9, 0.92, 0.8, 0.81, 57500.0, 0.03
2008-12-23, 0.81, 0.88, 0.81, 0.84, 37800.0, 0.03
2008-12-24, 0.9, 0.9, 0.84, 0.84, 9800.0, 0.03
2008-12-26, 0.8, 0.9, 0.8, 0.9, 21700.0, 0.03
2008-12-29, 0.97, 0.97, 0.87, 0.92, 53200.0, 0.04
2008-12-30, 0.9, 0.98, 0.88, 0.95, 45800.0, 0.04
2008-12-31, 0.89, 1.05, 0.89, 1.05, 27500.0, 0.04
2009-01-02, 1.15, 1.15, 1.1, 1.15, 20500.0, 0.04
2009-01-05, 1.15, 1.15, 1.05, 1.09, 22300.0, 0.04
2009-01-06, 1.07, 1.2, 1.07, 1.18, 40400.0, 0.05
2009-01-07, 1.17, 1.38, 1.17, 1.28, 72700.0, 0.05
2009-01-08, 1.22, 1.3, 1.2, 1.27, 30200.0, 0.05
2009-01-09, 1.27, 1.27, 1.15, 1.2, 24300.0, 0.05
2009-01-12, 1.2, 1.3, 1.06, 1.21, 97100.0, 0.05
2009-01-13, 1.21, 1.28, 1.13, 1.25, 25400.0, 0.05
2009-01-14, 1.18, 1.29, 1.15, 1.18, 38700.0, 0.05
2009-01-15, 1.1, 1.22, 1.07, 1.1, 35900.0, 0.04
2009-01-16, 1.12, 1.21, 1.07, 1.21, 17400.0, 0.05
2009-01-20, 1.22, 1.22, 1.1, 1.1, 12300.0, 0.04
2009-01-21, 1.15, 1.2, 1.05, 1.05, 24300.0, 0.04
2009-01-22, 1.15, 1.2, 1.07, 1.2, 40500.0, 0.05
2009-01-23, 1.2, 1.23, 1.15, 1.19, 42100.0, 0.05
2009-01-26, 1.29, 1.36, 1.25, 1.35, 77800.0, 0.05
2009-01-27, 1.37, 2.19, 1.36, 2.0, 1134500.0, 0.08
2009-01-28, 2.09, 2.14, 1.63, 1.76, 407600.0, 0.07
2009-01-29, 1.76, 1.8, 1.65, 1.73, 242600.0, 0.07
2009-01-30, 1.82, 1.88, 1.58, 1.65, 176800.0, 0.06
2009-02-02, 1.7, 1.71, 1.53, 1.65, 136900.0, 0.06
2009-02-03, 1.52, 1.6, 1.45, 1.5, 147400.0, 0.06
2009-02-04, 1.53, 1.85, 1.5, 1.77, 350800.0, 0.07
2009-02-05, 1.81, 1.9, 1.7, 1.8, 245100.0, 0.07
2009-02-06, 1.79, 1.82, 1.7, 1.7, 57300.0, 0.07
2009-02-09, 1.74, 1.74, 1.56, 1.6, 92100.0, 0.06
2009-02-10, 1.63, 1.7, 1.52, 1.53, 118700.0, 0.06
2009-02-11, 1.5, 1.52, 1.4, 1.42, 238100.0, 0.05
2009-02-12, 1.42, 1.46, 1.34, 1.35, 73900.0, 0.05
2009-02-13, 1.35, 1.4, 1.28, 1.36, 115600.0, 0.05
2009-02-17, 1.37, 1.55, 1.3, 1.51, 208100.0, 0.06
2009-02-18, 1.55, 1.55, 1.4, 1.52, 119700.0, 0.06
2009-02-19, 1.35, 1.5, 1.35, 1.4, 67000.0, 0.05
2009-02-20, 1.53, 1.53, 1.35, 1.4, 164500.0, 0.05
2009-02-23, 1.31, 1.37, 1.3, 1.32, 135800.0, 0.05
2009-02-24, 1.28, 1.35, 1.21, 1.21, 142600.0, 0.05
2009-02-25, 1.33, 1.33, 1.22, 1.22, 47600.0, 0.05
2009-02-26, 1.22, 1.24, 1.14, 1.2, 96100.0, 0.05
2009-02-27, 1.23, 1.3, 1.2, 1.25, 71900.0, 0.05
2009-03-02, 1.29, 1.29, 1.2, 1.21, 45500.0, 0.05
2009-03-03, 1.21, 1.22, 1.12, 1.15, 96300.0, 0.04
2009-03-04, 1.12, 1.18, 1.1, 1.16, 45100.0, 0.04
2009-03-05, 1.18, 1.29, 1.13, 1.2, 77500.0, 0.05
2009-03-06, 1.2, 1.25, 1.2, 1.24, 31700.0, 0.05
2009-03-09, 1.23, 1.28, 1.11, 1.12, 47900.0, 0.04
2009-03-10, 1.09, 1.11, 0.98, 1.04, 67400.0, 0.04
2009-03-11, 1.0, 1.13, 0.95, 1.09, 70600.0, 0.04
2009-03-12, 1.04, 1.15, 1.04, 1.06, 86400.0, 0.04
2009-03-13, 1.1, 1.15, 1.03, 1.15, 62400.0, 0.04
2009-03-16, 1.19, 1.19, 1.05, 1.1, 24900.0, 0.04
2009-03-17, 1.14, 1.2, 1.11, 1.18, 32000.0, 0.05
2009-03-18, 1.18, 1.4, 1.1, 1.4, 67600.0, 0.05
2009-03-19, 1.53, 1.7, 1.4, 1.66, 271200.0, 0.06
2009-03-20, 1.83, 1.83, 1.62, 1.65, 134300.0, 0.06
2009-03-23, 1.79, 2.28, 1.71, 2.0, 617700.0, 0.08
2009-03-24, 1.88, 2.0, 1.8, 1.88, 151500.0, 0.07
2009-03-25, 1.93, 1.94, 1.7, 1.8, 133900.0, 0.07
2009-03-26, 1.86, 1.89, 1.71, 1.71, 78000.0, 0.07
2009-03-27, 1.65, 1.71, 1.65, 1.66, 45600.0, 0.06
2009-03-30, 1.65, 1.7, 1.52, 1.65, 148700.0, 0.06
2009-03-31, 1.69, 1.7, 1.61, 1.62, 56200.0, 0.06
2009-04-01, 1.67, 1.7, 1.61, 1.66, 47000.0, 0.06
2009-04-02, 1.75, 1.8, 1.65, 1.73, 301700.0, 0.07
2009-04-03, 1.9, 2.06, 1.55, 1.72, 604800.0, 0.07
2009-04-06, 1.75, 1.8, 1.52, 1.62, 187800.0, 0.06
2009-04-07, 1.67, 1.67, 1.42, 1.51, 132600.0, 0.06
2009-04-08, 1.43, 1.7, 1.43, 1.69, 239600.0, 0.06
2009-04-09, 1.86, 2.04, 1.76, 1.9, 555200.0, 0.07
2009-04-13, 1.9, 2.09, 1.9, 2.07, 281100.0, 0.08
2009-04-14, 2.03, 2.19, 1.96, 2.12, 309100.0, 0.08
2009-04-15, 2.18, 2.18, 1.98, 2.05, 160400.0, 0.08
2009-04-16, 2.05, 2.09, 1.7, 1.81, 302800.0, 0.07
2009-04-17, 1.73, 1.75, 1.65, 1.69, 216900.0, 0.06
2009-04-20, 1.63, 1.69, 1.58, 1.6, 108200.0, 0.06
2009-04-21, 1.53, 1.6, 1.31, 1.45, 272400.0, 0.06
2009-04-22, 1.44, 1.49, 1.3, 1.45, 182500.0, 0.06
2009-04-23, 1.6, 1.65, 1.41, 1.65, 122800.0, 0.06
2009-04-24, 1.6, 1.85, 1.55, 1.79, 192200.0, 0.07
2009-04-27, 1.79, 1.79, 1.66, 1.7, 60400.0, 0.07
2009-04-28, 1.67, 1.71, 1.58, 1.61, 44500.0, 0.06
2009-04-29, 1.52, 1.71, 1.41, 1.51, 201400.0, 0.06
2009-04-30, 1.48, 1.51, 1.42, 1.45, 80900.0, 0.06
2009-05-01, 1.5, 1.5, 1.45, 1.48, 54600.0, 0.06
2009-05-04, 1.53, 1.55, 1.45, 1.51, 164600.0, 0.06
2009-05-05, 1.57, 1.57, 1.42, 1.47, 70600.0, 0.06
2009-05-06, 1.5, 1.63, 1.5, 1.58, 158100.0, 0.06
2009-05-07, 1.65, 1.75, 1.59, 1.6, 200800.0, 0.06
2009-05-08, 1.6, 1.7, 1.59, 1.59, 57600.0, 0.06
2009-05-11, 1.6, 1.6, 1.5, 1.55, 51600.0, 0.06
2009-05-12, 1.51, 1.56, 1.5, 1.55, 91800.0, 0.06
2009-05-13, 1.5, 1.6, 1.4, 1.47, 121800.0, 0.06
2009-05-14, 1.38, 1.5, 1.38, 1.45, 64900.0, 0.06
2009-05-15, 1.49, 1.51, 1.41, 1.41, 37100.0, 0.05
2009-05-18, 1.49, 1.49, 1.41, 1.47, 34600.0, 0.06
2009-05-19, 1.46, 1.5, 1.41, 1.41, 154900.0, 0.05
2009-05-20, 1.42, 1.5, 1.4, 1.44, 166100.0, 0.06
2009-05-21, 1.37, 1.45, 1.31, 1.41, 151600.0, 0.05
2009-05-22, 1.49, 1.49, 1.35, 1.37, 87400.0, 0.05
2009-05-26, 1.42, 1.42, 1.34, 1.37, 55000.0, 0.05
2009-05-27, 1.44, 1.44, 1.35, 1.37, 82500.0, 0.05
2009-05-28, 1.41, 1.5, 1.36, 1.42, 215000.0, 0.05
2009-05-29, 1.65, 1.95, 1.52, 1.85, 340600.0, 0.07
2009-06-01, 1.96, 2.2, 1.93, 2.02, 598300.0, 0.08
2009-06-02, 2.17, 2.17, 1.94, 2.09, 257300.0, 0.08
2009-06-03, 2.17, 2.49, 2.02, 2.08, 356000.0, 0.08
2009-06-04, 2.18, 2.46, 2.17, 2.4, 336800.0, 0.09
2009-06-05, 2.17, 2.4, 2.17, 2.4, 139400.0, 0.09
2009-06-08, 2.4, 2.4, 2.05, 2.2, 140900.0, 0.08
2009-06-09, 2.13, 2.4, 2.13, 2.4, 201500.0, 0.09
2009-06-10, 2.46, 2.46, 2.22, 2.31, 144700.0, 0.09
2009-06-11, 2.26, 2.8, 2.21, 2.76, 396200.0, 0.11
2009-06-12, 2.82, 2.88, 2.57, 2.82, 242000.0, 0.11
2009-06-15, 2.83, 2.83, 2.21, 2.5, 174500.0, 0.1
2009-06-16, 2.33, 2.59, 2.25, 2.3, 102800.0, 0.09
2009-06-17, 2.0, 2.14, 1.92, 2.01, 197800.0, 0.08
2009-06-18, 2.05, 2.07, 1.97, 2.03, 186000.0, 0.08
2009-06-19, 2.05, 2.09, 1.98, 2.01, 184200.0, 0.08
2009-06-22, 1.82, 2.0, 1.8, 1.85, 142000.0, 0.07
2009-06-23, 1.85, 1.93, 1.7, 1.8, 282000.0, 0.07
2009-06-24, 1.86, 1.97, 1.8, 1.88, 107600.0, 0.07
2009-06-25, 1.9, 1.98, 1.86, 1.96, 65200.0, 0.08
2009-06-26, 1.99, 1.99, 1.82, 1.85, 81400.0, 0.07
2009-06-29, 1.86, 1.86, 1.8, 1.81, 45900.0, 0.07
2009-06-30, 1.81, 1.89, 1.75, 1.88, 106900.0, 0.07
2009-07-01, 1.85, 1.87, 1.8, 1.84, 59400.0, 0.07
2009-07-02, 1.78, 1.78, 1.7, 1.72, 84300.0, 0.07
2009-07-06, 1.71, 1.74, 1.65, 1.67, 71600.0, 0.06
2009-07-07, 1.66, 1.68, 1.49, 1.5, 190700.0, 0.06
2009-07-08, 1.5, 1.53, 1.4, 1.4, 104700.0, 0.05
2009-07-09, 1.46, 1.47, 1.38, 1.42, 224000.0, 0.05
2009-07-10, 1.46, 1.61, 1.39, 1.5, 72100.0, 0.06
2009-07-13, 1.5, 1.55, 1.43, 1.55, 116700.0, 0.06
2009-07-14, 1.63, 1.78, 1.6, 1.75, 81500.0, 0.07
2009-07-15, 1.81, 1.88, 1.75, 1.82, 119100.0, 0.07
2009-07-16, 1.89, 2.13, 1.88, 2.13, 466400.0, 0.08
2009-07-17, 2.07, 2.2, 1.97, 1.97, 242800.0, 0.08
2009-07-20, 2.09, 2.09, 1.99, 2.08, 147300.0, 0.08
2009-07-21, 2.05, 2.1, 1.95, 2.02, 120300.0, 0.08
2009-07-22, 1.9, 2.06, 1.9, 2.06, 44400.0, 0.08
2009-07-23, 2.0, 2.1, 1.95, 1.98, 66600.0, 0.08
2009-07-24, 1.92, 1.93, 1.84, 1.9, 35800.0, 0.07
2009-07-27, 1.96, 2.14, 1.9, 2.05, 167100.0, 0.08
2009-07-28, 2.07, 2.08, 1.97, 2.04, 70800.0, 0.08
2009-07-29, 2.0, 2.05, 1.89, 1.92, 37800.0, 0.07
2009-07-30, 2.0, 2.07, 1.96, 1.96, 31000.0, 0.08
2009-07-31, 1.97, 2.1, 1.9, 2.05, 119900.0, 0.08
2009-08-03, 2.14, 2.39, 2.11, 2.24, 130400.0, 0.09
2009-08-04, 2.19, 2.21, 2.11, 2.12, 109800.0, 0.08
2009-08-05, 2.18, 2.39, 2.13, 2.34, 101500.0, 0.09
2009-08-06, 2.39, 2.51, 2.3, 2.44, 240400.0, 0.09
2009-08-07, 2.5, 2.5, 2.15, 2.22, 56600.0, 0.09
2009-08-10, 2.04, 2.22, 2.04, 2.19, 103200.0, 0.08
2009-08-11, 2.17, 2.18, 2.04, 2.06, 71600.0, 0.08
2009-08-12, 1.97, 2.12, 1.96, 2.07, 102600.0, 0.08
2009-08-13, 2.08, 2.14, 2.06, 2.06, 44400.0, 0.08
2009-08-14, 2.08, 2.08, 2.0, 2.04, 71900.0, 0.08
2009-08-17, 1.94, 1.96, 1.89, 1.95, 92300.0, 0.07
2009-08-18, 1.92, 2.05, 1.92, 2.05, 77000.0, 0.08
2009-08-19, 2.05, 2.05, 2.03, 2.05, 47100.0, 0.08
2009-08-20, 2.06, 2.08, 2.05, 2.05, 16500.0, 0.08
2009-08-21, 2.1, 2.18, 1.97, 1.99, 41300.0, 0.08
2009-08-24, 1.98, 2.02, 1.96, 2.0, 49200.0, 0.08
2009-08-25, 1.99, 2.06, 1.99, 2.03, 49300.0, 0.08
2009-08-26, 2.08, 2.08, 1.93, 1.94, 94600.0, 0.07
2009-08-27, 1.93, 2.03, 1.91, 2.03, 60600.0, 0.08
2009-08-28, 2.04, 2.07, 1.98, 2.02, 125900.0, 0.08
2009-08-31, 2.02, 2.02, 1.82, 1.91, 96400.0, 0.07
2009-09-01, 1.92, 1.92, 1.8, 1.82, 52700.0, 0.07
2009-09-02, 1.82, 2.0, 1.82, 1.9, 442700.0, 0.07
2009-09-03, 1.95, 2.12, 1.95, 2.08, 894800.0, 0.08
2009-09-04, 2.08, 2.2, 2.02, 2.06, 521600.0, 0.08
2009-09-08, 2.15, 2.2, 2.07, 2.11, 604500.0, 0.08
2009-09-09, 2.11, 2.23, 2.11, 2.2, 472000.0, 0.08
2009-09-10, 2.23, 2.43, 2.2, 2.39, 391100.0, 0.09
2009-09-11, 2.44, 2.62, 2.31, 2.35, 341700.0, 0.09
2009-09-14, 2.36, 2.42, 2.22, 2.3, 87600.0, 0.09
2009-09-15, 2.25, 2.34, 2.24, 2.34, 139500.0, 0.09
2009-09-16, 2.42, 2.47, 2.3, 2.45, 299700.0, 0.09
2009-09-17, 2.45, 2.5, 2.19, 2.25, 272100.0, 0.09
2009-09-18, 2.25, 2.31, 2.14, 2.24, 152300.0, 0.09
2009-09-21, 2.2, 2.31, 2.2, 2.26, 60700.0, 0.09
2009-09-22, 2.29, 2.67, 2.29, 2.55, 220800.0, 0.1
2009-09-23, 2.56, 2.6, 2.33, 2.42, 159500.0, 0.09
2009-09-24, 2.45, 2.5, 2.25, 2.25, 189100.0, 0.09
2009-09-25, 2.22, 2.34, 2.19, 2.25, 184900.0, 0.09
2009-09-28, 2.28, 2.37, 2.28, 2.32, 70900.0, 0.09
2009-09-29, 2.34, 2.44, 2.34, 2.37, 95500.0, 0.09
2009-09-30, 2.46, 2.69, 2.45, 2.68, 241900.0, 0.1
2009-10-01, 2.68, 2.79, 2.48, 2.49, 222400.0, 0.1
2009-10-02, 2.5, 2.56, 2.34, 2.48, 82200.0, 0.1
2009-10-05, 2.5, 2.58, 2.38, 2.55, 112500.0, 0.1
2009-10-06, 2.72, 2.99, 2.68, 2.95, 276000.0, 0.11
2009-10-07, 2.98, 3.08, 2.9, 2.9, 253000.0, 0.11
2009-10-08, 2.95, 3.2, 2.95, 3.09, 213900.0, 0.12
2009-10-09, 3.13, 3.14, 2.91, 3.01, 122800.0, 0.12
2009-10-12, 3.02, 3.08, 3.02, 3.04, 27000.0, 0.12
2009-10-13, 3.03, 3.16, 3.0, 3.01, 40600.0, 0.12
2009-10-14, 2.87, 3.06, 2.75, 2.88, 285300.0, 0.11
2009-10-15, 2.87, 2.87, 2.71, 2.76, 161700.0, 0.11
2009-10-16, 2.61, 2.77, 2.56, 2.67, 195400.0, 0.1
2009-10-19, 2.67, 2.73, 2.63, 2.65, 212200.0, 0.1
2009-10-20, 2.69, 2.69, 2.45, 2.51, 189800.0, 0.1
2009-10-21, 2.46, 2.69, 2.46, 2.6, 195300.0, 0.1
2009-10-22, 2.65, 2.65, 2.36, 2.36, 229300.0, 0.09
2009-10-23, 2.46, 2.58, 2.46, 2.5, 149400.0, 0.1
2009-10-26, 2.45, 2.64, 2.27, 2.29, 189000.0, 0.09
2009-10-27, 2.34, 2.43, 2.29, 2.4, 62800.0, 0.09
2009-10-28, 2.36, 2.39, 2.2, 2.21, 188900.0, 0.08
2009-10-29, 2.17, 2.37, 2.17, 2.29, 142800.0, 0.09
2009-10-30, 2.29, 2.3, 2.03, 2.1, 181800.0, 0.08
2009-11-02, 2.2, 2.25, 2.07, 2.09, 167600.0, 0.08
2009-11-03, 2.11, 2.35, 2.09, 2.33, 190800.0, 0.09
2009-11-04, 2.41, 2.48, 2.27, 2.29, 374200.0, 0.09
2009-11-05, 2.32, 2.32, 2.19, 2.26, 62000.0, 0.09
2009-11-06, 2.26, 2.5, 2.22, 2.22, 296400.0, 0.09
2009-11-09, 2.32, 2.42, 2.32, 2.35, 104200.0, 0.09
2009-11-10, 2.35, 2.37, 2.23, 2.32, 40600.0, 0.09
2009-11-11, 2.32, 2.37, 2.29, 2.31, 108900.0, 0.09
2009-11-12, 2.3, 2.3, 2.17, 2.21, 61700.0, 0.08
2009-11-13, 2.2, 2.35, 2.2, 2.29, 102100.0, 0.09
2009-11-16, 2.37, 2.57, 2.35, 2.39, 279500.0, 0.09
2009-11-17, 2.46, 2.47, 2.31, 2.47, 190600.0, 0.09
2009-11-18, 2.37, 2.57, 2.37, 2.55, 209900.0, 0.1
2009-11-19, 2.48, 2.58, 2.27, 2.45, 272300.0, 0.09
2009-11-20, 2.44, 2.47, 2.38, 2.46, 40000.0, 0.09
2009-11-23, 2.54, 2.64, 2.48, 2.49, 143600.0, 0.1
2009-11-24, 2.51, 2.54, 2.36, 2.43, 112300.0, 0.09
2009-11-25, 2.48, 2.58, 2.47, 2.57, 102600.0, 0.1
2009-11-27, 2.54, 2.54, 2.3, 2.47, 85600.0, 0.09
2009-11-30, 2.47, 2.47, 2.31, 2.38, 193500.0, 0.09
2009-12-01, 2.43, 2.49, 2.36, 2.44, 178600.0, 0.09
2009-12-02, 2.49, 2.55, 2.4, 2.4, 191200.0, 0.09
2009-12-03, 2.4, 2.43, 2.3, 2.33, 131400.0, 0.09
2009-12-04, 2.3, 2.34, 2.22, 2.27, 173000.0, 0.09
2009-12-07, 2.21, 2.3, 2.05, 2.13, 338900.0, 0.08
2009-12-08, 2.13, 2.14, 2.06, 2.09, 86400.0, 0.08
2009-12-09, 2.13, 2.15, 1.99, 2.08, 108900.0, 0.08
2009-12-10, 2.09, 2.12, 2.0, 2.07, 85300.0, 0.08
2009-12-11, 2.09, 2.09, 2.02, 2.04, 79500.0, 0.08
2009-12-14, 2.04, 2.18, 2.02, 2.16, 105600.0, 0.08
2009-12-15, 2.16, 2.18, 2.09, 2.12, 79200.0, 0.08
2009-12-16, 2.13, 2.27, 2.05, 2.08, 104200.0, 0.08
2009-12-17, 1.98, 2.05, 1.95, 1.96, 140500.0, 0.08
2009-12-18, 1.95, 2.02, 1.9, 1.97, 185300.0, 0.08
2009-12-21, 1.96, 2.1, 1.96, 1.97, 166400.0, 0.08
2009-12-22, 2.01, 2.04, 1.94, 1.94, 106400.0, 0.07
2009-12-23, 1.94, 2.07, 1.94, 2.04, 55300.0, 0.08
2009-12-24, 2.05, 2.1, 2.0, 2.05, 211200.0, 0.08
2009-12-28, 2.1, 2.13, 2.08, 2.12, 40000.0, 0.08
2009-12-29, 2.09, 2.09, 2.02, 2.03, 95100.0, 0.08
2009-12-30, 1.98, 2.03, 1.94, 1.95, 360300.0, 0.07
2009-12-31, 1.94, 2.0, 1.94, 1.95, 109800.0, 0.07
2010-01-04, 2.01, 2.13, 2.01, 2.1, 71100.0, 0.08
2010-01-05, 2.2, 2.22, 2.1, 2.22, 176700.0, 0.09
2010-01-06, 2.2, 2.35, 2.2, 2.22, 175800.0, 0.09
2010-01-07, 2.24, 2.24, 1.97, 2.07, 165600.0, 0.08
2010-01-08, 2.17, 2.17, 2.01, 2.13, 187900.0, 0.08
2010-01-11, 2.17, 2.18, 2.02, 2.04, 290600.0, 0.08
2010-01-12, 2.05, 2.05, 1.89, 1.9, 423900.0, 0.07
2010-01-13, 1.93, 2.08, 1.9, 2.03, 213800.0, 0.08
2010-01-14, 2.02, 2.04, 1.99, 2.03, 26900.0, 0.08
2010-01-15, 2.02, 2.02, 1.98, 2.0, 57200.0, 0.08
2010-01-19, 2.0, 2.04, 1.95, 2.01, 76500.0, 0.08
2010-01-20, 1.93, 1.99, 1.91, 1.93, 63400.0, 0.07
2010-01-21, 1.95, 1.95, 1.8, 1.8, 212300.0, 0.07
2010-01-22, 1.85, 1.9, 1.8, 1.85, 137200.0, 0.07
2010-01-25, 1.86, 1.89, 1.83, 1.83, 51500.0, 0.07
2010-01-26, 1.85, 1.88, 1.78, 1.83, 69600.0, 0.07
2010-01-27, 1.83, 1.85, 1.81, 1.82, 20000.0, 0.07
2010-01-28, 1.82, 1.85, 1.8, 1.83, 96700.0, 0.07
2010-01-29, 1.85, 1.86, 1.82, 1.84, 87400.0, 0.07
2010-02-01, 1.82, 1.91, 1.82, 1.91, 36400.0, 0.07
2010-02-02, 1.93, 1.96, 1.85, 1.95, 50500.0, 0.07
2010-02-03, 1.96, 2.0, 1.87, 1.92, 42200.0, 0.07
2010-02-04, 1.92, 1.92, 1.72, 1.77, 153800.0, 0.07
2010-02-05, 1.68, 1.83, 1.62, 1.83, 146500.0, 0.07
2010-02-08, 1.8, 1.85, 1.72, 1.72, 43600.0, 0.07
2010-02-09, 1.76, 1.85, 1.75, 1.79, 153600.0, 0.07
2010-02-10, 1.78, 1.81, 1.76, 1.81, 24900.0, 0.07
2010-02-11, 1.84, 1.9, 1.81, 1.85, 74100.0, 0.07
2010-02-12, 1.85, 1.89, 1.79, 1.87, 63600.0, 0.07
2010-02-16, 1.91, 1.95, 1.9, 1.92, 49900.0, 0.07
2010-02-17, 1.93, 2.03, 1.86, 1.95, 96100.0, 0.07
2010-02-18, 1.97, 1.97, 1.92, 1.94, 10100.0, 0.07
2010-02-19, 1.92, 1.94, 1.88, 1.91, 81800.0, 0.07
2010-02-22, 1.9, 1.93, 1.89, 1.9, 29500.0, 0.07
2010-02-23, 1.9, 1.91, 1.86, 1.87, 220700.0, 0.07
2010-02-24, 1.84, 2.01, 1.82, 1.94, 116500.0, 0.07
2010-02-25, 1.99, 2.1, 1.96, 2.08, 228400.0, 0.08
2010-02-26, 2.07, 2.15, 2.07, 2.11, 109200.0, 0.08
2010-03-01, 2.11, 2.11, 2.05, 2.09, 185900.0, 0.08
2010-03-02, 2.09, 2.14, 2.06, 2.07, 19700.0, 0.08
2010-03-03, 2.05, 2.13, 1.97, 2.02, 41700.0, 0.08
2010-03-04, 1.92, 2.0, 1.88, 2.0, 41200.0, 0.08
2010-03-05, 1.98, 2.0, 1.96, 1.98, 26900.0, 0.08
2010-03-08, 2.0, 2.0, 1.96, 1.98, 49400.0, 0.08
2010-03-09, 2.0, 2.0, 1.93, 1.98, 30600.0, 0.08
2010-03-10, 1.98, 1.98, 1.93, 1.96, 236400.0, 0.08
2010-03-11, 1.96, 1.96, 1.93, 1.94, 36600.0, 0.07
2010-03-12, 1.9, 1.96, 1.9, 1.96, 61000.0, 0.08
2010-03-15, 1.96, 1.96, 1.91, 1.92, 28700.0, 0.07
2010-03-16, 1.94, 2.0, 1.93, 1.99, 48700.0, 0.08
2010-03-17, 2.02, 2.24, 2.01, 2.05, 296000.0, 0.08
2010-03-18, 2.1, 2.13, 1.99, 2.0, 68600.0, 0.08
2010-03-19, 1.97, 1.99, 1.95, 1.97, 60700.0, 0.08
2010-03-22, 1.97, 2.2, 1.97, 2.07, 77400.0, 0.08
2010-03-23, 2.15, 2.17, 2.1, 2.15, 92200.0, 0.08
2010-03-24, 2.1, 2.1, 2.01, 2.04, 46200.0, 0.08
2010-03-25, 2.07, 2.08, 2.02, 2.02, 31600.0, 0.08
2010-03-26, 2.04, 2.05, 2.0, 2.04, 23500.0, 0.08
2010-03-29, 2.04, 2.08, 2.03, 2.05, 20900.0, 0.08
2010-03-30, 2.08, 2.09, 2.02, 2.03, 26200.0, 0.08
2010-03-31, 2.05, 2.15, 2.01, 2.12, 13900.0, 0.08
2010-04-01, 2.12, 2.19, 2.12, 2.15, 40800.0, 0.08
2010-04-05, 2.15, 2.15, 2.1, 2.11, 38700.0, 0.08
2010-04-06, 2.1, 2.1, 2.07, 2.08, 78700.0, 0.08
2010-04-07, 2.06, 2.1, 2.02, 2.06, 83900.0, 0.08
2010-04-08, 2.05, 2.09, 2.05, 2.09, 117400.0, 0.08
2010-04-09, 2.12, 2.26, 2.07, 2.18, 180400.0, 0.08
2010-04-12, 2.25, 2.29, 2.2, 2.29, 135600.0, 0.09
2010-04-13, 2.29, 2.29, 2.15, 2.16, 153600.0, 0.08
2010-04-14, 2.19, 2.24, 2.19, 2.23, 78900.0, 0.09
2010-04-15, 2.23, 2.32, 2.23, 2.32, 150400.0, 0.09
2010-04-16, 2.31, 2.42, 2.31, 2.42, 290700.0, 0.09
2010-04-19, 2.46, 2.46, 2.32, 2.32, 52300.0, 0.09
2010-04-20, 2.3, 2.41, 2.29, 2.3, 90800.0, 0.09
2010-04-21, 2.31, 2.31, 2.25, 2.26, 19600.0, 0.09
2010-04-22, 2.21, 2.24, 2.15, 2.17, 70000.0, 0.08
2010-04-23, 2.15, 2.32, 2.15, 2.27, 41200.0, 0.09
2010-04-26, 2.35, 2.36, 2.28, 2.29, 40500.0, 0.09
2010-04-27, 2.28, 2.29, 2.22, 2.26, 21300.0, 0.09
2010-04-28, 2.24, 2.29, 2.23, 2.23, 16000.0, 0.09
2010-04-29, 2.21, 2.24, 2.17, 2.21, 55000.0, 0.08
2010-04-30, 2.23, 2.3, 2.21, 2.22, 55100.0, 0.09
2010-05-03, 2.21, 2.22, 2.17, 2.17, 68000.0, 0.08
2010-05-04, 2.15, 2.22, 2.12, 2.12, 61100.0, 0.08
2010-05-05, 2.1, 2.18, 1.94, 2.13, 110700.0, 0.08
2010-05-06, 2.13, 2.14, 1.96, 2.03, 128500.0, 0.08
2010-05-07, 2.0, 2.03, 1.98, 1.98, 55100.0, 0.08
2010-05-10, 2.1, 2.13, 2.07, 2.11, 97900.0, 0.08
2010-05-11, 2.12, 2.2, 2.12, 2.15, 80700.0, 0.08
2010-05-12, 2.05, 2.46, 2.02, 2.43, 575300.0, 0.09
2010-05-13, 2.42, 2.55, 2.25, 2.32, 155700.0, 0.09
2010-05-14, 2.28, 2.35, 2.21, 2.26, 52400.0, 0.09
2010-05-17, 2.22, 2.25, 2.0, 2.01, 284200.0, 0.08
2010-05-18, 2.05, 2.1, 1.98, 2.03, 110600.0, 0.08
2010-05-19, 2.06, 2.06, 1.89, 1.97, 92400.0, 0.08
2010-05-20, 1.9, 1.92, 1.75, 1.84, 83200.0, 0.07
2010-05-21, 1.85, 1.9, 1.8, 1.85, 53400.0, 0.07
2010-05-24, 1.84, 1.93, 1.81, 1.81, 25400.0, 0.07
2010-05-25, 1.78, 1.8, 1.71, 1.72, 82800.0, 0.07
2010-05-26, 1.8, 1.84, 1.73, 1.74, 68800.0, 0.07
2010-05-27, 1.74, 1.84, 1.74, 1.82, 30500.0, 0.07
2010-05-28, 1.88, 1.88, 1.82, 1.88, 42600.0, 0.07
2010-06-01, 1.85, 1.98, 1.77, 1.8, 142700.0, 0.07
2010-06-02, 1.85, 1.85, 1.75, 1.78, 37800.0, 0.07
2010-06-03, 1.77, 1.81, 1.75, 1.81, 14700.0, 0.07
2010-06-04, 1.76, 1.79, 1.61, 1.73, 200100.0, 0.07
2010-06-07, 1.7, 1.76, 1.67, 1.67, 98700.0, 0.06
2010-06-08, 1.7, 1.75, 1.66, 1.67, 46800.0, 0.06
2010-06-09, 1.7, 1.7, 1.61, 1.66, 116800.0, 0.06
2010-06-10, 1.68, 1.69, 1.62, 1.66, 30400.0, 0.06
2010-06-11, 1.66, 1.75, 1.64, 1.73, 88000.0, 0.07
2010-06-14, 1.77, 1.93, 1.75, 1.89, 102700.0, 0.07
2010-06-15, 1.89, 1.95, 1.89, 1.93, 43100.0, 0.07
2010-06-16, 1.92, 2.05, 1.92, 2.01, 67200.0, 0.08
2010-06-17, 2.05, 2.13, 2.04, 2.07, 128900.0, 0.08
2010-06-18, 2.07, 2.12, 1.99, 2.1, 99800.0, 0.08
2010-06-21, 2.12, 2.12, 1.96, 1.97, 35100.0, 0.08
2010-06-22, 2.01, 2.01, 1.89, 1.9, 101400.0, 0.07
2010-06-23, 1.87, 1.97, 1.83, 1.95, 62200.0, 0.07
2010-06-24, 1.95, 2.0, 1.87, 1.92, 49100.0, 0.07
2010-06-25, 1.92, 2.04, 1.92, 2.03, 117500.0, 0.08
2010-06-28, 2.04, 2.08, 1.92, 1.99, 145700.0, 0.08
2010-06-29, 1.94, 2.04, 1.89, 2.0, 205400.0, 0.08
2010-06-30, 1.94, 2.0, 1.85, 1.89, 61800.0, 0.07
2010-07-01, 1.92, 1.94, 1.81, 1.92, 150200.0, 0.07
2010-07-02, 1.88, 1.92, 1.86, 1.91, 46300.0, 0.07
2010-07-06, 1.91, 2.01, 1.9, 1.93, 119900.0, 0.07
2010-07-07, 1.9, 2.05, 1.9, 2.0, 42700.0, 0.08
2010-07-08, 2.01, 2.01, 1.92, 1.93, 104700.0, 0.07
2010-07-09, 2.0, 2.05, 1.96, 2.05, 318800.0, 0.08
2010-07-12, 2.04, 2.08, 1.99, 2.0, 53100.0, 0.08
2010-07-13, 2.05, 2.05, 1.98, 1.99, 64500.0, 0.08
2010-07-14, 1.97, 2.03, 1.95, 2.02, 61100.0, 0.08
2010-07-15, 2.0, 2.0, 1.91, 1.98, 38300.0, 0.08
2010-07-16, 1.94, 1.97, 1.89, 1.94, 51200.0, 0.07
2010-07-19, 1.9, 1.93, 1.86, 1.86, 36700.0, 0.07
2010-07-20, 1.85, 1.87, 1.78, 1.86, 77800.0, 0.07
2010-07-21, 1.98, 1.98, 1.8, 1.8, 83700.0, 0.07
2010-07-22, 1.8, 1.84, 1.8, 1.82, 53100.0, 0.07
2010-07-23, 1.83, 1.85, 1.79, 1.82, 62200.0, 0.07
2010-07-26, 1.86, 2.02, 1.84, 1.86, 320500.0, 0.07
2010-07-27, 1.88, 1.9, 1.78, 1.78, 116300.0, 0.07
2010-07-28, 1.83, 1.86, 1.78, 1.78, 40200.0, 0.07
2010-07-29, 1.79, 1.82, 1.7, 1.79, 114400.0, 0.07
2010-07-30, 1.79, 1.81, 1.73, 1.75, 158600.0, 0.07
2010-08-02, 1.78, 1.82, 1.78, 1.8, 31700.0, 0.07
2010-08-03, 1.77, 1.81, 1.75, 1.75, 98400.0, 0.07
2010-08-04, 1.78, 1.8, 1.75, 1.8, 50700.0, 0.07
2010-08-05, 1.8, 1.82, 1.77, 1.8, 106400.0, 0.07
2010-08-06, 1.77, 1.82, 1.76, 1.78, 32800.0, 0.07
2010-08-09, 1.79, 1.81, 1.78, 1.81, 30300.0, 0.07
2010-08-10, 1.81, 1.85, 1.81, 1.84, 92500.0, 0.07
2010-08-11, 1.8, 1.81, 1.76, 1.77, 23600.0, 0.07
2010-08-12, 1.76, 1.78, 1.68, 1.68, 114500.0, 0.06
2010-08-13, 1.7, 1.72, 1.57, 1.7, 108400.0, 0.07
2010-08-16, 1.65, 1.72, 1.61, 1.71, 161200.0, 0.07
2010-08-17, 1.77, 1.78, 1.72, 1.75, 38600.0, 0.07
2010-08-18, 1.73, 1.76, 1.6, 1.6, 260900.0, 0.06
2010-08-19, 1.62, 1.7, 1.55, 1.57, 202400.0, 0.06
2010-08-20, 1.61, 1.67, 1.61, 1.67, 161600.0, 0.06
2010-08-23, 1.67, 1.69, 1.6, 1.6, 29400.0, 0.06
2010-08-24, 1.61, 1.63, 1.58, 1.58, 49700.0, 0.06
2010-08-25, 1.59, 1.66, 1.58, 1.64, 42700.0, 0.06
2010-08-26, 1.64, 1.67, 1.59, 1.67, 80200.0, 0.06
2010-08-27, 1.68, 1.7, 1.64, 1.7, 65300.0, 0.07
2010-08-30, 1.72, 1.78, 1.7, 1.75, 84100.0, 0.07
2010-08-31, 1.77, 1.9, 1.72, 1.87, 152600.0, 0.07
2010-09-01, 1.95, 1.95, 1.81, 1.82, 107400.0, 0.07
2010-09-02, 1.86, 1.86, 1.81, 1.81, 29400.0, 0.07
2010-09-03, 1.85, 1.92, 1.82, 1.86, 114800.0, 0.07
2010-09-07, 1.87, 1.93, 1.82, 1.88, 98000.0, 0.07
2010-09-08, 1.9, 1.97, 1.9, 1.92, 121000.0, 0.07
2010-09-09, 1.91, 1.93, 1.87, 1.89, 78200.0, 0.07
2010-09-10, 1.92, 1.92, 1.86, 1.9, 56000.0, 0.07
2010-09-13, 1.98, 2.02, 1.91, 2.0, 98900.0, 0.08
2010-09-14, 2.0, 2.14, 2.0, 2.08, 197100.0, 0.08
2010-09-15, 2.13, 2.19, 2.07, 2.11, 86600.0, 0.08
2010-09-16, 2.14, 2.14, 2.02, 2.06, 140000.0, 0.08
2010-09-17, 2.06, 2.13, 2.06, 2.09, 38900.0, 0.08
2010-09-20, 2.07, 2.12, 1.98, 2.03, 104500.0, 0.08
2010-09-21, 2.0, 2.01, 1.95, 2.0, 21000.0, 0.08
2010-09-22, 2.03, 2.08, 1.92, 1.94, 98600.0, 0.07
2010-09-23, 1.9, 2.0, 1.88, 1.94, 64800.0, 0.07
2010-09-24, 1.96, 2.0, 1.96, 1.97, 50800.0, 0.08
2010-09-27, 2.0, 2.05, 1.98, 2.02, 71000.0, 0.08
2010-09-28, 2.04, 2.24, 2.04, 2.21, 215300.0, 0.08
2010-09-29, 2.26, 2.43, 2.25, 2.36, 245500.0, 0.09
2010-09-30, 2.49, 2.49, 2.26, 2.26, 371300.0, 0.09
2010-10-01, 2.27, 2.46, 2.27, 2.45, 99200.0, 0.09
2010-10-04, 2.53, 2.62, 2.31, 2.36, 435800.0, 0.09
2010-10-05, 2.42, 2.69, 2.42, 2.6, 140200.0, 0.1
2010-10-06, 2.65, 2.74, 2.49, 2.58, 330500.0, 0.1
2010-10-07, 2.69, 2.69, 2.35, 2.42, 287600.0, 0.09
2010-10-08, 2.47, 2.58, 2.4, 2.58, 111800.0, 0.1
2010-10-11, 2.41, 2.79, 2.06, 2.74, 277900.0, 0.11
2010-10-12, 2.83, 2.9, 2.67, 2.87, 898500.0, 0.11
2010-10-13, 2.93, 3.25, 2.93, 2.99, 729400.0, 0.11
2010-10-14, 3.0, 3.06, 2.8, 2.82, 295300.0, 0.11
2010-10-15, 2.83, 2.91, 2.79, 2.85, 121200.0, 0.11
2010-10-18, 2.84, 2.84, 2.7, 2.75, 178600.0, 0.11
2010-10-19, 2.5, 2.7, 2.36, 2.53, 299300.0, 0.1
2010-10-20, 2.52, 2.74, 2.52, 2.69, 143300.0, 0.1
2010-10-21, 2.77, 2.89, 2.72, 2.86, 265600.0, 0.11
2010-10-22, 2.91, 2.94, 2.88, 2.93, 242600.0, 0.11
2010-10-25, 2.93, 3.0, 2.93, 2.98, 190300.0, 0.11
2010-10-26, 2.88, 2.95, 2.88, 2.93, 115300.0, 0.11
2010-10-27, 2.82, 2.91, 2.79, 2.91, 78300.0, 0.11
2010-10-28, 2.91, 3.09, 2.91, 3.06, 160000.0, 0.12
2010-10-29, 3.0, 3.05, 2.92, 2.95, 127900.0, 0.11
2010-11-01, 2.9, 2.95, 2.82, 2.87, 81300.0, 0.11
2010-11-02, 2.88, 2.94, 2.86, 2.91, 65400.0, 0.11
2010-11-03, 2.96, 2.98, 2.84, 2.87, 135000.0, 0.11
2010-11-04, 3.03, 3.1, 2.94, 3.08, 153700.0, 0.12
2010-11-05, 3.07, 3.21, 3.0, 3.01, 329700.0, 0.12
2010-11-08, 3.09, 3.09, 2.91, 3.07, 137400.0, 0.12
2010-11-09, 3.16, 3.31, 3.07, 3.09, 282600.0, 0.12
2010-11-10, 3.09, 3.17, 2.98, 3.13, 128600.0, 0.12
2010-11-11, 3.24, 3.24, 3.07, 3.16, 128000.0, 0.12
2010-11-12, 3.05, 3.06, 2.89, 3.02, 328100.0, 0.12
2010-11-15, 3.04, 3.05, 2.89, 2.93, 124300.0, 0.11
2010-11-16, 2.86, 2.86, 2.67, 2.69, 321900.0, 0.1
2010-11-17, 2.68, 2.78, 2.68, 2.74, 85900.0, 0.11
2010-11-18, 2.87, 2.87, 2.75, 2.82, 74700.0, 0.11
2010-11-19, 2.8, 2.86, 2.74, 2.83, 69900.0, 0.11
2010-11-22, 2.85, 2.9, 2.81, 2.89, 112900.0, 0.11
2010-11-23, 2.89, 2.89, 2.76, 2.84, 87200.0, 0.11
2010-11-24, 2.86, 3.0, 2.8, 3.0, 53100.0, 0.12
2010-11-26, 2.93, 2.95, 2.87, 2.89, 45500.0, 0.11
2010-11-29, 2.9, 2.97, 2.83, 2.97, 120500.0, 0.11
2010-11-30, 2.96, 3.01, 2.81, 2.9, 178400.0, 0.11
2010-12-01, 2.99, 2.99, 2.75, 2.83, 196700.0, 0.11
2010-12-02, 2.86, 3.07, 2.85, 3.0, 206600.0, 0.12
2010-12-03, 2.99, 3.06, 2.95, 3.04, 130100.0, 0.12
2010-12-06, 3.09, 3.19, 3.0, 3.19, 269600.0, 0.12
2010-12-07, 3.2, 3.26, 3.08, 3.1, 183900.0, 0.12
2010-12-08, 3.15, 3.15, 2.85, 3.05, 605300.0, 0.12
2010-12-09, 3.06, 3.06, 2.91, 3.05, 165500.0, 0.12
2010-12-10, 3.07, 3.22, 3.0, 3.21, 184300.0, 0.12
2010-12-13, 3.57, 3.73, 3.51, 3.71, 571800.0, 0.14
2010-12-14, 3.72, 3.85, 3.66, 3.74, 453000.0, 0.14
2010-12-15, 3.71, 3.75, 3.59, 3.65, 154300.0, 0.14
2010-12-16, 3.64, 3.72, 3.52, 3.68, 136200.0, 0.14
2010-12-17, 3.68, 4.03, 3.36, 3.55, 495800.0, 0.14
2010-12-20, 3.56, 3.59, 3.4, 3.42, 173100.0, 0.13
2010-12-21, 3.47, 3.54, 3.44, 3.48, 64500.0, 0.13
2010-12-22, 3.44, 3.5, 3.25, 3.29, 171500.0, 0.13
2010-12-23, 3.38, 3.49, 3.33, 3.44, 113200.0, 0.13
2010-12-27, 3.49, 3.64, 3.48, 3.6, 169000.0, 0.14
2010-12-28, 3.65, 3.84, 3.61, 3.77, 191900.0, 0.14
2010-12-29, 3.64, 3.94, 3.64, 3.85, 245600.0, 0.15
2010-12-30, 3.88, 3.88, 3.78, 3.85, 158900.0, 0.15
2010-12-31, 3.89, 4.03, 3.83, 4.02, 139800.0, 0.15
2011-01-03, 4.19, 4.21, 4.06, 4.12, 213800.0, 0.16
2011-01-04, 4.22, 4.44, 3.66, 3.77, 863300.0, 0.14
2011-01-05, 3.77, 3.81, 3.59, 3.66, 372500.0, 0.14
2011-01-06, 3.72, 3.77, 3.6, 3.64, 528200.0, 0.14
2011-01-07, 3.6, 3.68, 3.57, 3.63, 297100.0, 0.14
2011-01-10, 3.65, 3.69, 3.52, 3.61, 237700.0, 0.14
2011-01-11, 3.64, 3.87, 3.62, 3.86, 135900.0, 0.15
2011-01-12, 3.92, 3.94, 3.7, 3.86, 561800.0, 0.15
2011-01-13, 3.83, 3.91, 3.66, 3.77, 292300.0, 0.14
2011-01-14, 3.64, 3.66, 3.35, 3.39, 768600.0, 0.13
2011-01-18, 3.41, 3.74, 3.4, 3.42, 562800.0, 0.13
2011-01-19, 3.49, 3.53, 3.24, 3.32, 569500.0, 0.13
2011-01-20, 3.31, 3.46, 3.17, 3.43, 542500.0, 0.13
2011-01-21, 3.45, 3.47, 3.19, 3.25, 372700.0, 0.12
2011-01-24, 3.25, 3.36, 3.24, 3.33, 146200.0, 0.13
2011-01-25, 3.27, 3.3, 3.2, 3.26, 279900.0, 0.13
2011-01-26, 3.27, 3.3, 3.22, 3.26, 143300.0, 0.13
2011-01-27, 3.26, 3.28, 3.16, 3.17, 188700.0, 0.12
2011-01-28, 3.18, 3.32, 3.18, 3.25, 126300.0, 0.12
2011-01-31, 3.22, 3.27, 3.1, 3.11, 97700.0, 0.12
2011-02-01, 3.16, 3.39, 3.13, 3.27, 133600.0, 0.13
2011-02-02, 3.32, 3.39, 3.21, 3.25, 71300.0, 0.12
2011-02-03, 3.3, 3.5, 3.19, 3.43, 220600.0, 0.13
2011-02-04, 3.38, 3.38, 3.28, 3.32, 143500.0, 0.13
2011-02-07, 3.33, 3.36, 3.15, 3.2, 192700.0, 0.12
2011-02-08, 3.26, 3.38, 3.23, 3.28, 199700.0, 0.13
2011-02-09, 3.3, 3.3, 3.08, 3.09, 295500.0, 0.12
2011-02-10, 3.09, 3.09, 2.98, 3.01, 182400.0, 0.12
2011-02-11, 3.02, 3.07, 2.91, 2.93, 248500.0, 0.11
2011-02-14, 3.02, 3.09, 2.99, 3.06, 165300.0, 0.12
2011-02-15, 3.15, 3.22, 3.01, 3.08, 80900.0, 0.12
2011-02-16, 3.09, 3.16, 3.05, 3.12, 88800.0, 0.12
2011-02-17, 3.14, 3.17, 3.07, 3.16, 104700.0, 0.12
2011-02-18, 3.18, 3.36, 3.18, 3.31, 229800.0, 0.13
2011-02-22, 3.34, 3.42, 3.17, 3.22, 133300.0, 0.12
2011-02-23, 3.19, 3.2, 3.03, 3.08, 160000.0, 0.12
2011-02-24, 3.15, 3.35, 3.15, 3.24, 370900.0, 0.12
2011-02-25, 3.24, 3.33, 3.21, 3.28, 274600.0, 0.13
2011-02-28, 3.31, 3.41, 3.31, 3.36, 224400.0, 0.13
2011-03-01, 3.4, 3.59, 3.39, 3.56, 294200.0, 0.14
2011-03-02, 3.56, 3.65, 3.47, 3.48, 161400.0, 0.13
2011-03-03, 3.46, 3.46, 3.35, 3.36, 119100.0, 0.13
2011-03-04, 3.43, 3.62, 3.42, 3.57, 237800.0, 0.14
2011-03-07, 3.64, 3.64, 3.32, 3.4, 220000.0, 0.13
2011-03-08, 3.42, 3.44, 3.23, 3.25, 139900.0, 0.12
2011-03-09, 3.29, 3.3, 3.05, 3.07, 208600.0, 0.12
2011-03-10, 3.15, 3.15, 2.72, 2.8, 688300.0, 0.11
2011-03-11, 2.81, 3.01, 2.77, 3.01, 397600.0, 0.12
2011-03-14, 2.99, 3.06, 2.84, 2.86, 180800.0, 0.11
2011-03-15, 2.77, 2.79, 2.55, 2.78, 409600.0, 0.11
2011-03-16, 2.8, 2.87, 2.62, 2.62, 675500.0, 0.1
2011-03-17, 2.65, 2.72, 2.53, 2.59, 224000.0, 0.1
2011-03-18, 2.69, 2.7, 2.62, 2.66, 330500.0, 0.1
2011-03-21, 2.72, 2.85, 2.72, 2.76, 418800.0, 0.11
2011-03-22, 2.76, 2.77, 2.68, 2.69, 305200.0, 0.1
2011-03-23, 2.71, 2.71, 2.63, 2.68, 553600.0, 0.1
2011-03-24, 2.68, 2.81, 2.68, 2.77, 677600.0, 0.11
2011-03-25, 2.72, 2.74, 2.61, 2.64, 364700.0, 0.1
2011-03-28, 2.6, 2.65, 2.54, 2.54, 310800.0, 0.1
2011-03-29, 2.53, 2.6, 2.51, 2.56, 180500.0, 0.1
2011-03-30, 2.59, 2.59, 2.52, 2.52, 251400.0, 0.1
2011-03-31, 2.52, 2.59, 2.5, 2.5, 229700.0, 0.1
2011-04-01, 2.5, 2.57, 2.47, 2.48, 238500.0, 0.1
2011-04-04, 2.5, 2.74, 2.48, 2.59, 438900.0, 0.1
2011-04-05, 2.56, 2.66, 2.55, 2.63, 313400.0, 0.1
2011-04-06, 2.71, 2.73, 2.62, 2.66, 181300.0, 0.1
2011-04-07, 2.67, 2.7, 2.63, 2.68, 93900.0, 0.1
2011-04-08, 2.71, 2.85, 2.7, 2.7, 255600.0, 0.1
2011-04-11, 2.74, 2.78, 2.65, 2.66, 203200.0, 0.1
2011-04-12, 2.62, 2.63, 2.5, 2.5, 133800.0, 0.1
2011-04-13, 2.5, 2.55, 2.45, 2.45, 146600.0, 0.09
2011-04-14, 2.54, 2.96, 2.47, 2.89, 693200.0, 0.11
2011-04-15, 2.89, 2.93, 2.75, 2.83, 398600.0, 0.11
2011-04-18, 2.74, 3.04, 2.74, 3.04, 324800.0, 0.12
2011-04-19, 3.08, 3.45, 3.02, 3.45, 1011900.0, 0.13
2011-04-20, 3.45, 3.62, 3.24, 3.39, 533700.0, 0.13
2011-04-21, 3.66, 3.74, 3.44, 3.73, 677700.0, 0.14
2011-04-25, 3.71, 3.73, 3.51, 3.61, 490700.0, 0.14
2011-04-26, 3.62, 3.62, 3.39, 3.4, 265600.0, 0.13
2011-04-27, 3.42, 3.5, 3.36, 3.42, 280300.0, 0.13
2011-04-28, 3.41, 3.61, 3.4, 3.56, 312700.0, 0.14
2011-04-29, 3.58, 3.63, 3.52, 3.6, 182000.0, 0.14
2011-05-02, 3.53, 3.75, 3.53, 3.64, 303600.0, 0.14
2011-05-03, 3.69, 3.69, 3.57, 3.64, 348600.0, 0.14
2011-05-04, 3.63, 3.64, 3.4, 3.5, 246000.0, 0.13
2011-05-05, 3.43, 3.53, 3.37, 3.47, 342300.0, 0.13
2011-05-06, 3.49, 3.53, 3.43, 3.44, 151600.0, 0.13
2011-05-09, 3.47, 3.72, 3.44, 3.7, 303200.0, 0.14
2011-05-10, 3.75, 3.96, 3.69, 3.79, 669700.0, 0.15
2011-05-11, 3.76, 3.79, 3.45, 3.53, 369600.0, 0.14
2011-05-12, 3.44, 3.54, 3.32, 3.44, 220000.0, 0.13
2011-05-13, 3.42, 3.46, 3.3, 3.32, 114800.0, 0.13
2011-05-16, 3.26, 3.3, 3.09, 3.14, 278000.0, 0.12
2011-05-17, 3.12, 3.2, 3.06, 3.17, 252700.0, 0.12
2011-05-18, 3.15, 3.29, 3.15, 3.21, 250900.0, 0.12
2011-05-19, 3.23, 3.26, 3.07, 3.13, 116300.0, 0.12
2011-05-20, 3.1, 3.32, 3.02, 3.28, 203700.0, 0.13
2011-05-23, 3.26, 3.31, 3.19, 3.28, 68800.0, 0.13
2011-05-24, 3.49, 3.49, 3.21, 3.39, 154000.0, 0.13
2011-05-25, 3.39, 3.45, 3.33, 3.36, 169600.0, 0.13
2011-05-26, 3.33, 3.35, 3.2, 3.32, 164900.0, 0.13
2011-05-27, 3.35, 3.37, 3.27, 3.35, 197300.0, 0.13
2011-05-31, 3.43, 3.81, 3.43, 3.79, 1163700.0, 0.15
2011-06-01, 3.71, 3.83, 3.63, 3.7, 274800.0, 0.14
2011-06-02, 3.62, 3.68, 3.39, 3.51, 134900.0, 0.13
2011-06-03, 3.47, 3.51, 3.4, 3.42, 153600.0, 0.13
2011-06-06, 3.4, 3.5, 3.3, 3.31, 140800.0, 0.13
2011-06-07, 3.4, 3.41, 3.28, 3.29, 99700.0, 0.13
2011-06-08, 3.29, 3.36, 3.26, 3.28, 192900.0, 0.13
2011-06-09, 3.28, 3.42, 3.28, 3.31, 116100.0, 0.13
2011-06-10, 3.36, 3.42, 3.3, 3.37, 154600.0, 0.13
2011-06-13, 3.33, 3.6, 3.33, 3.44, 215300.0, 0.13
2011-06-14, 3.49, 3.51, 3.33, 3.37, 265400.0, 0.13
2011-06-15, 3.33, 3.39, 3.2, 3.26, 183600.0, 0.13
2011-06-16, 3.25, 3.35, 3.1, 3.13, 207600.0, 0.12
2011-06-17, 3.21, 3.25, 3.07, 3.13, 171200.0, 0.12
2011-06-20, 3.14, 3.22, 3.11, 3.16, 139800.0, 0.12
2011-06-21, 3.21, 3.43, 3.2, 3.38, 133600.0, 0.13
2011-06-22, 3.41, 3.63, 3.41, 3.6, 196000.0, 0.14
2011-06-23, 3.47, 3.58, 3.29, 3.53, 226300.0, 0.14
2011-06-24, 3.54, 3.54, 3.41, 3.48, 97500.0, 0.13
2011-06-27, 3.42, 3.47, 3.38, 3.4, 70500.0, 0.13
2011-06-28, 3.43, 3.44, 3.27, 3.38, 131600.0, 0.13
2011-06-29, 3.41, 3.83, 3.41, 3.83, 374500.0, 0.15
2011-06-30, 3.78, 3.81, 3.52, 3.81, 328700.0, 0.15
2011-07-01, 3.8, 3.82, 3.65, 3.78, 57000.0, 0.15
2011-07-05, 3.76, 4.1, 3.76, 4.02, 306600.0, 0.15
2011-07-06, 4.11, 4.18, 3.91, 4.07, 268400.0, 0.16
2011-07-07, 4.07, 4.12, 3.92, 3.97, 177400.0, 0.15
2011-07-08, 3.96, 3.99, 3.79, 3.83, 127000.0, 0.15
2011-07-11, 3.85, 3.91, 3.69, 3.8, 89300.0, 0.15
2011-07-12, 3.76, 4.0, 3.72, 3.98, 169600.0, 0.15
2011-07-13, 4.02, 4.26, 3.99, 4.1, 274900.0, 0.16
2011-07-14, 4.18, 4.2, 3.92, 3.94, 171300.0, 0.15
2011-07-15, 4.04, 4.04, 3.88, 3.97, 90500.0, 0.15
2011-07-18, 3.98, 4.12, 3.96, 4.1, 314900.0, 0.16
2011-07-19, 4.1, 4.18, 4.0, 4.13, 172600.0, 0.16
2011-07-20, 4.1, 5.02, 4.07, 4.86, 762600.0, 0.19
2011-07-21, 4.94, 4.97, 4.51, 4.63, 543400.0, 0.18
2011-07-22, 4.64, 4.8, 4.55, 4.64, 279300.0, 0.18
2011-07-25, 4.69, 4.72, 4.42, 4.48, 512700.0, 0.17
2011-07-26, 4.54, 4.59, 4.45, 4.45, 242400.0, 0.17
2011-07-27, 4.5, 4.5, 4.27, 4.32, 298300.0, 0.17
2011-07-28, 4.27, 4.4, 4.24, 4.36, 220100.0, 0.17
2011-07-29, 4.36, 4.44, 4.27, 4.36, 130900.0, 0.17
2011-08-01, 4.36, 4.62, 4.35, 4.41, 69800.0, 0.17
2011-08-02, 4.41, 4.78, 4.31, 4.62, 324000.0, 0.18
2011-08-03, 4.56, 4.72, 4.5, 4.58, 298600.0, 0.18
2011-08-04, 4.64, 4.65, 4.0, 4.07, 481600.0, 0.16
2011-08-05, 4.02, 4.02, 3.3, 3.83, 746300.0, 0.15
2011-08-08, 3.77, 3.94, 3.66, 3.82, 302600.0, 0.15
2011-08-09, 3.71, 4.13, 3.71, 4.06, 272000.0, 0.16
2011-08-10, 4.07, 4.28, 3.9, 4.17, 391900.0, 0.16
2011-08-11, 4.23, 4.29, 4.1, 4.21, 388100.0, 0.16
2011-08-12, 4.2, 4.33, 4.04, 4.25, 201200.0, 0.16
2011-08-15, 4.28, 4.31, 4.19, 4.28, 345000.0, 0.16
2011-08-16, 4.29, 4.29, 4.16, 4.2, 264300.0, 0.16
2011-08-17, 4.23, 4.27, 4.12, 4.2, 141400.0, 0.16
2011-08-18, 4.1, 4.18, 3.84, 3.93, 277000.0, 0.15
2011-08-19, 4.0, 4.11, 3.87, 3.98, 297900.0, 0.15
2011-08-22, 4.06, 4.25, 4.05, 4.19, 243000.0, 0.16
2011-08-23, 4.17, 4.26, 4.09, 4.26, 233200.0, 0.16
2011-08-24, 4.24, 4.24, 4.03, 4.2, 160800.0, 0.16
2011-08-25, 4.2, 4.56, 4.15, 4.52, 693100.0, 0.17
2011-08-26, 4.5, 4.8, 4.41, 4.78, 345400.0, 0.18
2011-08-29, 4.78, 5.04, 4.65, 4.92, 456500.0, 0.19
2011-08-30, 4.9, 4.97, 4.8, 4.95, 332900.0, 0.19
2011-08-31, 4.95, 4.95, 4.69, 4.76, 304500.0, 0.18
2011-09-01, 4.77, 4.8, 4.66, 4.73, 208300.0, 0.18
2011-09-02, 4.8, 4.88, 4.69, 4.7, 324000.0, 0.18
2011-09-06, 4.72, 4.94, 4.56, 4.67, 339900.0, 0.18
2011-09-07, 4.64, 5.04, 4.34, 5.04, 494500.0, 0.19
2011-09-08, 5.15, 5.24, 4.95, 5.2, 410100.0, 0.2
2011-09-09, 5.15, 5.27, 4.8, 5.05, 843700.0, 0.19
2011-09-12, 5.0, 5.02, 4.6, 4.74, 440300.0, 0.18
2011-09-13, 4.78, 4.79, 4.58, 4.74, 260800.0, 0.18
2011-09-14, 4.73, 5.04, 4.6, 4.83, 265700.0, 0.19
2011-09-15, 4.79, 4.87, 4.6, 4.83, 342000.0, 0.19
2011-09-16, 4.84, 5.09, 4.77, 4.92, 394300.0, 0.19
2011-09-19, 4.86, 4.9, 4.57, 4.84, 329100.0, 0.19
2011-09-20, 4.84, 5.12, 4.82, 4.98, 352300.0, 0.19
2011-09-21, 4.95, 5.06, 4.83, 4.85, 206000.0, 0.19
2011-09-22, 4.45, 4.6, 4.08, 4.29, 846600.0, 0.16
2011-09-23, 4.06, 4.1, 3.61, 3.85, 619300.0, 0.15
2011-09-26, 3.84, 4.01, 3.76, 4.0, 460800.0, 0.15
2011-09-27, 4.06, 4.38, 4.06, 4.2, 423400.0, 0.16
2011-09-28, 4.24, 4.26, 3.74, 3.8, 492500.0, 0.15
2011-09-29, 3.94, 4.02, 3.78, 3.82, 314600.0, 0.15
2011-09-30, 3.78, 4.02, 3.69, 3.94, 255400.0, 0.15
2011-10-03, 3.99, 4.05, 3.71, 3.71, 202300.0, 0.14
2011-10-04, 3.6, 3.65, 3.18, 3.49, 578800.0, 0.13
2011-10-05, 3.52, 3.81, 3.48, 3.77, 225700.0, 0.14
2011-10-06, 3.84, 4.09, 3.84, 3.98, 337300.0, 0.15
2011-10-07, 4.01, 4.26, 3.86, 4.01, 301500.0, 0.15
2011-10-10, 4.1, 4.24, 4.09, 4.21, 215800.0, 0.16
2011-10-11, 4.15, 4.5, 4.12, 4.4, 246400.0, 0.17
2011-10-12, 4.54, 4.61, 4.24, 4.27, 186000.0, 0.16
2011-10-13, 4.25, 4.28, 4.04, 4.28, 150300.0, 0.16
2011-10-14, 4.32, 4.35, 4.15, 4.23, 175000.0, 0.16
2011-10-17, 4.24, 4.24, 4.09, 4.13, 152700.0, 0.16
2011-10-18, 4.07, 4.45, 3.98, 4.37, 322000.0, 0.17
2011-10-19, 4.37, 4.38, 3.94, 3.99, 258400.0, 0.15
2011-10-20, 3.96, 4.06, 3.85, 3.95, 200500.0, 0.15
2011-10-21, 4.06, 4.15, 3.85, 3.87, 170500.0, 0.15
2011-10-24, 3.97, 4.17, 3.92, 4.16, 208200.0, 0.16
2011-10-25, 4.18, 4.38, 3.99, 4.32, 421200.0, 0.17
2011-10-26, 4.39, 4.41, 4.2, 4.34, 410600.0, 0.17
2011-10-27, 4.48, 4.48, 4.36, 4.4, 299300.0, 0.17
2011-10-28, 4.36, 4.61, 4.33, 4.54, 510500.0, 0.17
2011-10-31, 4.5, 4.5, 4.22, 4.32, 236900.0, 0.17
2011-11-01, 4.23, 4.23, 4.0, 4.15, 350000.0, 0.16
2011-11-02, 4.28, 4.29, 4.03, 4.13, 189400.0, 0.16
2011-11-03, 4.19, 4.46, 4.05, 4.38, 379800.0, 0.17
2011-11-04, 4.3, 4.31, 4.15, 4.22, 143000.0, 0.16
2011-11-07, 4.28, 4.38, 4.22, 4.37, 221000.0, 0.17
2011-11-08, 4.36, 4.41, 4.17, 4.21, 197500.0, 0.16
2011-11-09, 4.16, 4.31, 4.05, 4.07, 187400.0, 0.16
2011-11-10, 4.16, 4.23, 4.02, 4.19, 199100.0, 0.16
2011-11-11, 4.23, 4.31, 4.19, 4.27, 80700.0, 0.16
2011-11-14, 4.27, 4.31, 4.18, 4.23, 82100.0, 0.16
2011-11-15, 4.26, 4.29, 4.17, 4.22, 117000.0, 0.16
2011-11-16, 4.21, 4.29, 4.14, 4.16, 129300.0, 0.16
2011-11-17, 4.13, 4.16, 3.81, 3.92, 351500.0, 0.15
2011-11-18, 3.97, 3.97, 3.74, 3.89, 299100.0, 0.15
2011-11-21, 3.78, 3.8, 3.47, 3.61, 315500.0, 0.14
2011-11-22, 3.66, 3.73, 3.46, 3.61, 229000.0, 0.14
2011-11-23, 3.54, 3.56, 3.38, 3.48, 320900.0, 0.13
2011-11-25, 3.41, 3.47, 3.3, 3.34, 179900.0, 0.13
2011-11-28, 3.48, 3.54, 3.35, 3.38, 237300.0, 0.13
2011-11-29, 3.41, 3.6, 3.37, 3.56, 227800.0, 0.14
2011-11-30, 3.74, 3.96, 3.68, 3.88, 414300.0, 0.15
2011-12-01, 3.73, 3.94, 3.7, 3.88, 190200.0, 0.15
2011-12-02, 3.94, 3.97, 3.78, 3.88, 280800.0, 0.15
2011-12-05, 3.87, 3.95, 3.71, 3.76, 182100.0, 0.14
2011-12-06, 3.78, 3.87, 3.62, 3.8, 166900.0, 0.15
2011-12-07, 3.85, 3.91, 3.79, 3.82, 270300.0, 0.15
2011-12-08, 3.75, 3.85, 3.66, 3.69, 183100.0, 0.14
2011-12-09, 3.71, 3.78, 3.62, 3.74, 184000.0, 0.14
2011-12-12, 3.6, 3.67, 3.5, 3.57, 210800.0, 0.14
2011-12-13, 3.55, 3.64, 3.2, 3.25, 421800.0, 0.12
2011-12-14, 3.16, 3.16, 2.81, 2.88, 703600.0, 0.11
2011-12-15, 2.94, 3.19, 2.85, 3.01, 477700.0, 0.12
2011-12-16, 3.1, 3.27, 3.01, 3.27, 482400.0, 0.13
2011-12-19, 3.2, 3.29, 3.13, 3.16, 156500.0, 0.12
2011-12-20, 3.25, 3.38, 3.21, 3.23, 174300.0, 0.12
2011-12-21, 3.27, 3.5, 3.19, 3.48, 206800.0, 0.13
2011-12-22, 3.51, 3.56, 3.49, 3.56, 123800.0, 0.14
2011-12-23, 3.63, 3.69, 3.61, 3.67, 155500.0, 0.14
2011-12-27, 3.72, 3.72, 3.59, 3.65, 172300.0, 0.14
2011-12-28, 3.69, 3.69, 3.4, 3.42, 386000.0, 0.13
2011-12-29, 3.41, 3.68, 3.3, 3.68, 452500.0, 0.14
2011-12-30, 3.7, 3.91, 3.6, 3.7, 229800.0, 0.14
2012-01-03, 3.83, 4.16, 3.8, 4.12, 366600.0, 0.16
2012-01-04, 4.11, 4.23, 4.04, 4.23, 250400.0, 0.16
2012-01-05, 4.22, 4.22, 4.02, 4.18, 225100.0, 0.16
2012-01-06, 4.15, 4.22, 4.05, 4.17, 234500.0, 0.16
2012-01-09, 4.2, 4.2, 4.09, 4.15, 144400.0, 0.16
2012-01-10, 4.29, 4.31, 4.18, 4.2, 238200.0, 0.16
2012-01-11, 4.21, 4.45, 4.07, 4.35, 820600.0, 0.17
2012-01-12, 4.39, 4.5, 4.38, 4.42, 340900.0, 0.17
2012-01-13, 4.33, 4.4, 4.19, 4.3, 239400.0, 0.17
2012-01-17, 4.47, 4.7, 4.44, 4.53, 528200.0, 0.17
2012-01-18, 4.51, 4.65, 4.45, 4.63, 182000.0, 0.18
2012-01-19, 4.66, 4.69, 4.38, 4.48, 173000.0, 0.17
2012-01-20, 4.45, 4.45, 4.27, 4.45, 260000.0, 0.17
2012-01-23, 4.49, 4.51, 4.37, 4.44, 188600.0, 0.17
2012-01-24, 4.34, 4.6, 4.3, 4.55, 290200.0, 0.17
2012-01-25, 4.52, 4.76, 4.47, 4.75, 307400.0, 0.18
2012-01-26, 4.76, 4.92, 4.73, 4.85, 341300.0, 0.19
2012-01-27, 4.79, 4.93, 4.75, 4.92, 493300.0, 0.19
2012-01-30, 4.91, 5.03, 4.8, 4.98, 268500.0, 0.19
2012-01-31, 5.04, 5.07, 4.84, 4.87, 250200.0, 0.19
2012-02-01, 4.96, 4.96, 4.83, 4.93, 310200.0, 0.19
2012-02-02, 4.94, 5.1, 4.9, 5.09, 247100.0, 0.2
2012-02-03, 5.09, 5.09, 4.99, 5.05, 171700.0, 0.19
2012-02-06, 5.01, 5.03, 4.88, 4.92, 331300.0, 0.19
2012-02-07, 4.89, 4.93, 4.68, 4.83, 367200.0, 0.19
2012-02-08, 4.81, 4.92, 4.74, 4.75, 294700.0, 0.18
2012-02-09, 4.82, 4.95, 4.81, 4.83, 162300.0, 0.19
2012-02-10, 4.73, 4.81, 4.63, 4.69, 470000.0, 0.18
2012-02-13, 4.76, 4.85, 4.52, 4.59, 211600.0, 0.18
2012-02-14, 4.52, 4.6, 4.45, 4.56, 289200.0, 0.18
2012-02-15, 4.62, 4.79, 4.55, 4.62, 219300.0, 0.18
2012-02-16, 4.56, 4.77, 4.45, 4.72, 238200.0, 0.18
2012-02-17, 4.77, 4.77, 4.54, 4.71, 235500.0, 0.18
2012-02-21, 4.81, 5.03, 4.67, 5.02, 515800.0, 0.19
2012-02-22, 5.0, 5.56, 4.98, 5.46, 720400.0, 0.21
2012-02-23, 5.47, 5.58, 5.26, 5.33, 527600.0, 0.2
2012-02-24, 5.32, 5.76, 5.31, 5.65, 523000.0, 0.22
2012-02-27, 6.05, 6.05, 5.54, 5.65, 344600.0, 0.22
2012-02-28, 5.68, 5.74, 5.58, 5.58, 261700.0, 0.21
2012-02-29, 5.67, 5.74, 5.33, 5.4, 516200.0, 0.21
2012-03-01, 5.41, 5.52, 5.24, 5.35, 301100.0, 0.21
2012-03-02, 5.38, 5.54, 5.24, 5.45, 249300.0, 0.21
2012-03-05, 5.4, 5.47, 5.1, 5.19, 404700.0, 0.2
2012-03-06, 5.03, 5.03, 4.7, 4.83, 419500.0, 0.19
2012-03-07, 4.82, 5.18, 4.82, 5.14, 306200.0, 0.2
2012-03-08, 5.22, 5.35, 5.13, 5.29, 162800.0, 0.2
2012-03-09, 5.25, 5.51, 5.19, 5.45, 191700.0, 0.21
2012-03-12, 5.44, 5.47, 5.28, 5.38, 166300.0, 0.21
2012-03-13, 5.36, 5.54, 5.28, 5.36, 185900.0, 0.21
2012-03-14, 5.26, 5.28, 4.85, 5.0, 464900.0, 0.19
2012-03-15, 4.98, 5.17, 4.75, 5.04, 312300.0, 0.19
2012-03-16, 5.03, 5.1, 4.97, 5.01, 243300.0, 0.19
2012-03-19, 5.05, 5.15, 5.0, 5.02, 198900.0, 0.19
2012-03-20, 4.98, 4.98, 4.77, 4.8, 368900.0, 0.18
2012-03-21, 4.76, 5.07, 4.72, 4.88, 466200.0, 0.19
2012-03-22, 4.8, 4.9, 4.51, 4.55, 366900.0, 0.17
2012-03-23, 4.57, 4.82, 4.57, 4.72, 338500.0, 0.18
2012-03-26, 4.78, 4.91, 4.72, 4.9, 316200.0, 0.19
2012-03-27, 4.9, 4.9, 4.61, 4.68, 283300.0, 0.18
2012-03-28, 4.67, 4.68, 4.45, 4.59, 288000.0, 0.18
2012-03-29, 4.51, 4.57, 4.35, 4.48, 446700.0, 0.17
2012-03-30, 4.53, 4.68, 4.44, 4.62, 221500.0, 0.18
2012-04-02, 4.61, 4.72, 4.53, 4.68, 339200.0, 0.18
2012-04-03, 4.65, 4.66, 4.4, 4.47, 176300.0, 0.17
2012-04-04, 4.34, 4.34, 4.07, 4.21, 378300.0, 0.16
2012-04-05, 4.25, 4.33, 4.14, 4.23, 160000.0, 0.16
2012-04-09, 4.26, 4.4, 4.07, 4.08, 263400.0, 0.16
2012-04-10, 4.1, 4.26, 3.98, 4.25, 345400.0, 0.16
2012-04-11, 4.22, 4.36, 4.19, 4.2, 235700.0, 0.16
2012-04-12, 4.18, 4.42, 4.18, 4.33, 381100.0, 0.17
2012-04-13, 4.31, 4.31, 4.08, 4.18, 303100.0, 0.16
2012-04-16, 4.16, 4.22, 3.91, 3.94, 354900.0, 0.15
2012-04-17, 4.0, 4.12, 3.95, 4.04, 188200.0, 0.16
2012-04-18, 3.99, 4.09, 3.95, 4.02, 233600.0, 0.15
2012-04-19, 4.06, 4.23, 4.01, 4.05, 180700.0, 0.16
2012-04-20, 4.05, 4.14, 3.97, 3.97, 133900.0, 0.15
2012-04-23, 3.91, 3.91, 3.8, 3.87, 151900.0, 0.15
2012-04-24, 3.9, 3.95, 3.8, 3.83, 190200.0, 0.15
2012-04-25, 3.89, 4.17, 3.87, 4.15, 193800.0, 0.16
2012-04-26, 4.17, 4.27, 4.1, 4.13, 283700.0, 0.16
2012-04-27, 4.18, 4.3, 4.17, 4.3, 318400.0, 0.17
2012-04-30, 4.21, 4.3, 4.15, 4.27, 129800.0, 0.16
2012-05-01, 4.31, 4.52, 4.21, 4.23, 245000.0, 0.16
2012-05-02, 4.18, 4.23, 4.05, 4.18, 232900.0, 0.16
2012-05-03, 4.14, 4.14, 3.98, 4.09, 298000.0, 0.16
2012-05-04, 4.05, 4.14, 3.98, 4.11, 275800.0, 0.16
2012-05-07, 4.04, 4.12, 3.87, 3.89, 179300.0, 0.15
2012-05-08, 3.85, 3.86, 3.68, 3.74, 468100.0, 0.14
2012-05-09, 3.63, 4.08, 3.59, 3.8, 237600.0, 0.15
2012-05-10, 3.89, 4.02, 3.89, 3.96, 204300.0, 0.15
2012-05-11, 3.9, 3.99, 3.77, 3.8, 162000.0, 0.15
2012-05-14, 3.75, 3.83, 3.66, 3.7, 168200.0, 0.14
2012-05-15, 3.69, 3.76, 3.47, 3.47, 226200.0, 0.13
2012-05-16, 3.47, 3.64, 3.37, 3.43, 264900.0, 0.13
2012-05-17, 3.48, 3.9, 3.48, 3.75, 321600.0, 0.14
2012-05-18, 3.84, 4.04, 3.78, 3.9, 250900.0, 0.15
2012-05-21, 3.91, 4.02, 3.89, 3.99, 93100.0, 0.15
2012-05-22, 3.99, 4.1, 3.84, 3.9, 289300.0, 0.15
2012-05-23, 3.85, 4.08, 3.71, 4.07, 206700.0, 0.16
2012-05-24, 4.16, 4.28, 4.07, 4.21, 238100.0, 0.16
2012-05-25, 4.23, 4.42, 4.16, 4.37, 261000.0, 0.17
2012-05-29, 4.4, 4.73, 4.37, 4.45, 376100.0, 0.17
2012-05-30, 4.33, 4.34, 4.1, 4.14, 362700.0, 0.16
2012-05-31, 4.16, 4.25, 3.97, 4.17, 306300.0, 0.16
2012-06-01, 4.22, 4.45, 4.22, 4.27, 244100.0, 0.16
2012-06-04, 4.31, 4.34, 4.17, 4.23, 216900.0, 0.16
2012-06-05, 4.21, 4.51, 4.2, 4.48, 284000.0, 0.17
2012-06-06, 4.41, 4.59, 4.31, 4.5, 311800.0, 0.17
2012-06-07, 4.54, 4.54, 4.24, 4.42, 177300.0, 0.17
2012-06-08, 4.31, 4.48, 4.25, 4.4, 106300.0, 0.17
2012-06-11, 4.32, 4.45, 4.29, 4.39, 133600.0, 0.17
2012-06-12, 4.45, 4.62, 4.4, 4.52, 401300.0, 0.17
2012-06-13, 4.54, 4.64, 4.33, 4.34, 218200.0, 0.17
2012-06-14, 4.37, 4.38, 4.03, 4.22, 328300.0, 0.16
2012-06-15, 4.21, 4.22, 3.98, 3.98, 340400.0, 0.15
2012-06-18, 4.0, 4.32, 3.97, 4.26, 220700.0, 0.16
2012-06-19, 4.27, 4.34, 4.2, 4.24, 143000.0, 0.16
2012-06-20, 4.17, 4.4, 4.12, 4.29, 246100.0, 0.16
2012-06-21, 4.17, 4.2, 3.84, 3.9, 355900.0, 0.15
2012-06-22, 3.9, 3.96, 3.66, 3.72, 392200.0, 0.14
2012-06-25, 3.73, 3.78, 3.56, 3.71, 163100.0, 0.14
2012-06-26, 3.7, 3.76, 3.61, 3.72, 112600.0, 0.14
2012-06-27, 3.75, 3.82, 3.67, 3.75, 151300.0, 0.14
2012-06-28, 3.69, 3.71, 3.43, 3.5, 300300.0, 0.13
2012-06-29, 3.69, 3.72, 3.55, 3.65, 366700.0, 0.14
2012-07-02, 3.7, 3.8, 3.62, 3.75, 196700.0, 0.14
2012-07-03, 3.89, 3.95, 3.83, 3.94, 290400.0, 0.15
2012-07-05, 3.94, 4.08, 3.85, 4.05, 245100.0, 0.16
2012-07-06, 3.95, 4.0, 3.72, 3.86, 377200.0, 0.15
2012-07-09, 3.81, 3.94, 3.77, 3.8, 203600.0, 0.15
2012-07-10, 3.74, 3.74, 3.51, 3.62, 479000.0, 0.14
2012-07-11, 3.58, 3.61, 3.43, 3.59, 597100.0, 0.14
2012-07-12, 3.45, 3.5, 3.37, 3.41, 523400.0, 0.13
2012-07-13, 3.45, 3.61, 3.43, 3.56, 126500.0, 0.14
2012-07-16, 3.54, 3.74, 3.54, 3.58, 225100.0, 0.14
2012-07-17, 3.58, 3.62, 3.5, 3.51, 241300.0, 0.13
2012-07-18, 3.5, 3.6, 3.45, 3.48, 166800.0, 0.13
2012-07-19, 3.55, 3.62, 3.47, 3.5, 174100.0, 0.13
2012-07-20, 3.49, 3.52, 3.43, 3.45, 55200.0, 0.13
2012-07-23, 3.35, 3.35, 3.21, 3.32, 114800.0, 0.13
2012-07-24, 3.33, 3.43, 3.22, 3.35, 166600.0, 0.13
2012-07-25, 3.4, 3.53, 3.38, 3.47, 133700.0, 0.13
2012-07-26, 3.52, 3.85, 3.52, 3.85, 307400.0, 0.15
2012-07-27, 3.89, 4.1, 3.87, 4.04, 369700.0, 0.16
2012-07-30, 4.04, 4.15, 4.0, 4.11, 105300.0, 0.16
2012-07-31, 4.11, 4.11, 3.87, 3.87, 166300.0, 0.15
2012-08-01, 3.89, 3.93, 3.75, 3.81, 133100.0, 0.15
2012-08-02, 3.75, 3.87, 3.68, 3.72, 160400.0, 0.14
2012-08-03, 3.78, 3.93, 3.75, 3.81, 110700.0, 0.15
2012-08-06, 3.81, 3.91, 3.73, 3.74, 62900.0, 0.14
2012-08-07, 3.84, 4.02, 3.79, 4.02, 134300.0, 0.15
2012-08-08, 4.02, 4.15, 4.0, 4.03, 163300.0, 0.15
2012-08-09, 3.95, 4.1, 3.87, 4.04, 130100.0, 0.16
2012-08-10, 4.01, 4.09, 3.97, 4.05, 165000.0, 0.16
2012-08-13, 4.04, 4.17, 4.0, 4.06, 82900.0, 0.16
2012-08-14, 4.05, 4.08, 3.91, 4.04, 104800.0, 0.16
2012-08-15, 4.02, 4.06, 3.92, 4.04, 124400.0, 0.16
2012-08-16, 4.05, 4.18, 4.02, 4.07, 123900.0, 0.16
2012-08-17, 4.06, 4.07, 3.93, 4.05, 95400.0, 0.16
2012-08-20, 4.05, 4.05, 3.96, 3.98, 65300.0, 0.15
2012-08-21, 4.08, 4.29, 4.03, 4.27, 306000.0, 0.16
2012-08-22, 4.23, 4.52, 4.19, 4.49, 427100.0, 0.17
2012-08-23, 4.54, 4.65, 4.5, 4.57, 355300.0, 0.18
2012-08-24, 4.53, 4.68, 4.49, 4.53, 187700.0, 0.17
2012-08-27, 4.58, 4.58, 4.44, 4.47, 67300.0, 0.17
2012-08-28, 4.49, 4.52, 4.4, 4.42, 66500.0, 0.17
2012-08-29, 4.42, 4.54, 4.36, 4.4, 83400.0, 0.17
2012-08-30, 4.4, 4.4, 4.05, 4.09, 128600.0, 0.16
2012-08-31, 4.16, 4.3, 4.02, 4.3, 207000.0, 0.17
2012-09-04, 4.33, 4.57, 4.22, 4.55, 130200.0, 0.17
2012-09-05, 4.53, 4.54, 4.35, 4.48, 107500.0, 0.17
2012-09-06, 4.47, 4.73, 4.47, 4.72, 218900.0, 0.18
2012-09-07, 4.75, 5.15, 4.75, 4.95, 598700.0, 0.19
2012-09-10, 4.89, 5.03, 4.61, 4.83, 160200.0, 0.19
2012-09-11, 4.9, 4.94, 4.69, 4.71, 89100.0, 0.18
2012-09-12, 4.8, 4.85, 4.42, 4.5, 285300.0, 0.17
2012-09-13, 4.44, 4.67, 4.25, 4.63, 585300.0, 0.18
2012-09-14, 4.66, 5.0, 4.65, 4.82, 433400.0, 0.19
2012-09-17, 4.82, 4.83, 4.55, 4.62, 524100.0, 0.18
2012-09-18, 4.6, 4.66, 4.49, 4.57, 305500.0, 0.18
2012-09-19, 4.57, 4.88, 4.45, 4.82, 313800.0, 0.19
2012-09-20, 4.7, 4.77, 4.65, 4.71, 240900.0, 0.18
2012-09-21, 4.8, 4.95, 4.71, 4.84, 557700.0, 0.19
2012-09-24, 4.84, 4.9, 4.64, 4.7, 206000.0, 0.18
2012-09-25, 4.81, 4.81, 4.57, 4.57, 339200.0, 0.18
2012-09-26, 4.5, 4.62, 4.32, 4.52, 444000.0, 0.17
2012-09-27, 4.58, 4.76, 4.55, 4.73, 169400.0, 0.18
2012-09-28, 4.73, 4.81, 4.61, 4.66, 215700.0, 0.18
2012-10-01, 4.69, 4.8, 4.51, 4.59, 207400.0, 0.18
2012-10-02, 4.59, 4.68, 4.48, 4.62, 235500.0, 0.18
2012-10-03, 4.6, 4.67, 4.54, 4.57, 157300.0, 0.18
2012-10-04, 4.65, 4.88, 4.61, 4.85, 246200.0, 0.19
2012-10-05, 4.88, 5.04, 4.79, 4.86, 322100.0, 0.19
2012-10-08, 4.8, 4.8, 4.64, 4.78, 57900.0, 0.18
2012-10-09, 4.78, 4.79, 4.56, 4.6, 133400.0, 0.18
2012-10-10, 4.59, 4.72, 4.55, 4.63, 135600.0, 0.18
2012-10-11, 4.69, 4.76, 4.64, 4.73, 384100.0, 0.18
2012-10-12, 4.72, 4.79, 4.61, 4.65, 96000.0, 0.18
2012-10-15, 4.6, 4.63, 4.5, 4.62, 206700.0, 0.18
2012-10-16, 4.57, 4.69, 4.56, 4.67, 97300.0, 0.18
2012-10-17, 4.69, 4.85, 4.63, 4.83, 141800.0, 0.19
2012-10-18, 4.72, 4.84, 4.72, 4.76, 138900.0, 0.18
2012-10-19, 4.72, 4.72, 4.54, 4.6, 157600.0, 0.18
2012-10-22, 4.59, 4.71, 4.57, 4.69, 170100.0, 0.18
2012-10-23, 4.6, 4.67, 4.55, 4.66, 227200.0, 0.18
2012-10-24, 4.69, 4.69, 4.6, 4.62, 116100.0, 0.18
2012-10-25, 4.71, 4.75, 4.61, 4.66, 103300.0, 0.18
2012-10-26, 4.65, 4.72, 4.59, 4.61, 92900.0, 0.18
2012-10-31, 4.39, 4.68, 4.36, 4.66, 186300.0, 0.18
2012-11-01, 4.65, 4.81, 4.65, 4.77, 118200.0, 0.18
2012-11-02, 4.73, 4.77, 4.63, 4.68, 167700.0, 0.18
2012-11-05, 4.64, 4.64, 4.45, 4.48, 234400.0, 0.17
2012-11-06, 4.52, 4.65, 4.47, 4.58, 76800.0, 0.18
2012-11-07, 4.55, 4.62, 4.35, 4.49, 119200.0, 0.17
2012-11-08, 4.43, 4.56, 4.37, 4.49, 90400.0, 0.17
2012-11-09, 4.45, 4.56, 4.35, 4.44, 84500.0, 0.17
2012-11-12, 4.46, 4.49, 4.41, 4.45, 59800.0, 0.17
2012-11-13, 4.4, 4.41, 4.19, 4.2, 162100.0, 0.16
2012-11-14, 4.26, 4.26, 3.9, 3.95, 238500.0, 0.15
2012-11-15, 3.9, 3.95, 3.51, 3.66, 563800.0, 0.14
2012-11-16, 3.61, 3.64, 3.45, 3.48, 399800.0, 0.13
2012-11-19, 3.59, 3.62, 3.49, 3.52, 191000.0, 0.14
2012-11-20, 3.47, 3.47, 3.05, 3.08, 433000.0, 0.12
2012-11-21, 3.08, 3.11, 2.87, 2.88, 630600.0, 0.11
2012-11-23, 3.12, 3.24, 2.92, 3.22, 343500.0, 0.12
2012-11-26, 3.18, 3.29, 3.13, 3.28, 298000.0, 0.13
2012-11-27, 3.36, 3.37, 3.21, 3.27, 191700.0, 0.13
2012-11-28, 3.24, 3.43, 3.18, 3.39, 277300.0, 0.13
2012-11-29, 3.43, 3.49, 3.25, 3.29, 234300.0, 0.13
2012-11-30, 3.31, 3.34, 3.21, 3.32, 293800.0, 0.13
2012-12-03, 3.37, 3.4, 3.27, 3.28, 115900.0, 0.13
2012-12-04, 3.2, 3.31, 3.2, 3.24, 81000.0, 0.12
2012-12-05, 3.26, 3.3, 3.11, 3.11, 165000.0, 0.12
2012-12-06, 3.11, 3.27, 3.11, 3.22, 96400.0, 0.12
2012-12-07, 3.27, 3.28, 3.1, 3.11, 307800.0, 0.12
2012-12-10, 3.12, 3.3, 3.12, 3.27, 105300.0, 0.13
2012-12-11, 3.28, 3.29, 3.22, 3.22, 215300.0, 0.12
2012-12-12, 3.23, 3.31, 3.14, 3.16, 376400.0, 0.12
2012-12-13, 3.15, 3.15, 2.98, 3.08, 624700.0, 0.12
2012-12-14, 3.06, 3.11, 3.0, 3.07, 1846600.0, 0.12
2012-12-17, 3.05, 3.08, 2.89, 3.06, 475100.0, 0.12
2012-12-18, 3.04, 3.1, 2.93, 2.95, 242200.0, 0.11
2012-12-19, 2.99, 3.0, 2.82, 2.83, 286100.0, 0.11
2012-12-20, 2.82, 2.87, 2.72, 2.79, 231100.0, 0.11
2012-12-21, 2.74, 2.83, 2.65, 2.7, 323900.0, 0.1
2012-12-24, 2.67, 2.76, 2.58, 2.75, 190900.0, 0.11
2012-12-26, 2.75, 2.85, 2.75, 2.8, 170900.0, 0.11
2012-12-27, 2.76, 2.79, 2.62, 2.67, 329600.0, 0.1
2012-12-28, 2.66, 2.69, 2.63, 2.65, 139500.0, 0.1
2012-12-31, 2.72, 2.82, 2.61, 2.8, 273700.0, 0.11
2013-01-02, 2.95, 3.02, 2.79, 2.81, 233200.0, 0.11
2013-01-03, 2.82, 2.9, 2.67, 2.67, 289500.0, 0.1
2013-01-04, 2.59, 2.78, 2.55, 2.77, 312300.0, 0.11
2013-01-07, 2.76, 2.78, 2.67, 2.7, 164000.0, 0.1
2013-01-08, 2.73, 2.87, 2.7, 2.8, 164200.0, 0.11
2013-01-09, 2.79, 2.94, 2.79, 2.94, 249000.0, 0.11
2013-01-10, 2.97, 3.13, 2.97, 3.1, 204800.0, 0.12
2013-01-11, 3.12, 3.15, 2.97, 3.03, 180800.0, 0.12
2013-01-14, 3.07, 3.13, 2.99, 3.05, 149000.0, 0.12
2013-01-15, 3.08, 3.09, 2.94, 2.98, 109200.0, 0.11
2013-01-16, 2.96, 3.03, 2.91, 2.91, 297200.0, 0.11
2013-01-17, 2.94, 3.0, 2.91, 2.96, 118100.0, 0.11
2013-01-18, 2.97, 2.97, 2.81, 2.84, 140600.0, 0.11
2013-01-22, 2.85, 3.02, 2.85, 2.9, 115400.0, 0.11
2013-01-23, 2.91, 2.91, 2.73, 2.77, 266100.0, 0.11
2013-01-24, 2.75, 2.75, 2.61, 2.66, 328200.0, 0.1
2013-01-25, 2.64, 2.64, 2.48, 2.53, 394400.0, 0.1
2013-01-28, 2.55, 2.55, 2.36, 2.39, 304100.0, 0.09
2013-01-29, 2.4, 2.45, 2.26, 2.38, 578400.0, 0.09
2013-01-30, 2.39, 2.6, 2.39, 2.5, 466600.0, 0.1
2013-01-31, 2.49, 2.54, 2.42, 2.48, 313200.0, 0.1
2013-02-01, 2.55, 2.62, 2.51, 2.61, 285100.0, 0.1
2013-02-04, 2.63, 2.75, 2.63, 2.69, 332500.0, 0.1
2013-02-05, 2.68, 2.73, 2.58, 2.72, 156600.0, 0.1
2013-02-06, 2.72, 2.76, 2.67, 2.75, 150700.0, 0.11
2013-02-07, 2.73, 2.87, 2.69, 2.83, 177000.0, 0.11
2013-02-08, 2.84, 2.87, 2.7, 2.79, 197300.0, 0.11
2013-02-11, 2.75, 2.75, 2.65, 2.69, 127000.0, 0.1
2013-02-12, 2.66, 2.67, 2.53, 2.59, 258500.0, 0.1
2013-02-13, 2.6, 2.64, 2.54, 2.64, 164500.0, 0.1
2013-02-14, 2.64, 2.71, 2.53, 2.55, 147000.0, 0.1
2013-02-15, 2.5, 2.55, 2.45, 2.53, 245900.0, 0.1
2013-02-19, 2.51, 2.53, 2.41, 2.45, 207700.0, 0.09
2013-02-20, 2.4, 2.4, 2.23, 2.35, 435000.0, 0.09
2013-02-21, 2.33, 2.56, 2.22, 2.53, 648500.0, 0.1
2013-02-22, 2.49, 2.52, 2.33, 2.51, 284500.0, 0.1
2013-02-25, 2.52, 2.59, 2.47, 2.53, 174800.0, 0.1
2013-02-26, 2.53, 2.55, 2.38, 2.46, 326100.0, 0.09
2013-02-27, 2.43, 2.43, 2.25, 2.3, 296800.0, 0.09
2013-02-28, 2.28, 2.34, 2.23, 2.28, 303400.0, 0.09
2013-03-01, 2.25, 2.26, 2.11, 2.14, 366600.0, 0.08
2013-03-04, 2.14, 2.15, 1.99, 2.04, 273300.0, 0.08
2013-03-05, 2.06, 2.18, 2.02, 2.17, 478200.0, 0.08
2013-03-06, 2.15, 2.25, 2.1, 2.2, 346700.0, 0.08
2013-03-07, 2.2, 2.2, 1.69, 1.69, 2072600.0, 0.06
2013-03-08, 1.8, 1.95, 1.78, 1.88, 1030700.0, 0.07
2013-03-11, 1.89, 1.94, 1.86, 1.93, 292700.0, 0.07
2013-03-12, 2.0, 2.07, 1.93, 2.0, 557800.0, 0.08
2013-03-13, 1.99, 2.03, 1.93, 1.95, 453000.0, 0.07
2013-03-14, 1.93, 2.0, 1.91, 1.98, 258400.0, 0.08
2013-03-15, 1.99, 2.07, 1.97, 1.97, 1600100.0, 0.08
2013-03-18, 1.99, 2.02, 1.89, 1.93, 369500.0, 0.07
2013-03-19, 1.94, 1.99, 1.88, 1.96, 346300.0, 0.08
2013-03-20, 1.96, 1.96, 1.88, 1.95, 120400.0, 0.07
2013-03-21, 1.95, 2.02, 1.91, 1.97, 198600.0, 0.08
2013-03-22, 1.96, 2.04, 1.96, 2.02, 128100.0, 0.08
2013-03-25, 2.02, 2.02, 1.93, 1.94, 158700.0, 0.07
2013-03-26, 1.93, 1.99, 1.89, 1.98, 182100.0, 0.08
2013-03-27, 1.85, 1.85, 1.72, 1.76, 1508000.0, 0.07
2013-03-28, 1.75, 1.76, 1.69, 1.72, 446300.0, 0.07
2013-04-01, 1.73, 1.74, 1.69, 1.72, 306900.0, 0.07
2013-04-02, 1.7, 1.71, 1.6, 1.62, 285700.0, 0.06
2013-04-03, 1.63, 1.63, 1.5, 1.51, 418400.0, 0.06
2013-04-04, 1.52, 1.59, 1.5, 1.58, 449200.0, 0.06
2013-04-05, 1.61, 1.61, 1.5, 1.56, 853200.0, 0.06
2013-04-08, 1.56, 1.57, 1.46, 1.5, 2154700.0, 0.06
2013-04-09, 1.5, 1.5, 1.43, 1.47, 511100.0, 0.06
2013-04-10, 1.45, 1.47, 1.38, 1.41, 740300.0, 0.05
2013-04-11, 1.41, 1.41, 1.32, 1.36, 622400.0, 0.05
2013-04-12, 1.3, 1.34, 1.23, 1.32, 2650000.0, 0.05
2013-04-15, 1.2, 1.2, 1.02, 1.14, 1013700.0, 0.04
2013-04-16, 1.2, 1.23, 1.1, 1.15, 512100.0, 0.04
2013-04-17, 1.12, 1.15, 1.05, 1.06, 564600.0, 0.04
2013-04-18, 1.09, 1.13, 1.02, 1.05, 1124300.0, 0.04
2013-04-19, 1.06, 1.16, 1.03, 1.13, 1952300.0, 0.04
2013-04-22, 1.18, 1.21, 1.12, 1.21, 1438600.0, 0.05
2013-04-23, 1.21, 1.21, 1.12, 1.15, 874400.0, 0.04
2013-04-24, 1.16, 1.28, 1.13, 1.27, 836500.0, 0.05
2013-04-25, 1.32, 1.33, 1.24, 1.27, 459200.0, 0.05
2013-04-26, 1.29, 1.31, 1.21, 1.31, 349600.0, 0.05
2013-04-29, 1.31, 1.32, 1.25, 1.25, 249400.0, 0.05
2013-04-30, 1.23, 1.3, 1.16, 1.28, 791600.0, 0.05
2013-05-01, 1.22, 1.27, 1.16, 1.18, 690800.0, 0.05
2013-05-02, 1.16, 1.21, 1.1, 1.12, 774000.0, 0.04
2013-05-03, 1.15, 1.16, 1.04, 1.07, 864900.0, 0.04
2013-05-06, 1.08, 1.09, 1.03, 1.05, 626300.0, 0.04
2013-05-07, 1.03, 1.05, 0.95, 0.95, 884700.0, 0.04
2013-05-08, 0.99, 1.04, 0.95, 0.96, 1228200.0, 0.04
2013-05-09, 1.05, 1.18, 1.01, 1.13, 1005500.0, 0.04
2013-05-10, 1.09, 1.19, 1.03, 1.19, 3326800.0, 0.05
2013-05-13, 1.17, 1.19, 1.13, 1.16, 313400.0, 0.04
2013-05-14, 1.12, 1.18, 1.09, 1.1, 357900.0, 0.04
2013-05-15, 1.1, 1.12, 1.05, 1.09, 1353400.0, 0.04
2013-05-16, 1.07, 1.13, 1.03, 1.11, 887600.0, 0.04
2013-05-17, 1.11, 1.11, 1.04, 1.04, 1153600.0, 0.04
2013-05-20, 1.0, 1.1, 1.0, 1.07, 521000.0, 0.04
2013-05-21, 1.06, 1.08, 1.02, 1.02, 519200.0, 0.04
2013-05-22, 1.03, 1.06, 1.0, 1.01, 652500.0, 0.04
2013-05-23, 1.03, 1.05, 1.0, 1.02, 500600.0, 0.04
2013-05-24, 1.0, 1.0, 0.96, 0.97, 987000.0, 0.04
2013-05-28, 0.99, 1.04, 0.97, 1.01, 751400.0, 0.04
2013-05-29, 1.01, 1.04, 1.0, 1.04, 1113600.0, 0.04
2013-05-30, 1.07, 1.22, 1.07, 1.18, 2132000.0, 0.05
2013-05-31, 1.2, 1.27, 1.1, 1.2, 1640300.0, 0.05
2013-06-03, 1.2, 1.24, 1.13, 1.17, 618300.0, 0.04
2013-06-04, 1.15, 1.17, 1.12, 1.13, 481000.0, 0.04
2013-06-05, 1.12, 1.15, 1.09, 1.1, 633800.0, 0.04
2013-06-06, 1.11, 1.22, 1.07, 1.2, 693500.0, 0.05
2013-06-07, 1.16, 1.2, 1.11, 1.16, 801500.0, 0.04
2013-06-10, 1.13, 1.16, 1.12, 1.13, 268200.0, 0.04
2013-06-11, 1.11, 1.13, 1.09, 1.1, 347100.0, 0.04
2013-06-12, 1.11, 1.17, 1.06, 1.06, 718500.0, 0.04
2013-06-13, 1.06, 1.09, 1.02, 1.09, 592700.0, 0.04
2013-06-14, 1.08, 1.08, 1.04, 1.05, 356800.0, 0.04
2013-06-17, 1.09, 1.12, 1.01, 1.11, 806500.0, 0.04
2013-06-18, 1.08, 1.11, 0.99, 1.0, 1464700.0, 0.04
2013-06-19, 1.03, 1.05, 0.96, 0.96, 818800.0, 0.04
2013-06-20, 0.86, 0.9, 0.8, 0.82, 1006800.0, 0.03
2013-06-21, 0.83, 0.88, 0.73, 0.78, 3276800.0, 0.03
2013-06-24, 0.75, 0.78, 0.69, 0.72, 690900.0, 0.03
2013-06-25, 0.73, 0.74, 0.69, 0.71, 354900.0, 0.03
2013-06-26, 0.7, 0.71, 0.62, 0.64, 962800.0, 0.02
2013-06-27, 0.63, 0.69, 0.63, 0.66, 398500.0, 0.03
2013-06-28, 0.67, 0.84, 0.67, 0.75, 1037000.0, 0.03
2013-07-01, 0.77, 0.85, 0.77, 0.83, 537800.0, 0.03
2013-07-02, 0.82, 0.82, 0.7, 0.74, 758600.0, 0.03
2013-07-03, 0.75, 0.75, 0.7, 0.72, 129400.0, 0.03
2013-07-05, 0.69, 0.69, 0.66, 0.68, 297200.0, 0.03
2013-07-08, 0.7, 0.72, 0.66, 0.67, 308100.0, 0.03
2013-07-09, 0.67, 0.7, 0.66, 0.67, 111800.0, 0.03
2013-07-10, 0.67, 0.7, 0.67, 0.69, 193900.0, 0.03
2013-07-11, 0.72, 0.75, 0.68, 0.7, 546800.0, 0.03
2013-07-12, 0.72, 0.72, 0.67, 0.68, 203800.0, 0.03
2013-07-15, 0.69, 0.72, 0.68, 0.69, 431800.0, 0.03
2013-07-16, 0.72, 0.76, 0.7, 0.75, 640200.0, 0.03
2013-07-17, 0.78, 0.78, 0.71, 0.74, 581800.0, 0.03
2013-07-18, 0.79, 0.79, 0.74, 0.76, 641800.0, 0.03
2013-07-19, 0.76, 0.79, 0.73, 0.75, 440700.0, 0.03
2013-07-22, 0.81, 0.85, 0.77, 0.84, 951300.0, 0.03
2013-07-23, 0.85, 1.0, 0.82, 0.98, 1960800.0, 0.04
2013-07-24, 1.0, 1.19, 0.98, 1.04, 3861400.0, 0.04
2013-07-25, 1.03, 1.12, 1.03, 1.04, 973500.0, 0.04
2013-07-26, 1.07, 1.08, 0.97, 1.02, 1373500.0, 0.04
2013-07-29, 1.04, 1.09, 1.02, 1.05, 1321800.0, 0.04
2013-07-30, 1.07, 1.07, 0.96, 0.97, 1369400.0, 0.04
2013-07-31, 0.96, 0.97, 0.9, 0.93, 885800.0, 0.04
2013-08-01, 0.94, 0.95, 0.88, 0.89, 675600.0, 0.03
2013-08-02, 0.88, 0.91, 0.83, 0.83, 841600.0, 0.03
2013-08-05, 0.84, 0.98, 0.83, 0.83, 369700.0, 0.03
2013-08-06, 0.81, 0.84, 0.79, 0.8, 602000.0, 0.03
2013-08-07, 0.8, 0.82, 0.77, 0.77, 556500.0, 0.03
2013-08-08, 0.77, 0.87, 0.77, 0.83, 788800.0, 0.03
2013-08-09, 0.86, 0.86, 0.8, 0.82, 565900.0, 0.03
2013-08-12, 0.86, 0.92, 0.84, 0.85, 797900.0, 0.03
2013-08-13, 0.86, 0.88, 0.81, 0.86, 655500.0, 0.03
2013-08-14, 0.87, 0.95, 0.87, 0.94, 744100.0, 0.04
2013-08-15, 0.93, 1.02, 0.9, 0.99, 1162000.0, 0.04
2013-08-16, 1.03, 1.03, 0.92, 0.94, 1128000.0, 0.04
2013-08-19, 0.95, 0.98, 0.94, 0.97, 544200.0, 0.04
2013-08-20, 0.93, 0.97, 0.91, 0.92, 589700.0, 0.04
2013-08-21, 0.94, 0.94, 0.86, 0.92, 586400.0, 0.04
2013-08-22, 0.92, 0.96, 0.88, 0.92, 441000.0, 0.04
2013-08-23, 0.91, 1.13, 0.91, 1.01, 2727300.0, 0.04
2013-08-26, 1.02, 1.04, 0.98, 0.99, 1103600.0, 0.04
2013-08-27, 1.03, 1.06, 0.93, 0.94, 1346700.0, 0.04
2013-08-28, 0.95, 0.96, 0.87, 0.88, 872800.0, 0.03
2013-08-29, 0.87, 0.92, 0.83, 0.88, 674600.0, 0.03
2013-08-30, 0.89, 0.89, 0.85, 0.87, 336000.0, 0.03
2013-09-03, 0.89, 0.89, 0.86, 0.87, 378800.0, 0.03
2013-09-04, 0.87, 0.88, 0.82, 0.83, 888400.0, 0.03
2013-09-05, 0.84, 0.84, 0.77, 0.78, 1109500.0, 0.03
2013-09-06, 0.8, 0.83, 0.78, 0.79, 551800.0, 0.03
2013-09-09, 0.8, 0.82, 0.75, 0.77, 730800.0, 0.03
2013-09-10, 0.74, 0.75, 0.71, 0.73, 1089800.0, 0.03
2013-09-11, 0.72, 0.73, 0.7, 0.71, 950900.0, 0.03
2013-09-12, 0.7, 0.7, 0.65, 0.66, 1128200.0, 0.03
2013-09-13, 0.7, 0.7, 0.65, 0.66, 879900.0, 0.03
2013-09-16, 0.68, 0.71, 0.64, 0.64, 963700.0, 0.02
2013-09-17, 0.64, 0.65, 0.61, 0.62, 1561100.0, 0.02
2013-09-18, 0.61, 0.78, 0.61, 0.74, 1990900.0, 0.03
2013-09-19, 0.77, 0.8, 0.7, 0.71, 1115700.0, 0.03
2013-09-20, 0.69, 0.7, 0.59, 0.63, 2132900.0, 0.02
2013-09-23, 0.65, 0.66, 0.6, 0.64, 734000.0, 0.02
2013-09-24, 0.63, 0.66, 0.62, 0.64, 504200.0, 0.02
2013-09-25, 0.66, 0.68, 0.64, 0.66, 583700.0, 0.03
2013-09-26, 0.66, 0.67, 0.64, 0.65, 532900.0, 0.02
2013-09-27, 0.67, 0.7, 0.65, 0.66, 917900.0, 0.03
2013-09-30, 0.66, 0.69, 0.65, 0.66, 414700.0, 0.03
2013-10-01, 0.64, 0.65, 0.62, 0.64, 423600.0, 0.02
2013-10-02, 0.65, 0.69, 0.65, 0.66, 384300.0, 0.03
2013-10-03, 0.67, 0.68, 0.64, 0.64, 396800.0, 0.02
2013-10-04, 0.65, 0.65, 0.61, 0.63, 687200.0, 0.02
2013-10-07, 0.64, 0.66, 0.6, 0.61, 500700.0, 0.02
2013-10-08, 0.63, 0.63, 0.56, 0.59, 1352000.0, 0.02
2013-10-09, 0.59, 0.6, 0.57, 0.58, 460000.0, 0.02
2013-10-10, 0.58, 0.65, 0.58, 0.62, 608800.0, 0.02
2013-10-11, 0.6, 0.64, 0.6, 0.63, 394100.0, 0.02
2013-10-14, 0.63, 0.65, 0.62, 0.64, 273700.0, 0.02
2013-10-15, 0.62, 0.66, 0.62, 0.65, 288300.0, 0.02
2013-10-16, 0.65, 0.67, 0.64, 0.67, 385600.0, 0.03
2013-10-17, 0.68, 0.72, 0.68, 0.71, 926800.0, 0.03
2013-10-18, 0.71, 0.71, 0.67, 0.68, 233400.0, 0.03
2013-10-21, 0.69, 0.73, 0.68, 0.73, 430800.0, 0.03
2013-10-22, 0.73, 0.83, 0.73, 0.82, 1651300.0, 0.03
2013-10-23, 0.82, 0.89, 0.79, 0.88, 1589100.0, 0.03
2013-10-24, 0.89, 0.92, 0.85, 0.9, 1235500.0, 0.03
2013-10-25, 0.92, 0.92, 0.83, 0.87, 1326000.0, 0.03
2013-10-28, 0.87, 0.91, 0.83, 0.87, 548900.0, 0.03
2013-10-29, 0.88, 0.89, 0.84, 0.85, 345600.0, 0.03
2013-10-30, 0.87, 0.9, 0.83, 0.88, 612200.0, 0.03
2013-10-31, 0.87, 0.87, 0.79, 0.83, 672400.0, 0.03
2013-11-01, 0.82, 0.82, 0.75, 0.77, 602200.0, 0.03
2013-11-04, 0.79, 0.8, 0.76, 0.79, 350300.0, 0.03
2013-11-05, 0.79, 0.83, 0.77, 0.83, 384900.0, 0.03
2013-11-06, 0.85, 0.87, 0.8, 0.8, 312200.0, 0.03
2013-11-07, 0.79, 0.81, 0.77, 0.81, 310400.0, 0.03
2013-11-08, 0.81, 0.81, 0.73, 0.75, 421600.0, 0.03
2013-11-11, 0.75, 0.79, 0.73, 0.79, 280100.0, 0.03
2013-11-12, 0.82, 0.82, 0.73, 0.74, 201800.0, 0.03
2013-11-13, 0.74, 0.78, 0.74, 0.75, 212000.0, 0.03
2013-11-14, 0.8, 0.8, 0.74, 0.74, 343200.0, 0.03
2013-11-15, 0.78, 0.78, 0.73, 0.73, 481400.0, 0.03
2013-11-18, 0.73, 0.73, 0.63, 0.69, 1400400.0, 0.03
2013-11-19, 0.69, 0.69, 0.65, 0.65, 338700.0, 0.02
2013-11-20, 0.65, 0.67, 0.65, 0.65, 300000.0, 0.02
2013-11-21, 0.65, 0.67, 0.63, 0.64, 368700.0, 0.02
2013-11-22, 0.67, 0.69, 0.63, 0.63, 348600.0, 0.02
2013-11-25, 0.65, 0.7, 0.63, 0.7, 570700.0, 0.03
2013-11-26, 0.69, 0.7, 0.63, 0.65, 3604000.0, 0.02
2013-11-27, 0.65, 0.69, 0.65, 0.66, 253100.0, 0.03
2013-11-29, 0.67, 0.69, 0.65, 0.67, 333000.0, 0.03
2013-12-02, 0.65, 0.67, 0.63, 0.63, 530400.0, 0.02
2013-12-03, 0.63, 0.65, 0.63, 0.63, 288800.0, 0.02
2013-12-04, 0.61, 0.66, 0.61, 0.65, 632700.0, 0.02
2013-12-05, 0.65, 0.65, 0.61, 0.62, 651900.0, 0.02
2013-12-06, 0.63, 0.63, 0.6, 0.6, 383800.0, 0.02
2013-12-09, 0.61, 0.61, 0.58, 0.59, 705900.0, 0.02
2013-12-10, 0.63, 0.63, 0.58, 0.58, 733000.0, 0.02
2013-12-11, 0.59, 0.6, 0.55, 0.56, 863700.0, 0.02
2013-12-12, 0.58, 0.58, 0.53, 0.53, 928900.0, 0.02
2013-12-13, 0.55, 0.55, 0.53, 0.54, 484700.0, 0.02
2013-12-16, 0.55, 0.56, 0.53, 0.56, 592000.0, 0.02
2013-12-17, 0.55, 0.57, 0.54, 0.55, 364200.0, 0.02
2013-12-18, 0.56, 0.57, 0.53, 0.53, 384000.0, 0.02
2013-12-19, 0.53, 0.53, 0.47, 0.47, 1765400.0, 0.02
2013-12-20, 0.5, 0.5, 0.43, 0.43, 1601200.0, 0.02
2013-12-23, 0.44, 0.45, 0.41, 0.42, 1181000.0, 0.02
2013-12-24, 0.42, 0.44, 0.42, 0.43, 773800.0, 0.02
2013-12-26, 0.45, 0.49, 0.45, 0.45, 880100.0, 0.02
2013-12-27, 0.44, 0.51, 0.44, 0.51, 1668700.0, 0.02
2013-12-30, 0.52, 0.56, 0.5, 0.55, 2152600.0, 0.02
2013-12-31, 0.57, 0.61, 0.55, 0.56, 2101000.0, 0.02
2014-01-02, 0.55, 0.65, 0.55, 0.64, 1324100.0, 0.02
2014-01-03, 0.64, 0.64, 0.61, 0.62, 782900.0, 0.02
2014-01-06, 0.62, 0.69, 0.61, 0.68, 1344200.0, 0.03
2014-01-07, 0.68, 0.68, 0.62, 0.64, 970900.0, 0.02
2014-01-08, 0.65, 0.65, 0.6, 0.62, 886200.0, 0.02
2014-01-09, 0.6, 0.64, 0.6, 0.62, 391600.0, 0.02
2014-01-10, 0.63, 0.68, 0.63, 0.68, 601100.0, 0.03
2014-01-13, 0.68, 0.7, 0.63, 0.64, 789800.0, 0.02
2014-01-14, 0.65, 0.65, 0.61, 0.62, 460900.0, 0.02
2014-01-15, 0.61, 0.63, 0.59, 0.61, 770000.0, 0.02
2014-01-16, 0.61, 0.62, 0.58, 0.59, 512800.0, 0.02
2014-01-17, 0.61, 0.62, 0.59, 0.62, 828400.0, 0.02
2014-01-21, 0.63, 0.63, 0.59, 0.6, 1359000.0, 0.02
2014-01-22, 0.61, 0.61, 0.57, 0.58, 1023500.0, 0.02
2014-01-23, 0.61, 0.62, 0.56, 0.58, 1058800.0, 0.02
2014-01-24, 0.6, 0.6, 0.56, 0.58, 670200.0, 0.02
2014-01-27, 0.58, 0.58, 0.53, 0.54, 922500.0, 0.02
2014-01-28, 0.56, 0.56, 0.52, 0.55, 584900.0, 0.02
2014-01-29, 0.56, 0.59, 0.53, 0.53, 1219200.0, 0.02
2014-01-30, 0.52, 0.53, 0.51, 0.51, 573900.0, 0.02
2014-01-31, 0.53, 0.53, 0.5, 0.51, 698300.0, 0.02
2014-02-03, 0.52, 0.52, 0.49, 0.49, 793100.0, 0.02
2014-02-04, 0.51, 0.53, 0.48, 0.52, 743000.0, 0.02
2014-02-05, 0.53, 0.54, 0.48, 0.48, 985100.0, 0.02
2014-02-06, 0.48, 0.51, 0.48, 0.49, 687000.0, 0.02
2014-02-07, 0.49, 0.51, 0.49, 0.5, 648900.0, 0.02
2014-02-10, 0.51, 0.57, 0.5, 0.57, 2209200.0, 0.02
2014-02-11, 0.58, 0.69, 0.57, 0.65, 2970900.0, 0.02
2014-02-12, 0.65, 0.67, 0.58, 0.61, 1924000.0, 0.02
2014-02-13, 0.59, 0.61, 0.58, 0.6, 1141000.0, 0.02
2014-02-14, 0.64, 0.65, 0.57, 0.61, 1996300.0, 0.02
2014-02-18, 0.62, 0.63, 0.57, 0.6, 1552800.0, 0.02
2014-02-19, 0.58, 0.6, 0.55, 0.55, 1333000.0, 0.02
2014-02-20, 0.55, 0.61, 0.55, 0.61, 3611200.0, 0.02
2014-02-21, 0.61, 0.62, 0.59, 0.61, 1306700.0, 0.02
2014-02-24, 0.62, 0.63, 0.6, 0.6, 1459000.0, 0.02
2014-02-25, 0.58, 0.62, 0.58, 0.6, 963600.0, 0.02
2014-02-26, 0.6, 0.6, 0.58, 0.58, 649600.0, 0.02
2014-02-27, 0.57, 0.62, 0.57, 0.59, 1528700.0, 0.02
2014-02-28, 0.59, 0.61, 0.58, 0.6, 1047100.0, 0.02
2014-03-03, 0.62, 0.64, 0.6, 0.62, 1281900.0, 0.02
2014-03-04, 0.61, 0.62, 0.59, 0.62, 556200.0, 0.02
2014-03-05, 0.62, 0.62, 0.6, 0.62, 708400.0, 0.02
2014-03-06, 0.63, 0.64, 0.62, 0.63, 1216900.0, 0.02
2014-03-07, 0.62, 0.63, 0.6, 0.61, 795500.0, 0.02
2014-03-10, 0.63, 0.63, 0.6, 0.6, 467200.0, 0.02
2014-03-11, 0.61, 0.61, 0.57, 0.59, 851000.0, 0.02
2014-03-12, 0.6, 0.61, 0.59, 0.61, 744900.0, 0.02
2014-03-13, 0.61, 0.73, 0.6, 0.73, 4750200.0, 0.03
2014-03-14, 0.73, 0.76, 0.67, 0.69, 4506800.0, 0.03
2014-03-17, 0.69, 0.7, 0.63, 0.63, 1880200.0, 0.02
2014-03-18, 0.6, 0.63, 0.6, 0.6, 1863200.0, 0.02
2014-03-19, 0.6, 0.61, 0.55, 0.56, 3305400.0, 0.02
2014-03-20, 0.55, 0.58, 0.53, 0.56, 1861200.0, 0.02
2014-03-21, 0.58, 0.58, 0.52, 0.57, 3818100.0, 0.02
2014-03-24, 0.54, 0.57, 0.51, 0.52, 3423200.0, 0.02
2014-03-25, 0.53, 0.54, 0.51, 0.52, 1295200.0, 0.52
2014-03-26, 0.53, 0.53, 0.5, 0.51, 1243200.0, 0.51
2014-03-27, 0.52, 0.53, 0.5, 0.51, 1099400.0, 0.51
2014-03-28, 0.51, 0.55, 0.51, 0.51, 953800.0, 0.51
2014-03-31, 0.52, 0.55, 0.48, 0.51, 1931800.0, 0.51
2014-04-01, 0.51, 0.52, 0.49, 0.5, 876500.0, 0.5
2014-04-02, 0.52, 0.53, 0.51, 0.52, 465100.0, 0.52
2014-04-03, 0.52, 0.52, 0.5, 0.52, 569100.0, 0.52
2014-04-04, 0.53, 0.56, 0.51, 0.52, 1462600.0, 0.52
2014-04-07, 0.51, 0.52, 0.48, 0.5, 1440100.0, 0.5
2014-04-08, 0.51, 0.52, 0.49, 0.51, 648500.0, 0.51
2014-04-09, 0.52, 0.52, 0.5, 0.52, 478400.0, 0.52
2014-04-10, 0.53, 0.59, 0.52, 0.53, 1383900.0, 0.53
2014-04-11, 0.54, 0.54, 0.43, 0.49, 1787100.0, 0.49
2014-04-14, 0.49, 0.51, 0.49, 0.51, 959200.0, 0.51
2014-04-15, 0.5, 0.5, 0.47, 0.48, 1375400.0, 0.48
2014-04-16, 0.49, 0.49, 0.47, 0.47, 1294000.0, 0.47
2014-04-17, 0.47, 0.47, 0.44, 0.45, 1486300.0, 0.45
2014-04-21, 0.46, 0.47, 0.43, 0.45, 1724600.0, 0.45
2014-04-22, 0.45, 0.46, 0.43, 0.46, 609500.0, 0.46
2014-04-23, 0.46, 0.48, 0.45, 0.48, 709200.0, 0.48
2014-04-24, 0.47, 0.49, 0.45, 0.47, 748100.0, 0.47
2014-04-25, 0.47, 0.48, 0.46, 0.48, 828700.0, 0.48
2014-04-28, 0.47, 0.48, 0.44, 0.45, 1105400.0, 0.45
2014-04-29, 0.44, 0.45, 0.43, 0.44, 1465900.0, 0.44
2014-04-30, 0.44, 0.45, 0.42, 0.44, 1098800.0, 0.44
2014-05-01, 0.43, 0.44, 0.42, 0.42, 578600.0, 0.42
2014-05-02, 0.43, 0.46, 0.43, 0.44, 456800.0, 0.44
2014-05-05, 0.45, 0.46, 0.44, 0.46, 330900.0, 0.46
2014-05-06, 0.46, 0.47, 0.44, 0.47, 419700.0, 0.47
2014-05-07, 0.45, 0.46, 0.43, 0.43, 621900.0, 0.43
2014-05-08, 0.43, 0.44, 0.42, 0.44, 409100.0, 0.44
2014-05-09, 0.43, 0.45, 0.42, 0.44, 478500.0, 0.44
2014-05-12, 0.45, 0.45, 0.44, 0.45, 188200.0, 0.45
2014-05-13, 0.45, 0.45, 0.43, 0.45, 275700.0, 0.45
2014-05-14, 0.45, 0.49, 0.45, 0.47, 1326600.0, 0.47
2014-05-15, 0.48, 0.48, 0.45, 0.45, 606900.0, 0.45
2014-05-16, 0.45, 0.46, 0.42, 0.43, 709300.0, 0.43
2014-05-19, 0.44, 0.45, 0.43, 0.45, 527700.0, 0.45
2014-05-20, 0.45, 0.46, 0.44, 0.44, 659900.0, 0.44
2014-05-21, 0.45, 0.46, 0.43, 0.44, 500100.0, 0.44
2014-05-22, 0.44, 0.45, 0.43, 0.44, 437600.0, 0.44
2014-05-23, 0.44, 0.45, 0.43, 0.44, 465500.0, 0.44
2014-05-27, 0.43, 0.44, 0.43, 0.43, 647900.0, 0.43
2014-05-28, 0.43, 0.44, 0.42, 0.42, 521600.0, 0.42
2014-05-29, 0.42, 0.43, 0.42, 0.42, 436100.0, 0.42
2014-05-30, 0.42, 0.42, 0.4, 0.41, 741700.0, 0.41
2014-06-02, 0.42, 0.42, 0.4, 0.41, 295100.0, 0.41
2014-06-03, 0.41, 0.41, 0.39, 0.4, 841900.0, 0.4
2014-06-04, 0.4, 0.41, 0.4, 0.4, 253500.0, 0.4
2014-06-05, 0.4, 0.42, 0.4, 0.41, 299100.0, 0.41
2014-06-06, 0.4, 0.42, 0.4, 0.41, 412300.0, 0.41
2014-06-09, 0.42, 0.42, 0.4, 0.4, 244200.0, 0.4
2014-06-10, 0.41, 0.42, 0.41, 0.42, 252600.0, 0.42
2014-06-11, 0.42, 0.44, 0.41, 0.44, 521400.0, 0.44
2014-06-12, 0.44, 0.46, 0.43, 0.46, 958300.0, 0.46
2014-06-13, 0.46, 0.46, 0.44, 0.45, 323100.0, 0.45
2014-06-16, 0.44, 0.46, 0.44, 0.46, 219000.0, 0.46
2014-06-17, 0.44, 0.45, 0.44, 0.44, 260900.0, 0.44
2014-06-18, 0.44, 0.46, 0.43, 0.46, 537400.0, 0.46
2014-06-19, 0.46, 0.5, 0.46, 0.5, 1903800.0, 0.5
2014-06-20, 0.5, 0.51, 0.44, 0.44, 2317000.0, 0.44
2014-06-23, 0.45, 0.49, 0.45, 0.47, 396400.0, 0.47
2014-06-24, 0.47, 0.49, 0.44, 0.45, 795000.0, 0.45
2014-06-25, 0.47, 0.47, 0.45, 0.46, 969800.0, 0.46
2014-06-26, 0.47, 0.49, 0.44, 0.46, 661200.0, 0.46
2014-06-27, 0.46, 0.47, 0.45, 0.46, 182400.0, 0.46
2014-06-30, 0.45, 0.48, 0.45, 0.48, 345400.0, 0.48
2014-07-01, 0.48, 0.48, 0.45, 0.47, 176700.0, 0.47
2014-07-02, 0.48, 0.48, 0.46, 0.46, 341000.0, 0.46
2014-07-03, 0.46, 0.48, 0.45, 0.48, 222000.0, 0.48
2014-07-07, 0.46, 0.48, 0.45, 0.47, 363200.0, 0.47
2014-07-08, 0.46, 0.48, 0.45, 0.46, 344900.0, 0.46
2014-07-09, 0.47, 0.48, 0.46, 0.48, 445000.0, 0.48
2014-07-10, 0.42, 0.43, 0.33, 0.36, 8104900.0, 0.36
2014-07-11, 0.35, 0.35, 0.33, 0.34, 1873800.0, 0.34
2014-07-14, 0.33, 0.34, 0.31, 0.33, 1829700.0, 0.33
2014-07-15, 0.32, 0.32, 0.3, 0.31, 1616200.0, 0.31
2014-07-16, 0.31, 0.35, 0.31, 0.31, 3386900.0, 0.31
2014-07-17, 0.32, 0.33, 0.31, 0.31, 1322900.0, 0.31
2014-07-18, 0.31, 0.32, 0.3, 0.3, 1514100.0, 0.3
2014-07-21, 0.3, 0.3, 0.27, 0.27, 2031400.0, 0.27
2014-07-22, 0.27, 0.29, 0.26, 0.28, 1414100.0, 0.28
2014-07-23, 0.29, 0.29, 0.26, 0.28, 2401000.0, 0.28
2014-07-24, 0.28, 0.28, 0.27, 0.27, 729400.0, 0.27
2014-07-25, 0.28, 0.28, 0.27, 0.27, 848700.0, 0.27
2014-07-28, 0.28, 0.28, 0.27, 0.27, 1570800.0, 0.27
2014-07-29, 0.28, 0.28, 0.26, 0.26, 856500.0, 0.26
2014-07-30, 0.28, 0.28, 0.25, 0.25, 1719100.0, 0.25
2014-07-31, 0.25, 0.26, 0.24, 0.25, 1421200.0, 0.25
2014-08-01, 0.25, 0.26, 0.22, 0.23, 1459800.0, 0.23
2014-08-04, 0.26, 0.26, 0.23, 0.23, 507900.0, 0.23
2014-08-05, 0.24, 0.24, 0.22, 0.23, 1327500.0, 0.23
2014-08-06, 0.23, 0.24, 0.22, 0.23, 1016600.0, 0.23
2014-08-07, 0.23, 0.23, 0.23, 0.23, 762500.0, 0.23
2014-08-08, 0.23, 0.23, 0.23, 0.23, 492800.0, 0.23
2014-08-11, 0.23, 0.24, 0.23, 0.24, 996300.0, 0.24
2014-08-12, 0.24, 0.24, 0.23, 0.23, 941700.0, 0.23
2014-08-13, 0.24, 0.24, 0.23, 0.23, 304200.0, 0.23
2014-08-14, 0.23, 0.24, 0.22, 0.22, 1276000.0, 0.22
2014-08-15, 0.22, 0.22, 0.18, 0.18, 6082900.0, 0.18
2014-08-18, 0.19, 0.2, 0.18, 0.19, 6122700.0, 0.19
2014-08-19, 0.24, 0.3, 0.23, 0.23, 1.46429E7, 0.23
2014-08-20, 0.24, 0.28, 0.23, 0.27, 2.21326E7, 0.27
2014-08-21, 0.27, 0.29, 0.25, 0.26, 5650600.0, 0.26
2014-08-22, 0.26, 0.28, 0.25, 0.26, 2444800.0, 0.26
2014-08-25, 0.27, 0.27, 0.25, 0.25, 1727900.0, 0.25
2014-08-26, 0.25, 0.26, 0.24, 0.25, 2292800.0, 0.25
2014-08-27, 0.25, 0.27, 0.25, 0.27, 1658100.0, 0.27
2014-08-28, 0.27, 0.28, 0.26, 0.26, 1059600.0, 0.26
2014-08-29, 0.26, 0.27, 0.26, 0.26, 987600.0, 0.26
2014-09-02, 0.26, 0.26, 0.25, 0.25, 1404700.0, 0.25
2014-09-03, 0.25, 0.26, 0.25, 0.25, 1222300.0, 0.25
2014-09-04, 0.26, 0.26, 0.25, 0.25, 1071100.0, 0.25
2014-09-05, 0.25, 0.25, 0.25, 0.25, 591600.0, 0.25
2014-09-08, 0.25, 0.25, 0.24, 0.24, 1488700.0, 0.24
2014-09-09, 0.25, 0.26, 0.24, 0.26, 1552900.0, 0.26
2014-09-10, 0.26, 0.26, 0.25, 0.26, 617700.0, 0.26
2014-09-11, 0.25, 0.26, 0.24, 0.25, 1109100.0, 0.25
2014-09-12, 0.24, 0.25, 0.24, 0.24, 853000.0, 0.24
2014-09-15, 0.24, 0.24, 0.21, 0.21, 2975600.0, 0.21
2014-09-16, 0.21, 0.22, 0.19, 0.2, 2898100.0, 0.2
2014-09-17, 0.2, 0.21, 0.19, 0.19, 1670300.0, 0.19
2014-09-18, 0.2, 0.2, 0.19, 0.2, 1260800.0, 0.2
2014-09-19, 0.21, 0.21, 0.16, 0.17, 3.28069E7, 0.17
2014-09-22, 0.17, 0.17, 0.16, 0.17, 2659700.0, 0.17
2014-09-23, 0.18, 0.18, 0.17, 0.18, 3445400.0, 0.18
2014-09-24, 0.18, 0.18, 0.17, 0.17, 4624300.0, 0.17
2014-09-25, 0.17, 0.17, 0.16, 0.17, 1373100.0, 0.17
2014-09-26, 0.16, 0.17, 0.16, 0.16, 669900.0, 0.16
2014-09-29, 0.16, 0.17, 0.16, 0.16, 985800.0, 0.16
2014-09-30, 0.16, 0.17, 0.15, 0.16, 1516700.0, 0.16
2014-10-01, 0.16, 0.16, 0.14, 0.14, 1316200.0, 0.14
2014-10-02, 0.14, 0.15, 0.14, 0.15, 1529600.0, 0.15
2014-10-03, 0.14, 0.15, 0.14, 0.14, 803300.0, 0.14
2014-10-06, 0.14, 0.15, 0.12, 0.13, 1269700.0, 0.13
2014-10-07, 0.14, 0.15, 0.12, 0.13, 1816300.0, 0.13
2014-10-08, 0.13, 0.14, 0.12, 0.14, 2545700.0, 0.14
2014-10-09, 0.14, 0.14, 0.13, 0.13, 1692500.0, 0.13
2014-10-10, 0.13, 0.14, 0.13, 0.14, 1378700.0, 0.14
2014-10-13, 0.14, 0.15, 0.14, 0.15, 547200.0, 0.15
2014-10-14, 0.16, 0.16, 0.14, 0.15, 1015900.0, 0.15
2014-10-15, 0.16, 0.17, 0.15, 0.16, 2430300.0, 0.16
2014-10-16, 0.16, 0.17, 0.16, 0.16, 895300.0, 0.16
2014-10-17, 0.17, 0.18, 0.17, 0.17, 1175700.0, 0.17
2014-10-20, 0.17, 0.2, 0.17, 0.19, 2678000.0, 0.19
2014-10-21, 0.2, 0.2, 0.17, 0.18, 4020900.0, 0.18
2014-10-22, 0.18, 0.18, 0.17, 0.17, 1247800.0, 0.17
2014-10-23, 0.17, 0.18, 0.15, 0.18, 972800.0, 0.18
2014-10-24, 0.18, 0.18, 0.16, 0.17, 220600.0, 0.17
2014-10-27, 0.17, 0.18, 0.16, 0.16, 739800.0, 0.16
2014-10-28, 0.17, 0.17, 0.16, 0.16, 293900.0, 0.16
2014-10-29, 0.16, 0.17, 0.15, 0.15, 766400.0, 0.15
2014-10-30, 0.15, 0.16, 0.14, 0.15, 1196000.0, 0.15
2014-10-31, 0.14, 0.15, 0.13, 0.14, 2116300.0, 0.14
2014-11-03, 0.14, 0.15, 0.13, 0.13, 445700.0, 0.13
2014-11-04, 0.14, 0.17, 0.14, 0.15, 3574000.0, 0.15
2014-11-05, 0.15, 0.17, 0.14, 0.15, 2235000.0, 0.15
2014-11-06, 0.15, 0.17, 0.15, 0.15, 812900.0, 0.15
2014-11-07, 0.16, 0.17, 0.15, 0.15, 1008400.0, 0.15
2014-11-10, 0.16, 0.17, 0.15, 0.15, 672100.0, 0.15
2014-11-11, 0.15, 0.19, 0.15, 0.17, 1274600.0, 0.17
2014-11-12, 0.17, 0.18, 0.17, 0.18, 982600.0, 0.18
2014-11-13, 0.18, 0.18, 0.15, 0.17, 551500.0, 0.17
2014-11-14, 0.16, 0.18, 0.16, 0.17, 1618600.0, 0.17
2014-11-17, 0.18, 0.19, 0.17, 0.18, 750500.0, 0.18
2014-11-18, 0.18, 0.19, 0.17, 0.17, 1801100.0, 0.17
2014-11-19, 0.18, 0.18, 0.16, 0.17, 1167600.0, 0.17
2014-11-20, 0.16, 0.17, 0.16, 0.17, 847600.0, 0.17
2014-11-21, 0.16, 0.17, 0.16, 0.17, 742800.0, 0.17
2014-11-24, 0.17, 0.17, 0.16, 0.16, 920400.0, 0.16
2014-11-25, 0.16, 0.16, 0.16, 0.16, 1197200.0, 0.16
2014-11-26, 0.16, 0.16, 0.15, 0.16, 719400.0, 0.16
2014-11-28, 0.15, 0.16, 0.14, 0.15, 490500.0, 0.15
2014-12-01, 0.15, 0.15, 0.14, 0.15, 1165800.0, 0.15
2014-12-02, 0.15, 0.15, 0.13, 0.13, 938900.0, 0.13
2014-12-03, 0.14, 0.14, 0.14, 0.14, 954000.0, 0.14
2014-12-04, 0.14, 0.14, 0.13, 0.14, 485300.0, 0.14
2014-12-05, 0.14, 0.15, 0.13, 0.14, 559400.0, 0.14
2014-12-08, 0.14, 0.14, 0.13, 0.14, 525500.0, 0.14
2014-12-09, 0.14, 0.16, 0.14, 0.15, 855200.0, 0.15
2014-12-10, 0.15, 0.17, 0.15, 0.16, 984900.0, 0.16
2014-12-11, 0.16, 0.17, 0.13, 0.14, 2033000.0, 0.14
2014-12-12, 0.14, 0.14, 0.13, 0.14, 747000.0, 0.14
2014-12-15, 0.14, 0.14, 0.13, 0.13, 843000.0, 0.13
2014-12-16, 0.13, 0.14, 0.12, 0.14, 1272700.0, 0.14
2014-12-17, 0.13, 0.14, 0.13, 0.14, 1534100.0, 0.14
2014-12-18, 0.13, 0.13, 0.13, 0.13, 927100.0, 0.13
2014-12-19, 0.13, 0.13, 0.13, 0.13, 703300.0, 0.13
2014-12-22, 0.13, 0.13, 0.12, 0.13, 1185300.0, 0.13
2014-12-23, 0.13, 0.13, 0.12, 0.13, 606100.0, 0.13
2014-12-24, 0.13, 0.13, 0.12, 0.13, 404700.0, 0.13
2014-12-26, 0.14, 0.16, 0.14, 0.15, 2837300.0, 0.15
2014-12-29, 0.13, 0.14, 0.13, 0.13, 2342700.0, 0.13
2014-12-30, 0.13, 0.14, 0.13, 0.14, 1257400.0, 0.14
2014-12-31, 0.14, 0.14, 0.13, 0.14, 946900.0, 0.14
2015-01-02, 0.13, 0.14, 0.13, 0.14, 414900.0, 0.14
2015-01-05, 0.14, 0.14, 0.13, 0.13, 2317500.0, 0.13
2015-01-06, 0.13, 0.14, 0.13, 0.14, 1701100.0, 0.14
2015-01-07, 0.13, 0.16, 0.13, 0.14, 2493400.0, 0.14
2015-01-08, 0.15, 0.16, 0.14, 0.15, 2376700.0, 0.15
2015-01-09, 0.16, 0.16, 0.15, 0.16, 2296500.0, 0.16
2015-01-12, 0.16, 0.18, 0.16, 0.17, 3653000.0, 0.17
2015-01-13, 0.18, 0.18, 0.16, 0.17, 2085100.0, 0.17
2015-01-14, 0.17, 0.18, 0.16, 0.16, 1307600.0, 0.16
2015-01-15, 0.18, 0.18, 0.16, 0.17, 1473400.0, 0.17
2015-01-16, 0.18, 0.18, 0.16, 0.17, 1388300.0, 0.17
2015-01-20, 0.17, 0.18, 0.15, 0.17, 2341500.0, 0.17
2015-01-21, 0.17, 0.17, 0.15, 0.16, 1594600.0, 0.16
2015-01-22, 0.16, 0.16, 0.15, 0.16, 611300.0, 0.16
2015-01-23, 0.16, 0.16, 0.15, 0.16, 637500.0, 0.16
2015-01-26, 0.15, 0.16, 0.15, 0.15, 1005000.0, 0.15
2015-01-27, 0.15, 0.15, 0.15, 0.15, 584600.0, 0.15
2015-01-28, 0.14, 0.15, 0.14, 0.15, 538500.0, 0.15
2015-01-29, 0.15, 0.15, 0.14, 0.14, 763700.0, 0.14
2015-01-30, 0.14, 0.15, 0.14, 0.15, 306600.0, 0.15
2015-02-02, 0.15, 0.15, 0.14, 0.15, 988500.0, 0.15
2015-02-03, 0.16, 0.16, 0.14, 0.15, 942600.0, 0.15
2015-02-04, 0.15, 0.16, 0.15, 0.16, 175200.0, 0.16
2015-02-05, 0.16, 0.16, 0.15, 0.16, 602800.0, 0.16
2015-02-06, 0.15, 0.15, 0.14, 0.15, 863700.0, 0.15
2015-02-09, 0.15, 0.16, 0.14, 0.15, 860800.0, 0.15
2015-02-10, 0.15, 0.16, 0.14, 0.15, 206000.0, 0.15
2015-02-11, 0.14, 0.15, 0.14, 0.15, 378300.0, 0.15
2015-02-12, 0.14, 0.15, 0.14, 0.14, 710800.0, 0.14
2015-02-13, 0.15, 0.15, 0.14, 0.14, 787500.0, 0.14
2015-02-17, 0.15, 0.15, 0.14, 0.15, 851100.0, 0.15
2015-02-18, 0.15, 0.15, 0.14, 0.14, 404800.0, 0.14
2015-02-19, 0.15, 0.16, 0.15, 0.16, 846200.0, 0.16
2015-02-20, 0.16, 0.16, 0.14, 0.15, 1844900.0, 0.15
2015-02-23, 0.15, 0.15, 0.15, 0.15, 440900.0, 0.15
2015-02-24, 0.15, 0.15, 0.14, 0.15, 443600.0, 0.15
2015-02-25, 0.15, 0.16, 0.14, 0.15, 1870000.0, 0.15
2015-02-26, 0.16, 0.16, 0.15, 0.15, 1954700.0, 0.15
2015-02-27, 0.15, 0.24, 0.15, 0.21, 1.0149E7, 0.21
2015-03-02, 0.25, 0.26, 0.21, 0.22, 7931500.0, 0.22
2015-03-03, 0.22, 0.23, 0.21, 0.21, 2353000.0, 0.21
2015-03-04, 0.21, 0.22, 0.2, 0.21, 1761500.0, 0.21
2015-03-05, 0.21, 0.24, 0.21, 0.22, 1504700.0, 0.22
2015-03-06, 0.22, 0.22, 0.18, 0.19, 3084800.0, 0.19
2015-03-09, 0.19, 0.19, 0.16, 0.17, 2605700.0, 0.17
2015-03-10, 0.17, 0.17, 0.15, 0.15, 2052700.0, 0.15
2015-03-11, 0.16, 0.18, 0.15, 0.18, 1914300.0, 0.18
2015-03-12, 0.18, 0.18, 0.16, 0.16, 2175900.0, 0.16
2015-03-13, 0.17, 0.17, 0.15, 0.16, 1157100.0, 0.16
2015-03-16, 0.18, 0.18, 0.16, 0.17, 900600.0, 0.17
2015-03-17, 0.18, 0.18, 0.16, 0.17, 608200.0, 0.17
2015-03-18, 0.17, 0.19, 0.16, 0.19, 1723500.0, 0.19
2015-03-19, 0.19, 0.2, 0.17, 0.2, 1552400.0, 0.2
2015-03-20, 0.2, 0.22, 0.19, 0.22, 3676500.0, 0.22
2015-03-23, 0.22, 0.22, 0.21, 0.22, 1433400.0, 0.22
2015-03-24, 0.21, 0.22, 0.21, 0.21, 756600.0, 0.21
2015-03-25, 0.21, 0.22, 0.2, 0.22, 694000.0, 0.22
2015-03-26, 0.22, 0.22, 0.21, 0.22, 574500.0, 0.22
2015-03-27, 0.22, 0.22, 0.2, 0.22, 570100.0, 0.22
2015-03-30, 0.21, 0.21, 0.19, 0.2, 1131700.0, 0.2
2015-03-31, 0.19, 0.21, 0.19, 0.2, 826400.0, 0.2
2015-04-01, 0.2, 0.21, 0.19, 0.21, 1600000.0, 0.21
2015-04-02, 0.21, 0.22, 0.2, 0.2, 1452200.0, 0.2
2015-04-06, 0.2, 0.24, 0.2, 0.23, 4923200.0, 0.23
2015-04-07, 0.24, 0.25, 0.22, 0.22, 5147200.0, 0.22
2015-04-08, 0.22, 0.24, 0.2, 0.22, 2314400.0, 0.22
2015-04-09, 0.21, 0.23, 0.21, 0.22, 1134100.0, 0.22
2015-04-10, 0.22, 0.23, 0.22, 0.23, 1155100.0, 0.23
2015-04-13, 0.23, 0.23, 0.21, 0.22, 1206700.0, 0.22
2015-04-14, 0.22, 0.22, 0.21, 0.21, 617800.0, 0.21
2015-04-15, 0.21, 0.22, 0.21, 0.21, 1383300.0, 0.21
2015-04-16, 0.21, 0.22, 0.21, 0.21, 770400.0, 0.21
2015-04-17, 0.21, 0.21, 0.2, 0.2, 843800.0, 0.2
2015-04-20, 0.2, 0.2, 0.2, 0.2, 1123900.0, 0.2
2015-04-21, 0.2, 0.22, 0.19, 0.21, 2052200.0, 0.21
2015-04-22, 0.21, 0.21, 0.2, 0.2, 826600.0, 0.2
2015-04-23, 0.21, 0.23, 0.2, 0.22, 2576800.0, 0.22
2015-04-24, 0.22, 0.22, 0.2, 0.21, 962500.0, 0.21
2015-04-27, 0.22, 0.22, 0.21, 0.21, 1004600.0, 0.21
2015-04-28, 0.22, 0.23, 0.21, 0.22, 1572900.0, 0.22
2015-04-29, 0.22, 0.24, 0.22, 0.24, 2706100.0, 0.24
2015-04-30, 0.23, 0.25, 0.22, 0.25, 3948300.0, 0.25
2015-05-01, 0.25, 0.26, 0.25, 0.25, 3256400.0, 0.25
2015-05-04, 0.25, 0.26, 0.24, 0.25, 2992700.0, 0.25
2015-05-05, 0.25, 0.25, 0.23, 0.24, 1853400.0, 0.24
2015-05-06, 0.25, 0.25, 0.23, 0.25, 1143900.0, 0.25
2015-05-07, 0.24, 0.25, 0.23, 0.25, 1447100.0, 0.25
2015-05-08, 0.25, 0.25, 0.24, 0.25, 1079400.0, 0.25
2015-05-11, 0.25, 0.25, 0.24, 0.25, 1193600.0, 0.25
2015-05-12, 0.25, 0.25, 0.24, 0.24, 968300.0, 0.24
2015-05-13, 0.24, 0.26, 0.24, 0.26, 3960700.0, 0.26
2015-05-14, 0.31, 0.35, 0.3, 0.34, 1.28161E7, 0.34
2015-05-15, 0.35, 0.35, 0.31, 0.31, 7045000.0, 0.31
2015-05-18, 0.33, 0.4, 0.31, 0.38, 7098700.0, 0.38
2015-05-19, 0.36, 0.39, 0.34, 0.36, 6814900.0, 0.36
2015-05-20, 0.38, 0.38, 0.35, 0.37, 3192200.0, 0.37
2015-05-21, 0.38, 0.38, 0.35, 0.35, 2239600.0, 0.35
2015-05-22, 0.35, 0.38, 0.35, 0.37, 2639900.0, 0.37
2015-05-26, 0.36, 0.37, 0.34, 0.36, 2127600.0, 0.36
2015-05-27, 0.36, 0.36, 0.33, 0.35, 2852300.0, 0.35
2015-05-28, 0.35, 0.36, 0.34, 0.35, 2280000.0, 0.35
2015-05-29, 0.35, 0.35, 0.34, 0.35, 950900.0, 0.35
2015-06-01, 0.35, 0.35, 0.32, 0.32, 3396600.0, 0.32
2015-06-02, 0.33, 0.33, 0.31, 0.32, 1080200.0, 0.32
2015-06-03, 0.31, 0.32, 0.27, 0.31, 4717100.0, 0.31
2015-06-04, 0.3, 0.31, 0.29, 0.31, 2490900.0, 0.31
2015-06-05, 0.3, 0.32, 0.3, 0.31, 1050000.0, 0.31
2015-06-08, 0.34, 0.35, 0.32, 0.34, 1742100.0, 0.34
2015-06-09, 0.34, 0.34, 0.31, 0.32, 1117300.0, 0.32
2015-06-10, 0.33, 0.34, 0.33, 0.34, 1329900.0, 0.34
2015-06-11, 0.34, 0.38, 0.33, 0.36, 2933400.0, 0.36
2015-06-12, 0.37, 0.38, 0.36, 0.37, 1674400.0, 0.37
2015-06-15, 0.38, 0.39, 0.35, 0.37, 2183100.0, 0.37
2015-06-16, 0.37, 0.37, 0.34, 0.35, 1512200.0, 0.35
2015-06-17, 0.37, 0.37, 0.34, 0.36, 1432800.0, 0.36
2015-06-18, 0.36, 0.38, 0.35, 0.36, 2256100.0, 0.36
2015-06-19, 0.36, 0.36, 0.35, 0.35, 1105100.0, 0.35
2015-06-22, 0.35, 0.35, 0.31, 0.32, 2922800.0, 0.32
2015-06-23, 0.32, 0.33, 0.31, 0.31, 1591700.0, 0.31
2015-06-24, 0.31, 0.33, 0.31, 0.32, 1076300.0, 0.32
2015-06-25, 0.32, 0.33, 0.32, 0.32, 842800.0, 0.32
2015-06-26, 0.32, 0.33, 0.31, 0.31, 930900.0, 0.31
2015-06-29, 0.32, 0.33, 0.3, 0.31, 1283200.0, 0.31
2015-06-30, 0.31, 0.33, 0.3, 0.32, 889200.0, 0.32
2015-07-01, 0.32, 0.33, 0.3, 0.31, 1469500.0, 0.31
2015-07-02, 0.32, 0.33, 0.31, 0.33, 2116900.0, 0.33
2015-07-06, 0.32, 0.34, 0.32, 0.34, 1565000.0, 0.34
2015-07-07, 0.34, 0.34, 0.3, 0.32, 2745500.0, 0.32
2015-07-08, 0.32, 0.33, 0.31, 0.32, 880400.0, 0.32
2015-07-09, 0.32, 0.33, 0.32, 0.33, 1085700.0, 0.33
2015-07-10, 0.34, 0.34, 0.31, 0.32, 1518400.0, 0.32
2015-07-13, 0.3, 0.32, 0.29, 0.32, 1620400.0, 0.32
2015-07-14, 0.32, 0.32, 0.31, 0.31, 490000.0, 0.31
2015-07-15, 0.3, 0.31, 0.29, 0.31, 674200.0, 0.31
2015-07-16, 0.3, 0.31, 0.28, 0.3, 1748500.0, 0.3
2015-07-17, 0.28, 0.29, 0.25, 0.28, 3385400.0, 0.28
2015-07-20, 0.25, 0.26, 0.22, 0.23, 5050500.0, 0.23
2015-07-21, 0.23, 0.25, 0.22, 0.23, 3146500.0, 0.23
2015-07-22, 0.22, 0.22, 0.2, 0.21, 4552200.0, 0.21
2015-07-23, 0.22, 0.22, 0.2, 0.2, 1924800.0, 0.2
2015-07-24, 0.2, 0.23, 0.19, 0.23, 3794600.0, 0.23
2015-07-27, 0.23, 0.25, 0.21, 0.22, 2424100.0, 0.22
2015-07-28, 0.23, 0.24, 0.22, 0.23, 546700.0, 0.23
2015-07-29, 0.23, 0.24, 0.22, 0.23, 495100.0, 0.23
2015-07-30, 0.22, 0.23, 0.22, 0.22, 796600.0, 0.22
2015-07-31, 0.22, 0.23, 0.21, 0.22, 1088100.0, 0.22
2015-08-03, 0.21, 0.22, 0.2, 0.21, 895900.0, 0.21
2015-08-04, 0.21, 0.22, 0.2, 0.2, 893100.0, 0.2
2015-08-05, 0.21, 0.21, 0.19, 0.19, 1948700.0, 0.19
2015-08-06, 0.19, 0.23, 0.19, 0.22, 1907400.0, 0.22
2015-08-07, 0.22, 0.23, 0.22, 0.22, 1413000.0, 0.22
2015-08-10, 0.22, 0.24, 0.2, 0.22, 2567800.0, 0.22
2015-08-11, 0.23, 0.23, 0.22, 0.23, 615700.0, 0.23
2015-08-12, 0.23, 0.25, 0.23, 0.24, 1968300.0, 0.24
2015-08-13, 0.23, 0.23, 0.2, 0.21, 2967300.0, 0.21
2015-08-14, 0.21, 0.22, 0.2, 0.2, 876000.0, 0.2
2015-08-17, 0.2, 0.21, 0.19, 0.2, 1375400.0, 0.2
2015-08-18, 0.2, 0.2, 0.17, 0.18, 2662900.0, 0.18
2015-08-19, 0.18, 0.19, 0.18, 0.18, 1249900.0, 0.18
2015-08-20, 0.19, 0.21, 0.19, 0.2, 2130300.0, 0.2
2015-08-21, 0.2, 0.21, 0.19, 0.19, 1581000.0, 0.19
2015-08-24, 0.18, 0.2, 0.17, 0.2, 1885400.0, 0.2
2015-08-25, 0.19, 0.2, 0.18, 0.19, 1340400.0, 0.19
2015-08-26, 0.18, 0.19, 0.18, 0.18, 1145700.0, 0.18
2015-08-27, 0.18, 0.19, 0.18, 0.18, 1189400.0, 0.18
2015-08-28, 0.19, 0.2, 0.18, 0.19, 642800.0, 0.19
2015-08-31, 0.19, 0.19, 0.18, 0.18, 1064900.0, 0.18
2015-09-01, 0.19, 0.2, 0.18, 0.19, 958000.0, 0.19
2015-09-02, 0.19, 0.19, 0.18, 0.18, 698800.0, 0.18
2015-09-03, 0.18, 0.18, 0.18, 0.18, 689500.0, 0.18
2015-09-04, 0.18, 0.18, 0.18, 0.18, 259500.0, 0.18
2015-09-08, 0.18, 0.19, 0.18, 0.18, 676800.0, 0.18
2015-09-09, 0.18, 0.19, 0.18, 0.18, 860100.0, 0.18
2015-09-10, 0.18, 0.19, 0.18, 0.18, 557200.0, 0.18
2015-09-11, 0.18, 0.18, 0.18, 0.18, 601000.0, 0.18
2015-09-14, 0.18, 0.19, 0.18, 0.19, 674100.0, 0.19
2015-09-15, 0.18, 0.19, 0.18, 0.19, 427400.0, 0.19
2015-09-16, 0.18, 0.19, 0.18, 0.19, 744300.0, 0.19
2015-09-17, 0.19, 0.19, 0.18, 0.19, 1025400.0, 0.19
2015-09-18, 0.19, 0.2, 0.18, 0.19, 611500.0, 0.19
2015-09-21, 0.19, 0.2, 0.18, 0.19, 608100.0, 0.19
2015-09-22, 0.18, 0.19, 0.18, 0.18, 942400.0, 0.18
2015-09-23, 0.19, 0.19, 0.18, 0.18, 591900.0, 0.18
2015-09-24, 0.18, 0.19, 0.18, 0.18, 686200.0, 0.18
2015-09-25, 0.18, 0.18, 0.17, 0.17, 836000.0, 0.17
2015-09-28, 0.17, 0.17, 0.15, 0.16, 1590400.0, 0.16
2015-09-29, 0.16, 0.17, 0.16, 0.17, 427200.0, 0.17
2015-09-30, 0.16, 0.17, 0.15, 0.17, 1092900.0, 0.17
2015-10-01, 0.16, 0.17, 0.16, 0.17, 282500.0, 0.17
2015-10-02, 0.18, 0.18, 0.17, 0.18, 663600.0, 0.18
2015-10-05, 0.18, 0.18, 0.17, 0.17, 801700.0, 0.17
2015-10-06, 0.17, 0.18, 0.17, 0.17, 659500.0, 0.17
2015-10-07, 0.18, 0.18, 0.17, 0.18, 529800.0, 0.18
2015-10-08, 0.18, 0.18, 0.18, 0.18, 825500.0, 0.18
2015-10-09, 0.19, 0.19, 0.18, 0.18, 840000.0, 0.18
2015-10-12, 0.19, 0.21, 0.19, 0.2, 1367200.0, 0.2
2015-10-13, 0.19, 0.2, 0.18, 0.19, 1261700.0, 0.19
2015-10-14, 0.19, 0.21, 0.19, 0.21, 1926800.0, 0.21
2015-10-15, 0.21, 0.23, 0.2, 0.23, 3426600.0, 0.23
2015-10-16, 0.23, 0.23, 0.21, 0.21, 776800.0, 0.21
2015-10-19, 0.21, 0.22, 0.2, 0.21, 1217600.0, 0.21
2015-10-20, 0.2, 0.21, 0.2, 0.2, 460300.0, 0.2
2015-10-21, 0.2, 0.2, 0.19, 0.19, 380500.0, 0.19
2015-10-22, 0.2, 0.2, 0.19, 0.19, 373700.0, 0.19
2015-10-23, 0.2, 0.22, 0.2, 0.21, 2009100.0, 0.21
2015-10-26, 0.21, 0.22, 0.21, 0.22, 843800.0, 0.22
2015-10-27, 0.21, 0.22, 0.2, 0.21, 518600.0, 0.21
2015-10-28, 0.21, 0.22, 0.21, 0.21, 1182500.0, 0.21
2015-10-29, 0.21, 0.21, 0.2, 0.21, 654500.0, 0.21
2015-10-30, 0.2, 0.21, 0.2, 0.2, 442100.0, 0.2
2015-11-02, 0.2, 0.2, 0.18, 0.2, 739300.0, 0.2
2015-11-03, 0.2, 0.2, 0.18, 0.19, 890400.0, 0.19
2015-11-04, 0.19, 0.19, 0.18, 0.18, 699100.0, 0.18
2015-11-05, 0.18, 0.19, 0.18, 0.18, 954600.0, 0.18
2015-11-06, 0.17, 0.18, 0.17, 0.18, 1078800.0, 0.18
2015-11-09, 0.18, 0.19, 0.17, 0.18, 812000.0, 0.18
2015-11-10, 0.18, 0.19, 0.18, 0.18, 384500.0, 0.18
2015-11-11, 0.18, 0.18, 0.18, 0.18, 592300.0, 0.18
2015-11-12, 0.18, 0.19, 0.17, 0.19, 1425100.0, 0.19
2015-11-13, 0.19, 0.19, 0.18, 0.18, 1178500.0, 0.18
2015-11-16, 0.18, 0.18, 0.18, 0.18, 236300.0, 0.18
2015-11-17, 0.18, 0.18, 0.17, 0.17, 586600.0, 0.17
2015-11-18, 0.17, 0.18, 0.17, 0.18, 638200.0, 0.18
2015-11-19, 0.18, 0.19, 0.18, 0.18, 1255500.0, 0.18
2015-11-20, 0.18, 0.19, 0.18, 0.18, 561500.0, 0.18
2015-11-23, 0.17, 0.18, 0.17, 0.17, 467300.0, 0.17
2015-11-24, 0.18, 0.18, 0.17, 0.18, 407800.0, 0.18
2015-11-25, 0.17, 0.18, 0.17, 0.18, 307700.0, 0.18
2015-11-27, 0.18, 0.18, 0.17, 0.18, 172100.0, 0.18
2015-11-30, 0.17, 0.18, 0.17, 0.18, 441700.0, 0.18
2015-12-01, 0.17, 0.18, 0.17, 0.18, 454200.0, 0.18
2015-12-02, 0.18, 0.18, 0.17, 0.17, 346100.0, 0.17
2015-12-03, 0.18, 0.18, 0.17, 0.18, 430800.0, 0.18
2015-12-04, 0.18, 0.19, 0.18, 0.18, 961200.0, 0.18
2015-12-07, 0.19, 0.19, 0.17, 0.18, 344900.0, 0.18
2015-12-08, 0.18, 0.18, 0.17, 0.18, 307800.0, 0.18
2015-12-09, 0.18, 0.18, 0.17, 0.17, 446200.0, 0.17
2015-12-10, 0.18, 0.18, 0.17, 0.18, 935000.0, 0.18
2015-12-11, 0.18, 0.18, 0.17, 0.18, 402300.0, 0.18
2015-12-14, 0.18, 0.18, 0.16, 0.17, 771700.0, 0.17
2015-12-15, 0.17, 0.17, 0.15, 0.16, 750300.0, 0.16
2015-12-16, 0.17, 0.17, 0.16, 0.17, 638200.0, 0.17
2015-12-17, 0.17, 0.17, 0.16, 0.16, 455900.0, 0.16
2015-12-18, 0.17, 0.17, 0.16, 0.16, 316600.0, 0.16
2015-12-21, 0.17, 0.17, 0.16, 0.17, 284600.0, 0.17
2015-12-22, 0.17, 0.17, 0.16, 0.17, 96900.0, 0.17
2015-12-23, 0.17, 0.17, 0.16, 0.17, 249100.0, 0.17
2015-12-24, 0.16, 0.18, 0.16, 0.18, 372700.0, 0.18
2015-12-28, 0.17, 0.18, 0.17, 0.17, 154100.0, 0.17
2015-12-29, 0.17, 0.18, 0.17, 0.18, 531900.0, 0.18
2015-12-30, 0.18, 0.19, 0.18, 0.19, 349100.0, 0.19
2015-12-31, 0.2, 0.21, 0.19, 0.2, 1098500.0, 0.2
2016-01-04, 0.21, 0.22, 0.2, 0.21, 874000.0, 0.21
2016-01-05, 0.21, 0.21, 0.2, 0.2, 652600.0, 0.2
2016-01-06, 0.21, 0.21, 0.2, 0.2, 518900.0, 0.2
2016-01-07, 0.21, 0.22, 0.2, 0.22, 1064000.0, 0.22
2016-01-08, 0.21, 0.21, 0.2, 0.21, 575800.0, 0.21
2016-01-11, 0.22, 0.22, 0.18, 0.19, 1254400.0, 0.19
2016-01-12, 0.2, 0.2, 0.17, 0.18, 1309800.0, 0.18
2016-01-13, 0.18, 0.18, 0.17, 0.18, 496400.0, 0.18
2016-01-14, 0.18, 0.18, 0.15, 0.15, 1066600.0, 0.15
2016-01-15, 0.17, 0.17, 0.16, 0.16, 1063900.0, 0.16
2016-01-19, 0.17, 0.17, 0.16, 0.16, 615600.0, 0.16
2016-01-20, 0.16, 0.16, 0.15, 0.16, 914600.0, 0.16
2016-01-21, 0.16, 0.16, 0.16, 0.16, 479600.0, 0.16
2016-01-22, 0.16, 0.17, 0.16, 0.16, 365200.0, 0.16
2016-01-25, 0.16, 0.17, 0.15, 0.16, 785300.0, 0.16
2016-01-26, 0.16, 0.17, 0.16, 0.17, 1513500.0, 0.17
2016-01-27, 0.17, 0.17, 0.16, 0.17, 493800.0, 0.17
2016-01-28, 0.17, 0.17, 0.16, 0.17, 468300.0, 0.17
2016-01-29, 0.17, 0.18, 0.16, 0.17, 880000.0, 0.17
2016-02-01, 0.17, 0.18, 0.17, 0.18, 436900.0, 0.18
2016-02-02, 0.18, 0.18, 0.16, 0.17, 283000.0, 0.17
2016-02-03, 0.17, 0.18, 0.17, 0.18, 1299600.0, 0.18
2016-02-04, 0.19, 0.2, 0.18, 0.18, 1171300.0, 0.18
2016-02-05, 0.18, 0.19, 0.16, 0.19, 1057600.0, 0.19
2016-02-08, 0.2, 0.21, 0.2, 0.2, 2197100.0, 0.2
2016-02-09, 0.21, 0.21, 0.18, 0.18, 1373600.0, 0.18
2016-02-10, 0.18, 0.18, 0.17, 0.17, 1934900.0, 0.17
2016-02-11, 0.19, 0.2, 0.18, 0.19, 2696800.0, 0.19
2016-02-12, 0.19, 0.22, 0.18, 0.21, 2155300.0, 0.21
2016-02-16, 0.2, 0.22, 0.2, 0.2, 2862200.0, 0.2
2016-02-17, 0.21, 0.22, 0.21, 0.21, 1148700.0, 0.21
2016-02-18, 0.21, 0.23, 0.2, 0.22, 1606100.0, 0.22
2016-02-19, 0.23, 0.24, 0.22, 0.23, 2827900.0, 0.23
2016-02-22, 0.24, 0.27, 0.22, 0.26, 2800500.0, 0.26
2016-02-23, 0.27, 0.3, 0.27, 0.29, 4943800.0, 0.29
2016-02-24, 0.3, 0.32, 0.27, 0.28, 3822100.0, 0.28
2016-02-25, 0.28, 0.29, 0.27, 0.28, 1556300.0, 0.28
2016-02-26, 0.28, 0.28, 0.25, 0.26, 2238300.0, 0.26
2016-02-29, 0.26, 0.29, 0.26, 0.29, 1683500.0, 0.29
2016-03-01, 0.3, 0.3, 0.28, 0.29, 2042200.0, 0.29
2016-03-02, 0.29, 0.3, 0.29, 0.29, 1189500.0, 0.29
2016-03-03, 0.3, 0.31, 0.29, 0.31, 1895100.0, 0.31
2016-03-04, 0.31, 0.32, 0.29, 0.3, 2623800.0, 0.3
2016-03-07, 0.3, 0.31, 0.28, 0.3, 1603700.0, 0.3
2016-03-08, 0.28, 0.29, 0.27, 0.27, 896300.0, 0.27
2016-03-09, 0.28, 0.28, 0.26, 0.27, 1976000.0, 0.27
2016-03-10, 0.28, 0.29, 0.27, 0.29, 1211500.0, 0.29
2016-03-11, 0.29, 0.29, 0.27, 0.29, 1866500.0, 0.29
2016-03-14, 0.29, 0.29, 0.27, 0.28, 764600.0, 0.28
2016-03-15, 0.27, 0.29, 0.27, 0.28, 892900.0, 0.28
2016-03-16, 0.28, 0.3, 0.27, 0.3, 1475200.0, 0.3
2016-03-17, 0.31, 0.31, 0.29, 0.31, 1627900.0, 0.31
2016-03-18, 0.3, 0.3, 0.29, 0.29, 345000.0, 0.29
2016-03-21, 0.3, 0.3, 0.28, 0.29, 381500.0, 0.29
2016-03-22, 0.3, 0.31, 0.29, 0.29, 1237100.0, 0.29
2016-03-23, 0.29, 0.29, 0.27, 0.28, 769800.0, 0.28
2016-03-24, 0.29, 0.29, 0.27, 0.28, 1005800.0, 0.28
2016-03-28, 0.28, 0.29, 0.27, 0.28, 799300.0, 0.28
2016-03-29, 0.28, 0.3, 0.26, 0.27, 2205800.0, 0.27
2016-03-30, 0.27, 0.27, 0.25, 0.25, 1420200.0, 0.25
2016-03-31, 0.25, 0.27, 0.25, 0.26, 791300.0, 0.26
2016-04-01, 0.25, 0.26, 0.24, 0.26, 847400.0, 0.26
2016-04-04, 0.26, 0.26, 0.25, 0.25, 319600.0, 0.25
2016-04-05, 0.26, 0.27, 0.25, 0.25, 384100.0, 0.25
2016-04-06, 0.24, 0.26, 0.23, 0.25, 1016400.0, 0.25
2016-04-07, 0.25, 0.27, 0.25, 0.25, 875800.0, 0.25
2016-04-08, 0.26, 0.27, 0.25, 0.27, 1142900.0, 0.27
2016-04-11, 0.28, 0.29, 0.26, 0.28, 2635700.0, 0.28
2016-04-12, 0.29, 0.29, 0.28, 0.29, 721600.0, 0.29
2016-04-13, 0.29, 0.29, 0.27, 0.28, 621200.0, 0.28
2016-04-14, 0.27, 0.28, 0.26, 0.27, 1220100.0, 0.27
2016-04-15, 0.26, 0.27, 0.26, 0.27, 1261700.0, 0.27
2016-04-18, 0.27, 0.28, 0.25, 0.27, 978300.0, 0.27
2016-04-19, 0.28, 0.28, 0.27, 0.28, 2438400.0, 0.28
2016-04-20, 0.28, 0.32, 0.28, 0.3, 2157500.0, 0.3
2016-04-21, 0.31, 0.31, 0.3, 0.31, 1278600.0, 0.31
2016-04-22, 0.31, 0.31, 0.3, 0.31, 2576700.0, 0.31
2016-04-25, 0.31, 0.34, 0.31, 0.33, 3516500.0, 0.33
2016-04-26, 0.33, 0.33, 0.32, 0.33, 1863400.0, 0.33
2016-04-27, 0.33, 0.33, 0.32, 0.32, 1078600.0, 0.32
2016-04-28, 0.33, 0.35, 0.32, 0.34, 2215300.0, 0.34
2016-04-29, 0.35, 0.38, 0.35, 0.37, 3205700.0, 0.37
2016-05-02, 0.39, 0.39, 0.36, 0.37, 2301800.0, 0.37
2016-05-03, 0.36, 0.38, 0.34, 0.34, 2020000.0, 0.34
2016-05-04, 0.35, 0.35, 0.3, 0.31, 2528600.0, 0.31
2016-05-05, 0.32, 0.33, 0.31, 0.32, 2351200.0, 0.32
2016-05-06, 0.33, 0.35, 0.33, 0.35, 1737200.0, 0.35
2016-05-09, 0.33, 0.34, 0.32, 0.33, 952300.0, 0.33
2016-05-10, 0.32, 0.34, 0.32, 0.34, 759100.0, 0.34
2016-05-11, 0.35, 0.36, 0.33, 0.34, 972500.0, 0.34
2016-05-12, 0.34, 0.34, 0.31, 0.32, 2330600.0, 0.32
2016-05-13, 0.32, 0.33, 0.31, 0.33, 1021400.0, 0.33
2016-05-16, 0.33, 0.34, 0.32, 0.34, 1418900.0, 0.34
2016-05-17, 0.35, 0.36, 0.35, 0.36, 1665600.0, 0.36
2016-05-18, 0.36, 0.36, 0.32, 0.34, 1563300.0, 0.34
2016-05-19, 0.31, 0.33, 0.3, 0.33, 2136900.0, 0.33
2016-05-20, 0.34, 0.34, 0.32, 0.32, 849200.0, 0.32
2016-05-23, 0.31, 0.32, 0.3, 0.3, 1813200.0, 0.3
2016-05-24, 0.3, 0.3, 0.28, 0.28, 2257700.0, 0.28
2016-05-25, 0.28, 0.3, 0.27, 0.3, 2217800.0, 0.3
2016-05-26, 0.3, 0.3, 0.28, 0.29, 819800.0, 0.29
2016-05-27, 0.29, 0.3, 0.28, 0.28, 1144500.0, 0.28
2016-05-31, 0.28, 0.28, 0.27, 0.28, 670300.0, 0.28
2016-06-01, 0.28, 0.29, 0.27, 0.28, 544200.0, 0.28
2016-06-02, 0.28, 0.29, 0.28, 0.28, 806400.0, 0.28
2016-06-03, 0.3, 0.31, 0.29, 0.3, 1337600.0, 0.3
2016-06-06, 0.31, 0.31, 0.29, 0.3, 1271100.0, 0.3
2016-06-07, 0.31, 0.31, 0.29, 0.3, 534300.0, 0.3
2016-06-08, 0.31, 0.32, 0.29, 0.31, 1771500.0, 0.31
2016-06-09, 0.32, 0.32, 0.3, 0.3, 741100.0, 0.3
2016-06-10, 0.31, 0.31, 0.3, 0.31, 818300.0, 0.31
2016-06-13, 0.31, 0.31, 0.28, 0.29, 1762700.0, 0.29
2016-06-14, 0.29, 0.3, 0.29, 0.29, 828400.0, 0.29
2016-06-15, 0.29, 0.31, 0.28, 0.3, 729400.0, 0.3
2016-06-16, 0.32, 0.33, 0.29, 0.3, 1838200.0, 0.3
2016-06-17, 0.3, 0.31, 0.29, 0.3, 596400.0, 0.3
2016-06-20, 0.29, 0.3, 0.28, 0.3, 447400.0, 0.3
2016-06-21, 0.29, 0.3, 0.28, 0.3, 979000.0, 0.3
2016-06-22, 0.29, 0.3, 0.28, 0.29, 321100.0, 0.29
2016-06-23, 0.28, 0.29, 0.28, 0.28, 240900.0, 0.28
2016-06-24, 0.32, 0.32, 0.28, 0.3, 2963100.0, 0.3
2016-06-27, 0.3, 0.3, 0.29, 0.3, 1134000.0, 0.3
2016-06-28, 0.3, 0.3, 0.28, 0.29, 548300.0, 0.29
2016-06-29, 0.29, 0.3, 0.29, 0.3, 990300.0, 0.3
2016-06-30, 0.31, 0.31, 0.28, 0.29, 1375700.0, 0.29
2016-07-01, 0.3, 0.32, 0.3, 0.32, 1521900.0, 0.32
2016-07-05, 0.32, 0.34, 0.32, 0.34, 1375700.0, 0.34
2016-07-06, 0.34, 0.38, 0.34, 0.38, 3478900.0, 0.38
